iter,buffer_size,mean_R,mean_raw_R,mean_oracle_raw_R,mean_len,mean_T,success_rate,q_loss,pi_loss,alpha,entropy,wall,reasons
1,2048,0.6551710367202759,0.36138568697074247,0.5312077838898174,45.7734375,142.2421875,0.123046875,0.2369113266468048,-0.9636589288711548,0.04997001588344574,2.689423084259033,5.779540300369263,pos_err_exceeded:549|joint_limit:287|max_steps:126|self_collision:59
10,11264,0.641476571559906,0.31473959530158857,0.47841505871438816,38.3486328125,136.265625,0.1025390625,0.15932530164718628,-0.7229493856430054,0.04970087110996246,2.7072067260742188,30.952560663223267,pos_err_exceeded:555|joint_limit:313|max_steps:105|self_collision:46
20,21504,0.6038689613342285,0.3597326972068438,0.5443309904933502,46.2294921875,140.015625,0.1630859375,0.148228719830513,-0.6883869171142578,0.04940390959382057,2.651804208755493,58.01055335998535,pos_err_exceeded:454|joint_limit:335|max_steps:167|self_collision:53
30,31744,0.5859155654907227,0.28383983973428073,0.4612822515717282,35.85546875,144.3984375,0.1142578125,0.1488094925880432,-0.7373976707458496,0.04910843074321747,2.702770471572876,85.77909469604492,pos_err_exceeded:530|joint_limit:274|max_steps:117|self_collision:99
40,41984,0.6124756336212158,0.35170249509572865,0.5608494189477831,39.697265625,130.9140625,0.1435546875,0.1588376760482788,-0.7065101265907288,0.048814527690410614,2.6441001892089844,113.18976044654846,pos_err_exceeded:526|joint_limit:273|max_steps:147|self_collision:77
50,52224,0.6159949898719788,0.33553699222271643,0.5200138909178806,42.4560546875,144.484375,0.1328125,0.1442008763551712,-0.7811460494995117,0.04852234572172165,2.6399688720703125,139.87579369544983,pos_err_exceeded:496|joint_limit:323|max_steps:136|self_collision:64
60,62464,0.6046541929244995,0.35094435313218586,0.5634462996830442,44.1962890625,141.9921875,0.130859375,0.15648776292800903,-0.773536205291748,0.04823226481676102,2.6692285537719727,166.49210238456726,pos_err_exceeded:499|joint_limit:327|max_steps:134|self_collision:62
70,72704,0.6085096597671509,0.3185202708280942,0.5359104413062018,42.1904296875,145.7734375,0.1279296875,0.15202303230762482,-0.705878496170044,0.047943875193595886,2.667041301727295,194.18825268745422,pos_err_exceeded:554|joint_limit:292|max_steps:131|self_collision:43
80,82944,0.5855063199996948,0.32149701522230567,0.5013310961460317,41.65234375,137.15625,0.1123046875,0.1446608155965805,-0.747230052947998,0.04765744507312775,2.60957670211792,221.15542697906494,pos_err_exceeded:522|joint_limit:302|max_steps:115|self_collision:79
90,93184,0.6298012733459473,0.3405180844622937,0.5338320389004297,45.328125,144.6484375,0.0869140625,0.14164824783802032,-0.7560428380966187,0.04737278074026108,2.681729793548584,249.7761037349701,pos_err_exceeded:602|joint_limit:269|max_steps:89|self_collision:52
100,103424,0.6280620098114014,0.35395733740713453,0.5351079737226248,46.1689453125,141.484375,0.1318359375,0.15224617719650269,-0.7381371259689331,0.04708928242325783,2.604656219482422,277.4545199871063,pos_err_exceeded:538|joint_limit:292|max_steps:135|self_collision:54
110,113664,0.6154767274856567,0.3828486925534941,0.5683091268863496,39.927734375,129.71875,0.1884765625,0.16366958618164062,-0.7239654064178467,0.04680877551436424,2.663224220275879,305.23383593559265,pos_err_exceeded:435|joint_limit:338|max_steps:193|self_collision:56
120,123904,0.6179646253585815,0.32036196526836475,0.486275482959039,41.1318359375,145.2265625,0.1328125,0.15340448915958405,-0.7132992148399353,0.04652976244688034,2.629492998123169,333.57130336761475,pos_err_exceeded:517|joint_limit:264|max_steps:136|self_collision:99
130,134144,0.6311054229736328,0.35140629399621925,0.5227149456342026,43.7109375,140.3515625,0.1328125,0.14832554757595062,-0.8255383968353271,0.046252474188804626,2.4777402877807617,361.3873178958893,pos_err_exceeded:528|joint_limit:301|max_steps:136|self_collision:59
140,144384,0.612381100654602,0.33112153027684754,0.5253781553412865,42.1962890625,138.5,0.10546875,0.14044277369976044,-0.7800353169441223,0.0459773875772953,2.5553479194641113,389.35561442375183,pos_err_exceeded:544|joint_limit:325|max_steps:108|self_collision:38
150,154624,0.6722656488418579,0.3718535713279162,0.545114632324994,42.3447265625,130.8671875,0.1689453125,0.15985165536403656,-0.7418190240859985,0.04570417478680611,2.47377872467041,417.7623682022095,pos_err_exceeded:515|joint_limit:259|max_steps:173|self_collision:75
160,164864,0.6370978355407715,0.3445688119614753,0.517423284844567,43.5810546875,142.3203125,0.1484375,0.16536948084831238,-0.7177103757858276,0.04543238878250122,2.574526071548462,445.18034768104553,pos_err_exceeded:551|joint_limit:277|max_steps:152|self_collision:36
170,175104,0.5924490690231323,0.3181964220530241,0.4950172900013611,40.330078125,136.4140625,0.1044921875,0.14719316363334656,-0.741115391254425,0.04516252130270004,2.4783265590667725,472.7370047569275,pos_err_exceeded:546|joint_limit:276|max_steps:107|self_collision:77
180,185344,0.6012005805969238,0.3467117915657844,0.5032598214423483,39.0478515625,131.1875,0.14453125,0.14488506317138672,-0.768390953540802,0.04489465802907944,2.5522208213806152,501.0425777435303,pos_err_exceeded:521|joint_limit:265|max_steps:148|self_collision:78
190,195584,0.644221305847168,0.3296653238388602,0.5029655502548707,38.3115234375,140.40625,0.130859375,0.15517553687095642,-0.7818698287010193,0.04462861642241478,2.4522476196289062,528.0344338417053,pos_err_exceeded:540|joint_limit:311|max_steps:134|self_collision:31
200,200000,0.6201802492141724,0.34640828518543154,0.5499981135884978,41.45703125,134.328125,0.1474609375,0.14230698347091675,-0.770821213722229,0.04436382278800011,2.4856879711151123,555.5379445552826,pos_err_exceeded:516|joint_limit:280|max_steps:151|self_collision:60
210,200000,0.579673707485199,0.3180817690256629,0.5027111625238609,40.646484375,141.5859375,0.115234375,0.14918425679206848,-0.7332797646522522,0.044100988656282425,2.514324903488159,583.4376375675201,pos_err_exceeded:544|joint_limit:288|max_steps:118|self_collision:61
220,200000,0.6027147769927979,0.3069172829212751,0.47610197042046487,39.029296875,140.75,0.1015625,0.15455980598926544,-0.7396442890167236,0.04384031146764755,2.5243260860443115,611.2969632148743,pos_err_exceeded:525|joint_limit:324|max_steps:104|self_collision:63
230,200000,0.6458438038825989,0.3413058858277017,0.5268164295630595,42.1865234375,141.1796875,0.1484375,0.15022531151771545,-0.8341643810272217,0.043581053614616394,2.377243757247925,638.1251380443573,pos_err_exceeded:539|joint_limit:280|max_steps:152|self_collision:43
240,200000,0.6138102412223816,0.3352574686511044,0.5132326135875345,41.0556640625,139.859375,0.125,0.14320093393325806,-0.7709797620773315,0.04332328587770462,2.5304994583129883,665.6993887424469,pos_err_exceeded:498|joint_limit:330|max_steps:128|self_collision:62
250,200000,0.6225465536117554,0.3634875791458758,0.5475501341468502,42.685546875,135.3828125,0.1435546875,0.15303820371627808,-0.7199143767356873,0.043066587299108505,2.471576690673828,692.8825860023499,pos_err_exceeded:535|joint_limit:253|max_steps:147|self_collision:77
260,200000,0.6215240359306335,0.36950326409503964,0.574511499680565,42.638671875,136.015625,0.146484375,0.14555829763412476,-0.762556254863739,0.04281184822320938,2.47080659866333,719.611554145813,pos_err_exceeded:506|joint_limit:306|max_steps:150|self_collision:60
270,200000,0.6311136484146118,0.32051954634885543,0.4938215216638695,37.701171875,140.953125,0.12890625,0.14908689260482788,-0.7517349720001221,0.0425584502518177,2.4030470848083496,746.7787911891937,pos_err_exceeded:559|joint_limit:256|max_steps:132|self_collision:60
280,200000,0.6081027984619141,0.3523403285264609,0.5519491424221493,44.57421875,143.5625,0.150390625,0.14658254384994507,-0.720113217830658,0.042307574301958084,2.450806140899658,773.5746033191681,pos_err_exceeded:552|joint_limit:276|max_steps:154|self_collision:30
290,200000,0.646294355392456,0.3507057944117623,0.5154444757516733,44.5302734375,138.25,0.1279296875,0.1391599178314209,-0.7514357566833496,0.04205673560500145,2.3818440437316895,800.4232590198517,pos_err_exceeded:514|joint_limit:311|max_steps:131|self_collision:60
300,200000,0.645319938659668,0.35320423907412046,0.5102909840598,42.50390625,140.0546875,0.142578125,0.1451202630996704,-0.7593472003936768,0.04180826619267464,2.429020881652832,827.7962861061096,pos_err_exceeded:552|joint_limit:256|max_steps:146|self_collision:50
310,200000,0.6381450295448303,0.329844564500455,0.48381402750323554,38.830078125,137.1875,0.142578125,0.13669124245643616,-0.713653028011322,0.04156067594885826,2.501033306121826,854.5954756736755,pos_err_exceeded:566|joint_limit:250|max_steps:146|self_collision:42
320,200000,0.6226612329483032,0.3452923869549203,0.5090054116725992,38.9521484375,137.546875,0.134765625,0.14309322834014893,-0.7301610708236694,0.04131467640399933,2.395913600921631,881.5820384025574,pos_err_exceeded:534|joint_limit:292|max_steps:138|self_collision:52
330,200000,0.6750675439834595,0.3595558186517651,0.5202597123712308,47.3369140625,143.6875,0.12890625,0.14935636520385742,-0.742967963218689,0.04107053205370903,2.353475570678711,908.835691690445,pos_err_exceeded:548|joint_limit:285|max_steps:132|self_collision:49
340,200000,0.6580138206481934,0.3761242159140887,0.5593772133396144,43.44921875,131.671875,0.158203125,0.1478024274110794,-0.7354631423950195,0.04082769900560379,2.4904444217681885,935.8471477031708,pos_err_exceeded:528|joint_limit:282|max_steps:162|self_collision:51
350,200000,0.6667255163192749,0.3624863268119052,0.5192458682397009,47.6845703125,138.0703125,0.130859375,0.1462201476097107,-0.6945539712905884,0.040586408227682114,2.5696237087249756,963.0148837566376,pos_err_exceeded:573|joint_limit:270|max_steps:134|self_collision:46
360,200000,0.6489951610565186,0.3721624931097677,0.531158995432019,44.5859375,142.0234375,0.162109375,0.12578299641609192,-0.7481566667556763,0.040345560759305954,2.416750192642212,989.8986170291901,pos_err_exceeded:497|joint_limit:263|max_steps:166|self_collision:92
370,200000,0.6612406373023987,0.41372154370667635,0.5918127728725866,49.998046875,134.3828125,0.1904296875,0.13439887762069702,-0.7227728366851807,0.04010619595646858,2.415116310119629,1017.4005029201508,pos_err_exceeded:512|joint_limit:260|max_steps:195|self_collision:51
380,200000,0.644622266292572,0.3377968307700984,0.508651904622478,42.7607421875,143.078125,0.1123046875,0.14417937397956848,-0.7340340614318848,0.0398687869310379,2.3852453231811523,1044.8274726867676,pos_err_exceeded:566|joint_limit:278|max_steps:115|self_collision:62
390,200000,0.6421358585357666,0.35257530249746005,0.54074054516843,44.9892578125,136.671875,0.1474609375,0.13967366516590118,-0.7605943083763123,0.03963305056095123,2.386902332305908,1072.3829934597015,pos_err_exceeded:543|joint_limit:283|max_steps:151|self_collision:40
400,200000,0.6526777744293213,0.3503188206072649,0.4872181883261285,42.552734375,139.125,0.1640625,0.1446942389011383,-0.7203030586242676,0.0393981970846653,2.365115165710449,1099.8974614143372,pos_err_exceeded:526|joint_limit:269|max_steps:168|self_collision:55
410,200000,0.6653683185577393,0.35677379042010626,0.5208436477816865,46.6806640625,145.15625,0.14453125,0.1436174213886261,-0.7552309632301331,0.03916386887431145,2.4018728733062744,1126.9914169311523,pos_err_exceeded:525|joint_limit:290|max_steps:148|self_collision:56
420,200000,0.6397776007652283,0.33641692453640926,0.5131413749902021,39.0869140625,136.8203125,0.1279296875,0.14069131016731262,-0.749563455581665,0.0389314703643322,2.3784704208374023,1154.1776773929596,pos_err_exceeded:536|joint_limit:307|max_steps:131|self_collision:47
430,200000,0.6430392265319824,0.3420250216925221,0.5057144376151159,40.7509765625,138.9921875,0.1611328125,0.14148440957069397,-0.7319532632827759,0.03870050609111786,2.406132698059082,1180.6928062438965,pos_err_exceeded:510|joint_limit:273|max_steps:165|self_collision:59
440,200000,0.6304823160171509,0.34669470042620454,0.4954607456934241,42.7724609375,146.203125,0.158203125,0.15261894464492798,-0.6791616082191467,0.038471005856990814,2.322747230529785,1208.02756857872,pos_err_exceeded:526|joint_limit:244|max_steps:162|self_collision:69
450,200000,0.6503115892410278,0.34083150557271874,0.4958114226860149,39.919921875,137.0546875,0.1455078125,0.14187274873256683,-0.7747910618782043,0.03824330493807793,2.3939871788024902,1235.1715075969696,pos_err_exceeded:582|joint_limit:259|max_steps:149|self_collision:26
460,200000,0.6343615055084229,0.37391271851281216,0.5526792237290113,48.3671875,146.046875,0.1533203125,0.1369495391845703,-0.677490770816803,0.0380164310336113,2.499696969985962,1262.429720401764,pos_err_exceeded:494|joint_limit:319|max_steps:157|self_collision:45
470,200000,0.6287109851837158,0.29571905622779876,0.45589115195393404,37.3740234375,142.2734375,0.1083984375,0.15544921159744263,-0.7115482091903687,0.03779023140668869,2.392841339111328,1289.7851977348328,pos_err_exceeded:582|joint_limit:258|max_steps:111|self_collision:69
480,200000,0.6208258867263794,0.3781844981513459,0.5712797943036886,47.0810546875,144.40625,0.1728515625,0.1468122899532318,-0.7164848446846008,0.03756564483046532,2.455260753631592,1317.5461602210999,pos_err_exceeded:492|joint_limit:277|max_steps:177|self_collision:47
490,200000,0.656699538230896,0.340952637065989,0.4822929973460557,41.037109375,141.8515625,0.1416015625,0.13702738285064697,-0.7185438275337219,0.037343043833971024,2.3663947582244873,1343.8800966739655,pos_err_exceeded:600|joint_limit:202|max_steps:145|self_collision:68
500,200000,0.6698306798934937,0.3838701219050742,0.5366195294389107,49.9326171875,141.046875,0.181640625,0.15313884615898132,-0.7177032232284546,0.03712177276611328,2.392759084701538,1371.3111069202423,pos_err_exceeded:530|joint_limit:255|max_steps:186|self_collision:51
510,200000,0.6319053173065186,0.33921319842023856,0.5093347165994925,42.9658203125,139.296875,0.099609375,0.13968700170516968,-0.7247199416160583,0.03690197691321373,2.4217615127563477,1398.7112669944763,pos_err_exceeded:564|joint_limit:270|max_steps:102|self_collision:83
520,200000,0.5917367935180664,0.3520357145910294,0.5600829497275952,42.037109375,135.4296875,0.1337890625,0.13337765634059906,-0.7212241888046265,0.03668276220560074,2.3811049461364746,1425.9676351547241,pos_err_exceeded:500|joint_limit:321|max_steps:137|self_collision:61
530,200000,0.6419535875320435,0.3403206788665275,0.5245809188317049,44.412109375,142.9375,0.11328125,0.13488399982452393,-0.7466827630996704,0.03646540269255638,2.4003145694732666,1453.405107498169,pos_err_exceeded:555|joint_limit:296|max_steps:116|self_collision:53
540,200000,0.6073199510574341,0.39905190267224433,0.5930719425030756,46.2080078125,137.4453125,0.205078125,0.13784562051296234,-0.7625080347061157,0.03624865785241127,2.3775687217712402,1480.1378593444824,pos_err_exceeded:424|joint_limit:299|max_steps:210|self_collision:68
550,200000,0.6403027772903442,0.30916443249453235,0.4560983308887291,40.51171875,147.4375,0.123046875,0.14718391001224518,-0.7025982737541199,0.03603346273303032,2.2694284915924072,1507.305252313614,pos_err_exceeded:580|joint_limit:247|max_steps:126|self_collision:71
560,200000,0.6218194365501404,0.3438329871732979,0.5206028076515284,42.9521484375,147.203125,0.14453125,0.14520208537578583,-0.7118041515350342,0.03581986203789711,2.435455799102783,1534.4488682746887,pos_err_exceeded:497|joint_limit:276|max_steps:148|self_collision:97
570,200000,0.6366620063781738,0.3785397416703772,0.5754792357706365,45.009765625,136.5859375,0.162109375,0.13766059279441833,-0.7039270401000977,0.0356069952249527,2.4565296173095703,1561.5483651161194,pos_err_exceeded:499|joint_limit:282|max_steps:166|self_collision:53
580,200000,0.6434667110443115,0.3483528123717616,0.5169453464986475,42.0673828125,143.390625,0.1337890625,0.14850054681301117,-0.7086801528930664,0.03539581224322319,2.396958351135254,1589.5218043327332,pos_err_exceeded:567|joint_limit:280|max_steps:137|self_collision:39
590,200000,0.6181797981262207,0.3366618192634906,0.5181587359821342,43.0576171875,147.734375,0.140625,0.15196453034877777,-0.7422252893447876,0.03518562763929367,2.397433280944824,1616.0874247550964,pos_err_exceeded:520|joint_limit:307|max_steps:144|self_collision:47
600,200000,0.5964090824127197,0.3343991185348474,0.5225024711482749,41.8505859375,139.6171875,0.1357421875,0.14519721269607544,-0.6921346783638,0.034976527094841,2.3548007011413574,1642.280701637268,pos_err_exceeded:510|joint_limit:276|max_steps:139|self_collision:72
610,200000,0.6466641426086426,0.3462865591296219,0.5101167005148757,41.79296875,140.0859375,0.1484375,0.1473415493965149,-0.7566238641738892,0.03476889431476593,2.363788604736328,1669.6234929561615,pos_err_exceeded:504|joint_limit:300|max_steps:152|self_collision:60
620,200000,0.60821533203125,0.3034699758495413,0.4662043820161246,37.619140625,145.9296875,0.107421875,0.14874130487442017,-0.7042628526687622,0.03456227108836174,2.340268135070801,1696.9398186206818,pos_err_exceeded:551|joint_limit:274|max_steps:110|self_collision:73
630,200000,0.6084097623825073,0.3020372892199046,0.48563150474520494,36.8125,138.6171875,0.125,0.14752128720283508,-0.7185153961181641,0.03435756638646126,2.334498167037964,1724.602706670761,pos_err_exceeded:512|joint_limit:311|max_steps:128|self_collision:70
640,200000,0.6385736465454102,0.36851702722717694,0.5698491608681846,44.2470703125,136.875,0.16796875,0.1234850138425827,-0.7252423167228699,0.034154560416936874,2.374460220336914,1751.5414562225342,pos_err_exceeded:527|joint_limit:289|max_steps:172|self_collision:35
650,200000,0.6128109693527222,0.3236819652595637,0.5015119308456344,41.51171875,148.4375,0.1357421875,0.13195396959781647,-0.7578465938568115,0.033952195197343826,2.385011672973633,1778.9308125972748,pos_err_exceeded:514|joint_limit:289|max_steps:139|self_collision:79
660,200000,0.6329428553581238,0.33503882211310204,0.5064456376726865,40.8447265625,138.6796875,0.123046875,0.1423122137784958,-0.77447509765625,0.033751748502254486,2.314192771911621,1806.149888753891,pos_err_exceeded:510|joint_limit:342|max_steps:126|self_collision:41
670,200000,0.6674681305885315,0.41227924413539163,0.5743284301143712,46.85546875,135.0390625,0.20703125,0.14370927214622498,-0.665347695350647,0.03355148062109947,2.315361499786377,1833.3107697963715,pos_err_exceeded:510|joint_limit:250|max_steps:212|self_collision:40
680,200000,0.5937545299530029,0.30570835690958903,0.4641110242923653,34.771484375,137.0859375,0.12109375,0.1498449444770813,-0.7176739573478699,0.03335275128483772,2.3300364017486572,1860.723183631897,pos_err_exceeded:511|joint_limit:293|max_steps:124|self_collision:83
690,200000,0.6497184038162231,0.38139150811854494,0.5662845914716199,48.201171875,141.2734375,0.1611328125,0.14042867720127106,-0.7268471121788025,0.03315514698624611,2.2181413173675537,1888.2034254074097,pos_err_exceeded:501|joint_limit:286|max_steps:165|self_collision:62
700,200000,0.646489143371582,0.3180542223021119,0.47292672181446865,44.728515625,148.8203125,0.0771484375,0.13514316082000732,-0.7211585640907288,0.032959356904029846,2.3976809978485107,1916.2917494773865,pos_err_exceeded:619|joint_limit:280|max_steps:79|self_collision:40
710,200000,0.6196285486221313,0.3166013567723239,0.4945937414885049,37.8154296875,138.671875,0.134765625,0.1510477513074875,-0.6808183193206787,0.03276390954852104,2.309554100036621,1943.7950484752655,pos_err_exceeded:524|joint_limit:299|max_steps:138|self_collision:57
720,200000,0.6894591450691223,0.3883103482582406,0.5454700466821057,48.2294921875,143.421875,0.166015625,0.1461099088191986,-0.7336403727531433,0.03256994113326073,2.3201074600219727,1970.7968504428864,pos_err_exceeded:517|joint_limit:306|max_steps:170|self_collision:26
730,200000,0.672454833984375,0.37433835954451733,0.5151294031551268,43.619140625,135.8984375,0.185546875,0.1368982195854187,-0.7190172672271729,0.03237753361463547,2.2018651962280273,1998.8956327438354,pos_err_exceeded:521|joint_limit:240|max_steps:190|self_collision:71
740,200000,0.6209220886230469,0.32623471687444944,0.5249350172917582,43.4560546875,144.6328125,0.119140625,0.14851948618888855,-0.7007506489753723,0.03218600153923035,2.2842321395874023,2026.5041913986206,pos_err_exceeded:540|joint_limit:288|max_steps:122|self_collision:63
750,200000,0.6482512950897217,0.33343401589101973,0.515793941515149,41.1376953125,142.3125,0.1162109375,0.13915446400642395,-0.7224727869033813,0.03199551999568939,2.2202718257904053,2053.2843384742737,pos_err_exceeded:579|joint_limit:286|max_steps:119|self_collision:34
760,200000,0.6419894695281982,0.29003794166993246,0.43341567337741393,37.7626953125,150.09375,0.09375,0.14274367690086365,-0.6919924020767212,0.03180630877614021,2.313523769378662,2080.7554466724396,pos_err_exceeded:547|joint_limit:289|max_steps:96|self_collision:92
770,200000,0.6108389496803284,0.286144669184989,0.466855715179587,35.4404296875,138.3671875,0.0869140625,0.1452747881412506,-0.73694908618927,0.03161806985735893,2.3612117767333984,2108.2132279872894,pos_err_exceeded:544|joint_limit:294|self_collision:93|max_steps:89
780,200000,0.6206454038619995,0.3001084423964819,0.47583588016225736,40.689453125,143.5234375,0.09375,0.14094111323356628,-0.6762368083000183,0.03143053129315376,2.187577247619629,2135.4642713069916,pos_err_exceeded:542|joint_limit:335|max_steps:96|self_collision:39
790,200000,0.6259304285049438,0.31948093211706036,0.482330922380663,42.1611328125,145.90625,0.1025390625,0.1447969377040863,-0.7173120975494385,0.031244801357388496,2.3113908767700195,2162.6844294071198,pos_err_exceeded:564|joint_limit:277|max_steps:105|self_collision:68
800,200000,0.6459258794784546,0.32116320304654,0.48513391683448004,38.5693359375,140.59375,0.1318359375,0.14234477281570435,-0.6820210218429565,0.03106032684445381,2.410947322845459,2189.746516227722,pos_err_exceeded:585|joint_limit:261|max_steps:135|self_collision:31
810,200000,0.6720800995826721,0.33516052157261694,0.48149125475824817,41.48046875,144.1796875,0.138671875,0.13642513751983643,-0.7313088178634644,0.030876722186803818,2.2691025733947754,2217.0903034210205,pos_err_exceeded:605|joint_limit:224|max_steps:142|self_collision:47
820,200000,0.6308634281158447,0.3199626021122894,0.476713755725917,37.181640625,146.1484375,0.15625,0.1432182341814041,-0.7114996314048767,0.03069426864385605,2.2803592681884766,2243.7142572402954,pos_err_exceeded:554|joint_limit:274|max_steps:160|self_collision:28
830,200000,0.6273172497749329,0.336416331058342,0.5011232677095303,45.7265625,150.0625,0.1162109375,0.1419672966003418,-0.698259711265564,0.030512284487485886,2.1721365451812744,2270.4533734321594,pos_err_exceeded:480|joint_limit:321|max_steps:119|self_collision:86
840,200000,0.6517848372459412,0.3568963845860936,0.5308382358052887,47.5263671875,144.515625,0.12890625,0.1546475887298584,-0.6783180236816406,0.030332012102007866,2.278254747390747,2297.6567475795746,pos_err_exceeded:541|joint_limit:290|max_steps:132|self_collision:60
850,200000,0.660293459892273,0.35759034388381716,0.5141377447968054,44.376953125,141.703125,0.1376953125,0.14242511987686157,-0.7179976105690002,0.03015229105949402,2.3292226791381836,2324.4612057209015,pos_err_exceeded:527|joint_limit:296|max_steps:141|self_collision:42
860,200000,0.6475894451141357,0.37205299748742926,0.5503235069426521,44.125,137.53125,0.13671875,0.14204946160316467,-0.692835807800293,0.029973968863487244,2.2768654823303223,2351.514159679413,pos_err_exceeded:542|joint_limit:298|max_steps:140|self_collision:35
870,200000,0.6458898782730103,0.3120624449633337,0.4794482599100923,39.5009765625,151.0234375,0.1259765625,0.13734014332294464,-0.699958086013794,0.029796678572893143,2.2733633518218994,2378.31103181839,pos_err_exceeded:587|joint_limit:259|max_steps:129|self_collision:38
880,200000,0.6475684642791748,0.3694034148815323,0.5335870670376619,42.7373046875,137.40625,0.150390625,0.14495578408241272,-0.6771464347839355,0.029620734974741936,2.233077049255371,2405.1776156425476,pos_err_exceeded:467|joint_limit:365|max_steps:154|self_collision:36
890,200000,0.6442570090293884,0.3479640184187136,0.5082636341448811,42.3564453125,145.4921875,0.130859375,0.1436704397201538,-0.7006179094314575,0.02944539487361908,2.230743646621704,2431.6044068336487,pos_err_exceeded:546|joint_limit:284|max_steps:134|self_collision:54
900,200000,0.6786916851997375,0.389944835566316,0.5483058125611064,46.435546875,140.203125,0.1689453125,0.1450977623462677,-0.674230694770813,0.029270987957715988,2.2897093296051025,2458.596259832382,pos_err_exceeded:500|joint_limit:297|max_steps:173|self_collision:51
910,200000,0.6744678020477295,0.3688528437597548,0.5233081334111487,43.6630859375,136.21875,0.1455078125,0.13156215846538544,-0.7225152254104614,0.029097571969032288,2.213402509689331,2486.2539377212524,pos_err_exceeded:541|joint_limit:261|max_steps:149|self_collision:66
920,200000,0.6335430145263672,0.36913921525558535,0.5478201748904445,43.4033203125,137.1015625,0.189453125,0.13418929278850555,-0.7454643249511719,0.028925873339176178,2.3079416751861572,2513.67577958107,pos_err_exceeded:528|joint_limit:255|max_steps:194|self_collision:46
930,200000,0.6535052061080933,0.370886807474622,0.529815590653039,46.0107421875,139.6328125,0.1494140625,0.13590718805789948,-0.7048842906951904,0.028754955157637596,2.251452922821045,2540.9042098522186,pos_err_exceeded:515|joint_limit:297|max_steps:153|self_collision:47
940,200000,0.6776820421218872,0.36469485632544046,0.5155661334998785,42.4501953125,138.5859375,0.126953125,0.14048250019550323,-0.735459566116333,0.028584761545062065,2.2298641204833984,2567.722377538681,pos_err_exceeded:567|joint_limit:264|max_steps:130|self_collision:43
950,200000,0.6495242118835449,0.322831684232373,0.44831012843724716,39.134765625,137.5625,0.1298828125,0.12472540140151978,-0.6738889217376709,0.0284161064773798,2.148509979248047,2595.171231508255,pos_err_exceeded:538|joint_limit:235|max_steps:133|self_collision:102
960,200000,0.6547437310218811,0.34132688855766813,0.49919040180241586,40.0341796875,134.40625,0.154296875,0.14097721874713898,-0.7325867414474487,0.028249366208910942,2.198672294616699,2623.360245704651,pos_err_exceeded:561|joint_limit:234|max_steps:158|self_collision:57
970,200000,0.6509630680084229,0.34600256298112836,0.5199526100648539,46.2958984375,146.5625,0.125,0.1439972072839737,-0.7262715101242065,0.02808382548391819,2.0959854125976562,2651.279459476471,pos_err_exceeded:560|joint_limit:274|max_steps:128|self_collision:61
980,200000,0.6547725200653076,0.3621440927590467,0.5546994445309789,46.9248046875,146.7109375,0.1396484375,0.13609427213668823,-0.7285439968109131,0.02791968733072281,2.0848922729492188,2678.422764778137,pos_err_exceeded:558|joint_limit:284|max_steps:143|self_collision:38
990,200000,0.6390798091888428,0.37265020141030103,0.5611129253072156,48.87890625,135.4609375,0.1484375,0.13245561718940735,-0.7031221389770508,0.027755752205848694,2.1035022735595703,2705.1844956874847,pos_err_exceeded:530|joint_limit:268|max_steps:152|self_collision:72
1000,200000,0.6765902042388916,0.34077583284482427,0.4984352473863237,42.7783203125,142.640625,0.1103515625,0.14404593408107758,-0.7313593626022339,0.027592642232775688,2.1287214756011963,2732.9586293697357,pos_err_exceeded:544|joint_limit:285|max_steps:113|self_collision:77
1010,200000,0.6809312701225281,0.33536976084338654,0.4835080939286004,39.9541015625,137.7734375,0.1328125,0.1452304720878601,-0.7247397303581238,0.027430197224020958,2.173180341720581,2760.590664625168,pos_err_exceeded:579|joint_limit:266|max_steps:136|self_collision:41
1020,200000,0.6552712917327881,0.3471063842168161,0.5248129142514313,43.1875,140.5625,0.1181640625,0.1290680468082428,-0.7301400899887085,0.027269616723060608,2.044022560119629,2787.9221811294556,pos_err_exceeded:492|joint_limit:337|max_steps:121|self_collision:72
1030,200000,0.6394979953765869,0.37056135439425986,0.533463212054351,46.0654296875,137.96875,0.154296875,0.13767148554325104,-0.6872426271438599,0.027109773829579353,2.089268684387207,2815.0933690071106,pos_err_exceeded:536|joint_limit:264|max_steps:158|self_collision:59
1040,200000,0.6176552176475525,0.3364562907243872,0.5133752412931756,40.9052734375,136.0625,0.142578125,0.12796826660633087,-0.7193698883056641,0.026951447129249573,2.1188912391662598,2842.7998144626617,pos_err_exceeded:511|joint_limit:310|max_steps:146|self_collision:45
1050,200000,0.644187331199646,0.3762884615048092,0.5458351023101685,45.826171875,136.6015625,0.1474609375,0.12666934728622437,-0.7161508798599243,0.026793098077178,2.1190404891967773,2870.2846331596375,pos_err_exceeded:501|joint_limit:313|max_steps:151|self_collision:59
1060,200000,0.6620388031005859,0.36150574139623926,0.5516970512610078,44.6630859375,142.9609375,0.1748046875,0.13296449184417725,-0.6943404674530029,0.02663535624742508,2.1121749877929688,2897.7283186912537,pos_err_exceeded:546|joint_limit:270|max_steps:179|self_collision:23
1070,200000,0.6242682933807373,0.32181434718951596,0.4738177835370264,41.1845703125,138.4921875,0.13671875,0.1371084749698639,-0.6786646842956543,0.02647940069437027,2.1132118701934814,2925.0087254047394,pos_err_exceeded:562|joint_limit:244|max_steps:140|self_collision:78
1080,200000,0.6669600009918213,0.3338141349997436,0.4839384800214297,39.39453125,132.171875,0.1435546875,0.13142433762550354,-0.7213641405105591,0.026324644684791565,2.0159144401550293,2953.1159842014313,pos_err_exceeded:564|joint_limit:264|max_steps:147|self_collision:49
1090,200000,0.646867573261261,0.3746147605973349,0.5552068148512959,45.314453125,141.8359375,0.1787109375,0.14327606558799744,-0.6514924764633179,0.026171261444687843,1.926072597503662,2980.6254103183746,pos_err_exceeded:466|joint_limit:292|max_steps:183|self_collision:81
1100,200000,0.643498420715332,0.3652504539570775,0.5339895955030125,46.419921875,138.53125,0.1337890625,0.13809658586978912,-0.7136480808258057,0.02601856179535389,2.0155391693115234,3007.8912205696106,pos_err_exceeded:505|joint_limit:302|max_steps:137|self_collision:70
1110,200000,0.6268723011016846,0.3321401611093211,0.4956906611750195,38.6708984375,138.0234375,0.123046875,0.13603252172470093,-0.6912908554077148,0.025865890085697174,1.950439214706421,3035.61554312706,pos_err_exceeded:534|joint_limit:284|max_steps:126|self_collision:77
1120,200000,0.6191065311431885,0.3476517389517171,0.537716710740988,43.857421875,142.3046875,0.1416015625,0.12317061424255371,-0.7374087572097778,0.025714566931128502,1.9022104740142822,3064.025396347046,pos_err_exceeded:509|joint_limit:300|max_steps:145|self_collision:48
1130,200000,0.6323111057281494,0.3024718679979419,0.4418336597300186,39.6083984375,138.84375,0.1103515625,0.1211313009262085,-0.7245904207229614,0.025564420968294144,1.9979227781295776,3091.8971009254456,pos_err_exceeded:572|joint_limit:246|max_steps:113|self_collision:75
1140,200000,0.6396583318710327,0.35907092975616733,0.5243536589240124,43.4208984375,140.8359375,0.1533203125,0.13989122211933136,-0.6671566963195801,0.025414545089006424,1.891829490661621,3119.184802055359,pos_err_exceeded:528|joint_limit:279|max_steps:157|self_collision:57
1150,200000,0.6724579334259033,0.35484906260987953,0.5076804489456983,42.93359375,140.6328125,0.12890625,0.13239458203315735,-0.6585066318511963,0.02526596002280712,2.062204360961914,3146.480532169342,pos_err_exceeded:576|joint_limit:267|max_steps:132|self_collision:41
1160,200000,0.6759324669837952,0.36821215178645506,0.531450444606502,42.439453125,135.125,0.16015625,0.14175555109977722,-0.6612133383750916,0.025118805468082428,2.0180165767669678,3173.653595685959,pos_err_exceeded:548|joint_limit:278|max_steps:164|self_collision:33
1170,200000,0.6886928677558899,0.36754948086517286,0.5179095228526928,47.57421875,138.6484375,0.1455078125,0.13427618145942688,-0.6738455295562744,0.024971364066004753,1.9692182540893555,3201.2482767105103,pos_err_exceeded:531|joint_limit:285|max_steps:149|self_collision:56
1180,200000,0.6564321517944336,0.3717434955852016,0.5366120771270988,49.091796875,146.515625,0.16796875,0.1412000209093094,-0.6476029753684998,0.02482515573501587,2.0087833404541016,3228.1471014022827,pos_err_exceeded:535|joint_limit:274|max_steps:172|self_collision:41
1190,200000,0.6495288014411926,0.3722441954800962,0.5102314444393774,44.701171875,140.3125,0.1591796875,0.13002103567123413,-0.7248193025588989,0.02467918023467064,1.8953217267990112,3255.331815481186,pos_err_exceeded:513|joint_limit:260|max_steps:163|self_collision:55
1200,200000,0.612156331539154,0.305084596378313,0.4613047095310312,39.525390625,148.3125,0.1171875,0.1289147138595581,-0.7003433108329773,0.024535173550248146,1.999243140220642,3281.995949268341,pos_err_exceeded:546|joint_limit:242|max_steps:120|self_collision:113
1210,200000,0.6953977346420288,0.3698976022862712,0.5068357484473616,45.3876953125,142.1875,0.171875,0.1347571611404419,-0.7326146960258484,0.024391721934080124,1.956085205078125,3309.493037700653,pos_err_exceeded:554|joint_limit:251|max_steps:176|self_collision:42
1220,200000,0.6580619812011719,0.33364059102690463,0.4887578658851707,42.095703125,144.953125,0.119140625,0.1388738751411438,-0.723159670829773,0.02424953319132328,2.041311740875244,3336.307000398636,pos_err_exceeded:595|joint_limit:225|max_steps:122|self_collision:75
1230,200000,0.6289382576942444,0.3272603999440399,0.5073143358738605,40.265625,138.9921875,0.1064453125,0.13235561549663544,-0.7037708759307861,0.024108078330755234,1.860649824142456,3363.825403213501,pos_err_exceeded:568|joint_limit:273|max_steps:109|self_collision:70
1240,200000,0.6449508666992188,0.36424291557846156,0.5393211318822839,44.673828125,139.3515625,0.138671875,0.14019490778446198,-0.7144947052001953,0.023967770859599113,2.0073611736297607,3390.7140007019043,pos_err_exceeded:557|joint_limit:251|max_steps:142|self_collision:67
1250,200000,0.6222274899482727,0.33357992831218586,0.5256583912875116,40.5556640625,140.5703125,0.1376953125,0.12510135769844055,-0.665316104888916,0.02382740005850792,1.9803316593170166,3418.3252503871918,pos_err_exceeded:508|joint_limit:312|max_steps:141|self_collision:58
1260,200000,0.6254925727844238,0.33759739958292034,0.5237497763667468,42.279296875,141.5078125,0.125,0.13381347060203552,-0.6554425954818726,0.023687904700636864,2.005006790161133,3444.9247617721558,pos_err_exceeded:542|joint_limit:294|max_steps:128|self_collision:49
1270,200000,0.6381537318229675,0.36134418770541277,0.5253369790527608,44.701171875,137.5234375,0.1435546875,0.14031794667243958,-0.6870970129966736,0.023548347875475883,2.1050689220428467,3472.6221737861633,pos_err_exceeded:560|joint_limit:222|max_steps:147|self_collision:87
1280,200000,0.6640119552612305,0.35813093382694894,0.5226197586772223,45.7255859375,142.7890625,0.1435546875,0.12220051884651184,-0.6702241897583008,0.023409895598888397,1.980713963508606,3500.0328426361084,pos_err_exceeded:554|joint_limit:273|max_steps:147|self_collision:50
1290,200000,0.661134660243988,0.3590024311495854,0.4984039631125521,43.14453125,141.1328125,0.1572265625,0.12268570065498352,-0.678019642829895,0.023273641243577003,1.9123889207839966,3527.151641845703,pos_err_exceeded:495|joint_limit:278|max_steps:161|self_collision:89
1300,200000,0.6530002355575562,0.3511358846625825,0.5200489473575337,43.734375,140.03125,0.134765625,0.13045960664749146,-0.6822872757911682,0.023137984797358513,1.8469061851501465,3555.693286895752,pos_err_exceeded:538|joint_limit:284|max_steps:138|self_collision:61
1310,200000,0.6437767148017883,0.34848922407278693,0.5100375147910299,43.8671875,138.4140625,0.12890625,0.1301172971725464,-0.696076512336731,0.023003410547971725,1.8993384838104248,3583.5130059719086,pos_err_exceeded:551|joint_limit:270|max_steps:132|self_collision:65
1320,200000,0.6488588452339172,0.33446088720649064,0.48638901963434966,37.8134765625,141.203125,0.1591796875,0.12672629952430725,-0.689856231212616,0.022870343178510666,1.683990478515625,3610.0768263339996,pos_err_exceeded:562|joint_limit:232|max_steps:163|self_collision:66
1330,200000,0.6573810577392578,0.38799606848760315,0.5412532094981206,46.69921875,136.609375,0.1796875,0.13821914792060852,-0.6968991160392761,0.022738313302397728,1.8445639610290527,3638.1475529670715,pos_err_exceeded:471|joint_limit:297|max_steps:184|self_collision:63
1340,200000,0.683250904083252,0.39382691043343276,0.5435774918198759,45.3544921875,133.125,0.1767578125,0.13868233561515808,-0.6739135384559631,0.022605933248996735,1.8205771446228027,3666.5304214954376,pos_err_exceeded:495|joint_limit:291|max_steps:181|self_collision:54
1350,200000,0.6209327578544617,0.3377287845130384,0.5082999824191613,46.02734375,147.25,0.125,0.12863154709339142,-0.7130932807922363,0.02247437834739685,2.0020477771759033,3694.0907299518585,pos_err_exceeded:511|joint_limit:326|max_steps:128|self_collision:56
1360,200000,0.6750115752220154,0.33521698316814336,0.4971953198548187,45.517578125,151.0,0.12890625,0.1234072893857956,-0.7196118831634521,0.022343162447214127,1.8347008228302002,3721.5455944538116,pos_err_exceeded:581|joint_limit:257|max_steps:132|self_collision:53
1370,200000,0.6578099727630615,0.3488396008348331,0.5035157215009366,40.802734375,138.21875,0.134765625,0.12192374467849731,-0.7031716108322144,0.022213168442249298,1.9141795635223389,3748.6711864471436,pos_err_exceeded:555|joint_limit:260|max_steps:138|self_collision:71
1380,200000,0.6991643309593201,0.3628585483963653,0.49987514296966745,45.9453125,145.765625,0.16015625,0.13269007205963135,-0.7406667470932007,0.022083783522248268,1.8978323936462402,3776.0653150081635,pos_err_exceeded:566|joint_limit:259|max_steps:164|self_collision:32
1390,200000,0.6897909641265869,0.34426812101185444,0.48493224752983105,44.3056640625,143.8359375,0.1455078125,0.1296772062778473,-0.7004632949829102,0.02195529267191887,1.9395534992218018,3803.19562792778,pos_err_exceeded:576|joint_limit:237|max_steps:149|self_collision:60
1400,200000,0.6430688500404358,0.3644548545042885,0.5362406306395091,44.54296875,141.5390625,0.1376953125,0.12392642349004745,-0.7017579078674316,0.02182696759700775,1.7500319480895996,3830.1854627132416,pos_err_exceeded:550|joint_limit:260|max_steps:141|self_collision:66
1410,200000,0.6517081260681152,0.34024073360371454,0.5166271674943183,41.5966796875,137.515625,0.1240234375,0.1295146942138672,-0.7135958075523376,0.021699976176023483,1.904616117477417,3857.7981569767,pos_err_exceeded:561|joint_limit:286|max_steps:127|self_collision:49
1420,200000,0.6690425872802734,0.3244661404795827,0.46703447819185817,42.037109375,147.2265625,0.1259765625,0.12536779046058655,-0.7213832139968872,0.021573353558778763,1.8561296463012695,3885.7108261585236,pos_err_exceeded:573|joint_limit:274|max_steps:129|self_collision:47
1430,200000,0.6913336515426636,0.3767167178068527,0.5330400507081999,43.1396484375,131.671875,0.169921875,0.13367977738380432,-0.7023283839225769,0.021447740495204926,1.8276472091674805,3913.4697806835175,pos_err_exceeded:542|joint_limit:253|max_steps:174|self_collision:42
1440,200000,0.6561218500137329,0.33362912860692806,0.5026655353535214,44.9189453125,146.3515625,0.1064453125,0.11896146088838577,-0.717025876045227,0.02132262848317623,1.8109784126281738,3940.4571533203125,pos_err_exceeded:615|joint_limit:268|max_steps:109|self_collision:24
1450,200000,0.6330564022064209,0.3262551290322943,0.48981657540862666,36.6953125,131.3125,0.125,0.1340983659029007,-0.6982287168502808,0.021198827773332596,1.6803165674209595,3967.154354572296,pos_err_exceeded:549|joint_limit:234|max_steps:128|self_collision:100
1460,200000,0.6572443842887878,0.3531233325219844,0.5221749436795793,46.7705078125,140.3671875,0.123046875,0.12850980460643768,-0.7305818796157837,0.02107563428580761,1.8028733730316162,3994.497767686844,pos_err_exceeded:597|joint_limit:260|max_steps:126|self_collision:41
1470,200000,0.6795939207077026,0.35124001838684377,0.5006711882151378,45.1767578125,139.921875,0.13671875,0.14008073508739471,-0.6631553769111633,0.020953333005309105,1.7965667247772217,4021.4838337898254,pos_err_exceeded:581|joint_limit:250|max_steps:140|self_collision:44
1480,200000,0.6796687841415405,0.3843544230800785,0.5311901090403586,52.5625,148.6484375,0.150390625,0.1301366090774536,-0.7134075164794922,0.020831668749451637,1.5236055850982666,4048.9729146957397,pos_err_exceeded:533|joint_limit:282|max_steps:154|self_collision:53
1490,200000,0.6193394660949707,0.32299508621554174,0.4830028351555014,41.1162109375,144.9921875,0.1240234375,0.1450374275445938,-0.6996380090713501,0.020711643621325493,1.6327424049377441,4076.1833114624023,pos_err_exceeded:533|joint_limit:233|max_steps:127|self_collision:123
1500,200000,0.6612933278083801,0.3471713929190581,0.491272358240436,41.25,137.5859375,0.13671875,0.13965345919132233,-0.6710937023162842,0.0205925852060318,1.7773966789245605,4103.684228420258,pos_err_exceeded:562|joint_limit:262|max_steps:140|self_collision:41
1510,200000,0.6996828317642212,0.37320814874256497,0.5100740279158746,48.333984375,138.2734375,0.140625,0.12837761640548706,-0.7033122181892395,0.020473666489124298,1.6197822093963623,4130.9994168281555,pos_err_exceeded:565|joint_limit:278|max_steps:144|self_collision:25
1520,200000,0.6717509031295776,0.3801733816917107,0.5300618002517976,45.7197265625,137.9296875,0.166015625,0.12570005655288696,-0.6764651536941528,0.02035590074956417,1.7041621208190918,4158.420169353485,pos_err_exceeded:513|joint_limit:245|max_steps:170|self_collision:96
1530,200000,0.6483745574951172,0.3382903240891321,0.4998506411089205,41.9462890625,138.1953125,0.140625,0.1226021870970726,-0.7263572216033936,0.02023826725780964,1.7556469440460205,4186.432851076126,pos_err_exceeded:557|joint_limit:280|max_steps:144|self_collision:33
1540,200000,0.686657726764679,0.3745553618831252,0.5190990943923235,44.1904296875,140.2578125,0.1572265625,0.13966801762580872,-0.6841075420379639,0.02012135460972786,1.6686933040618896,4213.715577840805,pos_err_exceeded:581|joint_limit:242|max_steps:161|self_collision:32
1550,200000,0.6051973104476929,0.3286438185118592,0.502761248144151,43.7021484375,147.21875,0.1318359375,0.1311834156513214,-0.7044256925582886,0.02000553160905838,1.7410207986831665,4241.294703006744,pos_err_exceeded:504|joint_limit:287|max_steps:135|self_collision:91
1560,200000,0.6765704154968262,0.3604363820180233,0.49486898836527526,42.6044921875,137.859375,0.15234375,0.12509863078594208,-0.7327841520309448,0.019890369847416878,1.677047848701477,4269.25060749054,pos_err_exceeded:553|joint_limit:266|max_steps:156|self_collision:40
1570,200000,0.6590515971183777,0.3714140363910833,0.5314825701439121,48.4091796875,144.4296875,0.1787109375,0.12307257950305939,-0.7243335247039795,0.019775377586483955,1.6483042240142822,4296.3839366436005,pos_err_exceeded:548|joint_limit:226|max_steps:183|self_collision:61
1580,200000,0.6556423306465149,0.40019536486290563,0.5755797672735219,50.1044921875,141.2734375,0.1416015625,0.13286854326725006,-0.6854996085166931,0.019661366939544678,1.7003926038742065,4323.524131774902,pos_err_exceeded:528|joint_limit:299|max_steps:145|self_collision:48
1590,200000,0.6539175510406494,0.34344177396464937,0.474215261535587,36.4609375,137.0390625,0.14453125,0.13017326593399048,-0.716734766960144,0.019547617062926292,1.6421215534210205,4350.651212930679,pos_err_exceeded:571|joint_limit:247|max_steps:148|self_collision:52
1600,200000,0.7102440595626831,0.4307891684212215,0.5744961739164748,53.9814453125,136.546875,0.2138671875,0.11499281227588654,-0.6643425226211548,0.019434813410043716,1.446436882019043,4378.501847267151,pos_err_exceeded:549|max_steps:219|joint_limit:216|self_collision:37
1610,200000,0.654389500617981,0.3743818055578111,0.5470916371496957,47.109375,141.46875,0.1552734375,0.1252364218235016,-0.6748815774917603,0.019323384389281273,1.630378246307373,4406.049476146698,pos_err_exceeded:518|joint_limit:270|max_steps:159|self_collision:68
1620,200000,0.7187303900718689,0.42697577007889775,0.5668721244476533,47.2236328125,130.296875,0.2041015625,0.12401919811964035,-0.6637130975723267,0.0192121509462595,1.5512803792953491,4433.607856988907,pos_err_exceeded:573|joint_limit:222|max_steps:209|self_collision:20
1630,200000,0.6398510932922363,0.36501068078524396,0.5193048613670763,46.8525390625,146.3828125,0.1494140625,0.11919867992401123,-0.6955016851425171,0.019102344289422035,1.4929206371307373,4460.734023094177,pos_err_exceeded:548|joint_limit:263|max_steps:153|self_collision:59
1640,200000,0.7002683877944946,0.4239911385510808,0.5789827156153617,49.853515625,134.9765625,0.2158203125,0.1361907422542572,-0.6709410548210144,0.018993215635418892,1.4776146411895752,4487.536954641342,pos_err_exceeded:518|joint_limit:249|max_steps:221|self_collision:33
1650,200000,0.6567481756210327,0.34518768986214227,0.4919383246781396,43.5625,141.5,0.140625,0.1354960799217224,-0.7108636498451233,0.018884040415287018,1.5148193836212158,4514.100987672806,pos_err_exceeded:564|joint_limit:251|max_steps:144|self_collision:48
1660,200000,0.657177746295929,0.3194789235322902,0.4525671390610305,37.7392578125,133.6875,0.1279296875,0.13427814841270447,-0.7095837593078613,0.018775546923279762,1.491621732711792,4541.556418895721,pos_err_exceeded:597|joint_limit:219|max_steps:131|self_collision:77
1670,200000,0.6644654273986816,0.35068186493097797,0.5325098109600656,43.9404296875,136.8671875,0.130859375,0.12274745851755142,-0.7098479866981506,0.018668072298169136,1.4482853412628174,4568.079167366028,pos_err_exceeded:593|joint_limit:246|max_steps:134|self_collision:45
1680,200000,0.6415433287620544,0.33254649382978085,0.5184852524488248,38.205078125,130.3671875,0.146484375,0.13521626591682434,-0.6856496930122375,0.01856118068099022,1.5871994495391846,4595.410184621811,pos_err_exceeded:527|joint_limit:283|max_steps:150|self_collision:55
1690,200000,0.6815013289451599,0.3639597442258272,0.4975947583638677,46.7138671875,134.828125,0.16015625,0.12599551677703857,-0.6990982294082642,0.018454713746905327,1.406996250152588,4622.613205909729,pos_err_exceeded:536|joint_limit:229|max_steps:164|self_collision:95
1700,200000,0.6659541726112366,0.3427766610999342,0.47784765543023,45.12109375,150.953125,0.1337890625,0.12553584575653076,-0.7254610061645508,0.0183495432138443,1.3487796783447266,4649.089813232422,pos_err_exceeded:569|joint_limit:260|max_steps:137|self_collision:32
1710,200000,0.6589176058769226,0.36979135881284025,0.5133989210637773,45.4248046875,144.4375,0.162109375,0.12008929252624512,-0.7102155089378357,0.018244285136461258,1.470348596572876,4676.08115029335,pos_err_exceeded:555|joint_limit:243|max_steps:166|self_collision:59
1720,200000,0.6665498614311218,0.35703496483813807,0.5303403755190539,45.177734375,144.2578125,0.150390625,0.13954144716262817,-0.7152562141418457,0.018139522522687912,1.314633846282959,4703.262520074844,pos_err_exceeded:550|joint_limit:278|max_steps:154|self_collision:33
1730,200000,0.6981567144393921,0.37673557347415665,0.5200950797275445,43.423828125,136.5234375,0.166015625,0.11690333485603333,-0.6909661293029785,0.018035827204585075,1.531407117843628,4730.78596496582,pos_err_exceeded:576|joint_limit:223|max_steps:170|self_collision:48
1740,200000,0.638759195804596,0.3510862521634692,0.5184910295839237,43.3603515625,134.4296875,0.126953125,0.12586285173892975,-0.6645836234092712,0.0179321076720953,1.347402572631836,4758.230547428131,pos_err_exceeded:522|joint_limit:262|max_steps:130|self_collision:109
1750,200000,0.7150722742080688,0.3674769208936193,0.5043036115574959,47.9130859375,142.34375,0.1591796875,0.12274453788995743,-0.7075804471969604,0.017829425632953644,1.444786548614502,4785.433145284653,pos_err_exceeded:566|joint_limit:243|max_steps:163|self_collision:48
1760,200000,0.6572569012641907,0.3398843748958063,0.5123839325225276,40.3681640625,137.7109375,0.140625,0.12316279113292694,-0.6684452891349792,0.01772783137857914,1.4451473951339722,4812.741228580475,pos_err_exceeded:545|joint_limit:290|max_steps:144|self_collision:28
1770,200000,0.6957380175590515,0.36679703342426195,0.5064766865151287,44.5517578125,140.0546875,0.1630859375,0.11792849749326706,-0.6972198486328125,0.017626093700528145,1.467323660850525,4839.555104970932,pos_err_exceeded:571|joint_limit:238|max_steps:167|self_collision:48
1780,200000,0.6629024147987366,0.36050227153500825,0.5129266008987563,45.650390625,139.2421875,0.1484375,0.12287123501300812,-0.7157742381095886,0.017525089904665947,1.404962420463562,4867.493172645569,pos_err_exceeded:543|joint_limit:254|max_steps:152|self_collision:75
1790,200000,0.6510511636734009,0.3383201795472863,0.48565172348270597,38.9755859375,139.75,0.16015625,0.12082818150520325,-0.7412639856338501,0.017424654215574265,1.2388659715652466,4895.014475107193,pos_err_exceeded:520|joint_limit:273|max_steps:164|self_collision:51
1800,200000,0.7014875411987305,0.3587320013028688,0.5011673702521982,46.4521484375,144.2109375,0.1416015625,0.13300471007823944,-0.7038580179214478,0.017325865104794502,1.3944082260131836,4922.295255899429,pos_err_exceeded:540|joint_limit:266|max_steps:145|self_collision:68
1810,200000,0.7127167582511902,0.41413095837723907,0.5606795965746083,49.44921875,133.8515625,0.177734375,0.11514488607645035,-0.6966835260391235,0.01722685992717743,1.4359345436096191,4949.304979324341,pos_err_exceeded:531|joint_limit:245|max_steps:182|self_collision:60
1820,200000,0.7331114411354065,0.3508075141498075,0.46560491791757286,44.029296875,138.4921875,0.13671875,0.11983942240476608,-0.6897773742675781,0.017128078266978264,1.2180777788162231,4976.3110435009,pos_err_exceeded:620|joint_limit:240|max_steps:140|self_collision:21
1830,200000,0.6687358617782593,0.3736578707701864,0.518252320184676,46.3203125,136.6953125,0.1337890625,0.12985163927078247,-0.7134028673171997,0.017030641436576843,1.182129144668579,5003.1125700473785,pos_err_exceeded:533|joint_limit:289|max_steps:137|self_collision:62
1840,200000,0.6442588567733765,0.3582416890838668,0.5066238609266268,48.9736328125,146.7734375,0.130859375,0.11902549862861633,-0.6715404987335205,0.016933761537075043,1.210780143737793,5030.099567651749,pos_err_exceeded:531|joint_limit:268|max_steps:134|self_collision:89
1850,200000,0.7226158380508423,0.4113195057297395,0.5618113341640807,48.7490234375,133.6953125,0.203125,0.10967080295085907,-0.6760821342468262,0.016837086528539658,1.2274342775344849,5057.314247608185,pos_err_exceeded:535|joint_limit:255|max_steps:208|self_collision:26
1860,200000,0.664108157157898,0.3673868752154935,0.5351379321448979,47.5361328125,139.5546875,0.1552734375,0.12046968191862106,-0.7252773642539978,0.016740627586841583,1.4281654357910156,5084.132233142853,pos_err_exceeded:541|joint_limit:269|max_steps:159|self_collision:54
1870,200000,0.6788179874420166,0.367983912995946,0.5049008121412524,42.78125,134.7890625,0.177734375,0.11172884702682495,-0.6925582885742188,0.01664426177740097,1.2202036380767822,5110.8748569488525,pos_err_exceeded:544|joint_limit:240|max_steps:182|self_collision:58
1880,200000,0.7366598844528198,0.4032114004152491,0.5408604658226275,49.7841796875,139.8125,0.1806640625,0.11366256326436996,-0.6871471405029297,0.01654859259724617,1.3743960857391357,5138.1110763549805,pos_err_exceeded:566|joint_limit:234|max_steps:185|self_collision:39
1890,200000,0.6990437507629395,0.354828537211068,0.49610654278989025,41.07421875,133.9453125,0.134765625,0.1274532526731491,-0.7104471325874329,0.016453629359602928,1.2658076286315918,5165.494781970978,pos_err_exceeded:575|joint_limit:257|max_steps:138|self_collision:46
1900,200000,0.7374448776245117,0.41911728849421137,0.5519182724864836,47.4921875,131.6015625,0.173828125,0.13106031715869904,-0.7175279855728149,0.016359953209757805,1.2227680683135986,5192.699858903885,pos_err_exceeded:593|joint_limit:208|max_steps:178|self_collision:37
1910,200000,0.7017602920532227,0.4115898586282425,0.5831468772563944,55.3173828125,140.15625,0.1533203125,0.1151348203420639,-0.701663076877594,0.0162662286311388,1.3508868217468262,5219.973061084747,pos_err_exceeded:531|joint_limit:295|max_steps:157|self_collision:31
1920,200000,0.6752556562423706,0.39186419119098814,0.5678119684342777,45.59375,134.8515625,0.1865234375,0.1257944256067276,-0.7194061875343323,0.016172952950000763,1.0902549028396606,5247.117548704147,pos_err_exceeded:499|joint_limit:267|max_steps:191|self_collision:65
1930,200000,0.6733126640319824,0.3519824561655649,0.5021817437699091,43.751953125,143.9296875,0.1630859375,0.1230442076921463,-0.703310489654541,0.016081465408205986,1.1404578685760498,5274.408147096634,pos_err_exceeded:531|joint_limit:259|max_steps:167|self_collision:54
1940,200000,0.6669502854347229,0.3402159644191745,0.4692998917863958,41.1064453125,135.4140625,0.130859375,0.11486269533634186,-0.6902120113372803,0.015990091487765312,1.0283052921295166,5301.331480026245,pos_err_exceeded:590|joint_limit:232|max_steps:134|self_collision:50
1950,200000,0.6846590042114258,0.40227074146898767,0.5539545597654334,53.888671875,143.84375,0.1865234375,0.1145392507314682,-0.713848352432251,0.015899712219834328,1.2514981031417847,5328.566854476929,pos_err_exceeded:522|joint_limit:254|max_steps:191|self_collision:55
1960,200000,0.6572647094726562,0.3648711452438396,0.5541847954185244,44.623046875,134.078125,0.1591796875,0.11826927214860916,-0.7245693206787109,0.0158087071031332,1.030156135559082,5356.09977889061,pos_err_exceeded:568|joint_limit:234|max_steps:163|self_collision:30
1970,200000,0.729501485824585,0.3884987850497346,0.5264727065593285,47.34765625,141.1328125,0.1435546875,0.13107579946517944,-0.6868748664855957,0.015719354152679443,1.089884638786316,5382.773405075073,pos_err_exceeded:604|joint_limit:245|max_steps:147|self_collision:20
1980,200000,0.6912728548049927,0.4464554162833005,0.5865910586429358,51.064453125,130.921875,0.2255859375,0.11225798726081848,-0.7098075151443481,0.015630528330802917,0.9887785911560059,5410.060719966888,pos_err_exceeded:436|joint_limit:276|max_steps:231|self_collision:81
1990,200000,0.7090805768966675,0.3855636823162033,0.5362906722639463,44.52734375,136.0078125,0.1728515625,0.1233939528465271,-0.690885603427887,0.015542939305305481,1.1578865051269531,5437.032815694809,pos_err_exceeded:528|joint_limit:294|max_steps:177|self_collision:18
2000,200000,0.6289494633674622,0.3632030708777738,0.5388026289256095,44.021484375,133.15625,0.130859375,0.11489202827215195,-0.7027056217193604,0.015455066226422787,1.1434085369110107,5464.678053855896,pos_err_exceeded:577|joint_limit:240|max_steps:134|self_collision:72
2010,200000,0.669325053691864,0.3777164492579468,0.5268146330794616,46.513671875,133.5625,0.162109375,0.11258594691753387,-0.6706504821777344,0.015367500483989716,0.9237658381462097,5491.545947313309,pos_err_exceeded:575|joint_limit:227|max_steps:166|self_collision:48
2020,200000,0.7009538412094116,0.4112820951156609,0.5701355900183966,46.7490234375,136.25,0.19140625,0.11595836281776428,-0.689436674118042,0.015280663035809994,0.9394209980964661,5518.40775847435,pos_err_exceeded:576|joint_limit:226|max_steps:196|self_collision:16
2030,200000,0.6749071478843689,0.38683345511608835,0.5545983794931144,50.3603515625,137.0390625,0.13671875,0.11087598651647568,-0.706519365310669,0.015194880776107311,0.8983656167984009,5546.5726981163025,pos_err_exceeded:571|joint_limit:265|max_steps:140|self_collision:47
2040,200000,0.6447725296020508,0.3700530024126646,0.5657247054006234,46.259765625,136.140625,0.1533203125,0.1108456701040268,-0.7174171805381775,0.015109668485820293,1.0222324132919312,5573.557316064835,pos_err_exceeded:539|joint_limit:284|max_steps:157|self_collision:30
2050,200000,0.6957352757453918,0.3612418546081678,0.517653804653771,42.171875,135.15625,0.109375,0.12482919543981552,-0.7212115526199341,0.015024416148662567,1.0045708417892456,5600.625508785248,pos_err_exceeded:571|joint_limit:277|max_steps:112|self_collision:62
2060,200000,0.688410222530365,0.3700347867679238,0.49887038266944816,44.73046875,135.0703125,0.123046875,0.12633846700191498,-0.6970443725585938,0.014939440414309502,1.0068795680999756,5627.689377784729,pos_err_exceeded:587|joint_limit:244|max_steps:126|self_collision:62
2070,200000,0.7024344205856323,0.34005523049172337,0.46574438105049026,44.76171875,142.296875,0.1259765625,0.11856994777917862,-0.7104425430297852,0.014855601824820042,0.8227013349533081,5655.16295170784,pos_err_exceeded:622|joint_limit:196|max_steps:129|self_collision:74
2080,200000,0.7058905363082886,0.37895249930666364,0.5110447163407061,43.4248046875,139.5390625,0.185546875,0.12243995815515518,-0.6688646078109741,0.014772897586226463,0.7375668287277222,5682.626767158508,pos_err_exceeded:592|joint_limit:198|max_steps:190|self_collision:32
2090,200000,0.6976181268692017,0.4032760382092498,0.5430542887624321,54.732421875,147.4453125,0.171875,0.12107035517692566,-0.7404019832611084,0.014691129326820374,1.0318444967269897,5709.359783887863,pos_err_exceeded:535|joint_limit:231|max_steps:176|self_collision:69
2100,200000,0.7053053379058838,0.35622877284229654,0.5025714298240052,45.908203125,145.6640625,0.138671875,0.12380893528461456,-0.6926286220550537,0.014609388075768948,0.9218447208404541,5736.501713991165,pos_err_exceeded:544|joint_limit:265|max_steps:142|self_collision:68
2110,200000,0.7125709652900696,0.3756607103626464,0.5054580514133746,42.8056640625,131.9453125,0.1337890625,0.12418150901794434,-0.7113852500915527,0.01452773530036211,0.7095866203308105,5763.8395211696625,pos_err_exceeded:573|joint_limit:242|max_steps:137|self_collision:66
2120,200000,0.7434765100479126,0.4110428962700219,0.5259540053660273,52.8896484375,138.7578125,0.2099609375,0.12827962636947632,-0.6782717704772949,0.014446670189499855,0.8582957983016968,5790.626126289368,pos_err_exceeded:581|max_steps:215|joint_limit:181|self_collision:43
2130,200000,0.6737819910049438,0.36830060924963487,0.5068149781424885,42.794921875,139.171875,0.1474609375,0.13293874263763428,-0.6847501993179321,0.014365850947797298,0.9555898904800415,5817.492362499237,pos_err_exceeded:605|joint_limit:170|max_steps:151|self_collision:91
2140,200000,0.6848748326301575,0.3903924837502605,0.537730487984243,45.6513671875,128.96875,0.201171875,0.11357154697179794,-0.703820526599884,0.01428514439612627,0.7621382474899292,5845.166572332382,pos_err_exceeded:481|joint_limit:263|max_steps:206|self_collision:74
2150,200000,0.7099651098251343,0.35844223592292085,0.48151511339058006,43.1337890625,139.296875,0.1494140625,0.12278440594673157,-0.7242446541786194,0.014205784536898136,0.4986273944377899,5872.152794122696,pos_err_exceeded:603|joint_limit:201|max_steps:153|self_collision:57
2160,200000,0.7302840948104858,0.39413048656291816,0.5248498938065057,43.9853515625,137.3984375,0.185546875,0.12181657552719116,-0.7223938703536987,0.01412692666053772,0.7381483316421509,5898.9109671115875,pos_err_exceeded:566|joint_limit:248|max_steps:190|self_collision:18
2170,200000,0.6964479684829712,0.41811067326975904,0.5718100556159055,54.240234375,139.84375,0.20703125,0.10772880911827087,-0.7419853210449219,0.014047970063984394,0.6010339856147766,5925.544547796249,pos_err_exceeded:536|max_steps:212|joint_limit:208|self_collision:65
2180,200000,0.6718207001686096,0.38040185878545435,0.5413004271229371,45.40234375,140.0234375,0.1455078125,0.1081220880150795,-0.7146400213241577,0.013970107771456242,0.6154743432998657,5952.613488674164,pos_err_exceeded:521|joint_limit:324|max_steps:149|self_collision:28
2190,200000,0.726493775844574,0.366548711009585,0.488835876892586,47.84765625,139.578125,0.14453125,0.11906461417675018,-0.7076292634010315,0.01389272976666689,0.5503827333450317,5979.932680130005,pos_err_exceeded:625|joint_limit:220|max_steps:148|self_collision:31
2200,200000,0.6778049468994141,0.31415150923643853,0.4454160558700018,37.9208984375,134.8046875,0.119140625,0.11253657191991806,-0.693035364151001,0.01381536666303873,0.7742583751678467,6006.759771347046,pos_err_exceeded:545|joint_limit:305|max_steps:122|self_collision:52
2210,200000,0.7276947498321533,0.35328065960259025,0.48878087121335817,47.4931640625,149.0390625,0.14453125,0.12806665897369385,-0.6950436234474182,0.01373809203505516,0.541865348815918,6034.341836214066,pos_err_exceeded:597|joint_limit:243|max_steps:148|self_collision:35
2220,200000,0.7180994153022766,0.38152376777704544,0.5197055275556409,50.611328125,147.4765625,0.140625,0.11340025812387466,-0.6863935589790344,0.013661472126841545,0.8479572534561157,6061.888127326965,pos_err_exceeded:563|joint_limit:262|max_steps:144|self_collision:55
2230,200000,0.6935316920280457,0.3365887556341738,0.4618401161379545,45.662109375,144.703125,0.1171875,0.1227065771818161,-0.7090924978256226,0.013585072010755539,0.6473190784454346,6088.786183357239,pos_err_exceeded:625|joint_limit:238|max_steps:120|self_collision:36
2240,200000,0.7155691385269165,0.3960868420824344,0.5371237676798206,47.609375,138.828125,0.1611328125,0.11668908596038818,-0.6903870105743408,0.013508950360119343,0.7069973945617676,6115.826138019562,pos_err_exceeded:575|joint_limit:240|max_steps:165|self_collision:40
2250,200000,0.7061810493469238,0.3457084166195087,0.483012769708644,44.974609375,144.1484375,0.1181640625,0.11112391948699951,-0.7318007349967957,0.013433768413960934,0.47780942916870117,6143.097215652466,pos_err_exceeded:646|joint_limit:209|max_steps:121|self_collision:40
2260,200000,0.7118130922317505,0.3690412994575638,0.5082613110126927,45.447265625,137.375,0.15625,0.12706473469734192,-0.7022960186004639,0.013359349220991135,0.7198104858398438,6170.7017340660095,pos_err_exceeded:592|joint_limit:214|max_steps:160|self_collision:51
2270,200000,0.7278013229370117,0.4489797896277181,0.5911064375516062,54.9384765625,134.234375,0.2197265625,0.11529271304607391,-0.722457766532898,0.013285119086503983,0.6785739660263062,6197.4732348918915,pos_err_exceeded:511|joint_limit:236|max_steps:225|self_collision:47
2280,200000,0.6830713152885437,0.3649953064870556,0.5309713951431076,44.6337890625,138.3203125,0.1669921875,0.12412548065185547,-0.71491539478302,0.013211164623498917,0.8089034557342529,6224.185622692108,pos_err_exceeded:553|joint_limit:251|max_steps:171|self_collision:40
2290,200000,0.7230697870254517,0.381227903226334,0.5088988285775451,48.3837890625,141.875,0.1767578125,0.11158672720193863,-0.7380139231681824,0.013136962428689003,0.7113686800003052,6251.08388710022,pos_err_exceeded:576|joint_limit:240|max_steps:181|self_collision:24
2300,200000,0.7157337665557861,0.4019155811603221,0.5437401057627393,48.4267578125,135.6171875,0.1572265625,0.1075996458530426,-0.7180458903312683,0.013062996789813042,0.634446382522583,6278.649513244629,pos_err_exceeded:594|joint_limit:260|max_steps:161|self_collision:9
2310,200000,0.7092955708503723,0.36405625734137803,0.46632105592134643,45.62890625,136.0859375,0.1455078125,0.11410784721374512,-0.7147599458694458,0.012990012764930725,0.4910981357097626,6305.569288730621,pos_err_exceeded:605|joint_limit:207|max_steps:149|self_collision:60
2320,200000,0.7062276601791382,0.4073202752667947,0.552153483551065,49.775390625,135.5,0.1826171875,0.12748472392559052,-0.6982255578041077,0.012917755171656609,0.5761557221412659,6332.313920021057,pos_err_exceeded:531|joint_limit:265|max_steps:187|self_collision:33
2330,200000,0.6724385619163513,0.3594079186385465,0.49922591296748586,44.3212890625,137.3671875,0.1689453125,0.10795550048351288,-0.7470104694366455,0.012846635654568672,0.6509987115859985,6359.390682697296,pos_err_exceeded:532|joint_limit:238|max_steps:173|self_collision:77
2340,200000,0.7025270462036133,0.35096572467644066,0.49787268097436377,44.216796875,143.203125,0.166015625,0.10842645913362503,-0.7628376483917236,0.012775035575032234,0.6539549231529236,6386.327389001846,pos_err_exceeded:564|joint_limit:225|max_steps:170|self_collision:64
2350,200000,0.7310556173324585,0.39053864447497894,0.5152103171151998,47.923828125,144.671875,0.1650390625,0.11709093302488327,-0.7066879272460938,0.012703525833785534,0.5553188323974609,6412.952589273453,pos_err_exceeded:569|joint_limit:233|max_steps:169|self_collision:52
2360,200000,0.7095274329185486,0.36842832341277515,0.4947261135483215,43.87890625,137.921875,0.1669921875,0.11408089846372604,-0.7255538702011108,0.012632807716727257,0.4450921416282654,6439.690401554108,pos_err_exceeded:573|joint_limit:247|max_steps:171|self_collision:20
2370,200000,0.7224537134170532,0.3658891559824028,0.5020898259847704,42.93359375,137.3671875,0.166015625,0.10517393797636032,-0.7486622929573059,0.01256219670176506,0.36243945360183716,6466.050997972488,pos_err_exceeded:573|joint_limit:238|max_steps:170|self_collision:43
2380,200000,0.7217005491256714,0.39078191479161417,0.5315705518736595,48.7021484375,136.1171875,0.1435546875,0.11322074383497238,-0.700337290763855,0.012492658570408821,0.45314890146255493,6492.764232158661,pos_err_exceeded:580|joint_limit:250|max_steps:147|self_collision:40
2390,200000,0.706038236618042,0.3779856031405556,0.515927621659689,46.4228515625,141.6171875,0.1708984375,0.1178540289402008,-0.7088920474052429,0.012423386797308922,0.5364450216293335,6519.140021562576,pos_err_exceeded:592|joint_limit:224|max_steps:175|self_collision:29
2400,200000,0.670267641544342,0.3179670231419478,0.4362781113983649,40.7421875,144.046875,0.12109375,0.1064734011888504,-0.719566822052002,0.012354029342532158,0.5863466858863831,6546.40482378006,pos_err_exceeded:561|joint_limit:244|max_steps:124|self_collision:83
2410,200000,0.6662108898162842,0.3932794233070622,0.5401188180250496,45.5576171875,134.25,0.185546875,0.09240558743476868,-0.7350869178771973,0.01228581927716732,0.5274686813354492,6573.389355659485,pos_err_exceeded:504|joint_limit:255|max_steps:190|self_collision:64
2420,200000,0.7113490700721741,0.38511339237647146,0.526691252274018,45.2529296875,134.8828125,0.140625,0.11756566166877747,-0.6964324712753296,0.012217303737998009,0.4519558548927307,6600.218727350235,pos_err_exceeded:594|joint_limit:229|max_steps:144|self_collision:44
2430,200000,0.693083643913269,0.38515015139470676,0.5386844886089918,43.572265625,130.4921875,0.1865234375,0.11113253235816956,-0.7217586040496826,0.01214870810508728,0.3532600998878479,6626.368886709213,pos_err_exceeded:530|joint_limit:248|max_steps:191|self_collision:54
2440,200000,0.7128027081489563,0.3582590550392417,0.47718151888183646,46.58203125,139.0234375,0.1259765625,0.1212611198425293,-0.7002370953559875,0.012081545777618885,0.4590959846973419,6653.112416267395,pos_err_exceeded:582|joint_limit:271|max_steps:129|self_collision:34
2450,200000,0.74741530418396,0.41021136019434523,0.5242395986849233,49.1865234375,136.8984375,0.1611328125,0.1252249777317047,-0.7191818356513977,0.012014610692858696,0.26002785563468933,6680.484215259552,pos_err_exceeded:606|joint_limit:185|max_steps:165|self_collision:58
2460,200000,0.7042360305786133,0.36157350026368296,0.48982544916622306,48.0185546875,143.046875,0.1259765625,0.10315881669521332,-0.7220460176467896,0.011948224157094955,0.3747069835662842,6707.123178958893,pos_err_exceeded:600|joint_limit:238|max_steps:129|self_collision:44
2470,200000,0.6860899925231934,0.3482719887925,0.47901875535091987,40.48828125,130.359375,0.1396484375,0.1164449155330658,-0.7204180359840393,0.01188170537352562,0.2298389971256256,6734.291808843613,pos_err_exceeded:604|joint_limit:206|max_steps:143|self_collision:68
2480,200000,0.6896028518676758,0.3123325281202169,0.4152213013563961,38.095703125,145.8828125,0.134765625,0.11998918652534485,-0.7216312885284424,0.011815781705081463,0.303252637386322,6761.075079202652,pos_err_exceeded:615|joint_limit:202|max_steps:138|self_collision:43
2490,200000,0.7344809770584106,0.3653616254654119,0.4809768120010791,47.87890625,146.6171875,0.130859375,0.12265394628047943,-0.6768500208854675,0.011750791221857071,0.33496779203414917,6787.429353952408,pos_err_exceeded:643|joint_limit:197|max_steps:134|self_collision:50
2500,200000,0.6961108446121216,0.3864497570586065,0.5285478377438103,46.3994140625,138.59375,0.158203125,0.11475422978401184,-0.7220237255096436,0.011685900390148163,0.27211132645606995,6814.61612868309,pos_err_exceeded:558|joint_limit:290|max_steps:162|self_collision:8
2510,200000,0.7063747644424438,0.3265193579723815,0.4321510524589595,40.8115234375,142.578125,0.1328125,0.11584526300430298,-0.7179900407791138,0.01162111945450306,0.16430139541625977,6841.972304582596,pos_err_exceeded:585|joint_limit:265|max_steps:136|self_collision:32
2520,200000,0.7082419395446777,0.35200352384336453,0.4880813679120656,47.814453125,148.28125,0.123046875,0.11235566437244415,-0.7048016786575317,0.011557402089238167,0.41004085540771484,6868.5161855220795,pos_err_exceeded:601|joint_limit:239|max_steps:126|self_collision:51
2530,200000,0.7059890627861023,0.36041994046228665,0.4924121132419143,49.0068359375,146.609375,0.1630859375,0.10636851191520691,-0.6888061761856079,0.011493903584778309,0.22250255942344666,6895.607295751572,pos_err_exceeded:587|joint_limit:202|max_steps:167|self_collision:67
2540,200000,0.7234431505203247,0.42458328830481973,0.5720958556148545,56.7353515625,148.5703125,0.1728515625,0.1133544072508812,-0.7202253341674805,0.011430077254772186,-0.016078390181064606,6922.243980169296,pos_err_exceeded:508|joint_limit:279|max_steps:177|self_collision:60
2550,200000,0.6893244981765747,0.3905757416012976,0.5349875818700467,46.986328125,132.8515625,0.1552734375,0.11257247626781464,-0.7223518490791321,0.01136766280978918,0.27357229590415955,6948.528090953827,pos_err_exceeded:559|joint_limit:221|max_steps:159|self_collision:83
2560,200000,0.7419405579566956,0.42207955070185266,0.5377626713021633,50.5048828125,136.7265625,0.1904296875,0.121783047914505,-0.7593129277229309,0.011305421590805054,0.23589731752872467,6975.607743501663,pos_err_exceeded:568|max_steps:195|joint_limit:195|self_collision:45
2570,200000,0.7052692174911499,0.37436952383484673,0.5086423576120671,44.6435546875,133.296875,0.14453125,0.09538997709751129,-0.736713171005249,0.011243275366723537,0.15353721380233765,7003.181690454483,pos_err_exceeded:567|joint_limit:279|max_steps:148|self_collision:24
2580,200000,0.7087318301200867,0.3564622208001095,0.4804070038331407,45.296875,145.1015625,0.142578125,0.10309849679470062,-0.7227859497070312,0.011181624606251717,0.05206722021102905,7030.036983013153,pos_err_exceeded:503|joint_limit:320|max_steps:146|self_collision:39
2590,200000,0.6907761096954346,0.35538225166825405,0.4739334063251881,45.015625,145.09375,0.17578125,0.11498747020959854,-0.7062879800796509,0.011121150106191635,0.15635357797145844,7056.940109491348,pos_err_exceeded:604|joint_limit:195|max_steps:180|self_collision:42
2600,200000,0.7054767608642578,0.3771968577475724,0.5068614973139418,48.6552734375,143.984375,0.1640625,0.1146395355463028,-0.7252158522605896,0.011060601100325584,0.055619921535253525,7084.30106139183,pos_err_exceeded:588|joint_limit:229|max_steps:168|self_collision:31
2610,200000,0.7605599164962769,0.46015561055924076,0.5721025679871286,60.5029296875,146.0546875,0.2001953125,0.10707096755504608,-0.7107350826263428,0.011000508442521095,-0.18210089206695557,7111.293482542038,pos_err_exceeded:584|max_steps:205|joint_limit:189|self_collision:36
2620,200000,0.704635739326477,0.39599758967305204,0.5355595404694193,47.7158203125,138.4921875,0.205078125,0.11034960299730301,-0.7209787964820862,0.010940982028841972,-0.12360799312591553,7138.204285144806,pos_err_exceeded:520|joint_limit:213|max_steps:210|self_collision:69
2630,200000,0.730309784412384,0.378264504364979,0.4912365372076194,50.615234375,147.46875,0.1484375,0.10887828469276428,-0.7042193412780762,0.010882068425416946,0.023472025990486145,7165.065240621567,pos_err_exceeded:618|joint_limit:222|max_steps:152|init_ik_fail:16
2640,200000,0.7195781469345093,0.38022037225104843,0.5049721117104813,46.412109375,136.390625,0.16796875,0.10881280153989792,-0.7139390707015991,0.010823048651218414,-0.20770646631717682,7191.346892356873,pos_err_exceeded:577|joint_limit:223|max_steps:172|self_collision:43
2650,200000,0.6882534623146057,0.3704403349345312,0.5112320995087956,45.720703125,140.703125,0.16015625,0.11912202835083008,-0.7121312618255615,0.010764934122562408,0.15612582862377167,7218.43820476532,pos_err_exceeded:555|joint_limit:270|max_steps:164|self_collision:33
2660,200000,0.7437479496002197,0.3588121134718567,0.47454684959610244,48.2978515625,143.390625,0.126953125,0.11338355392217636,-0.7148231863975525,0.010706462897360325,-0.2002008706331253,7245.0333943367,pos_err_exceeded:653|joint_limit:210|max_steps:130|self_collision:30
2670,200000,0.7169243693351746,0.3360923789326317,0.45619782680936205,45.646484375,150.1484375,0.12109375,0.10972718894481659,-0.712578296661377,0.010648797266185284,-0.2969292998313904,7272.244636774063,pos_err_exceeded:644|joint_limit:218|max_steps:124|self_collision:31
2680,200000,0.7208410501480103,0.31719747335285864,0.4362530312090495,38.5,136.3828125,0.1064453125,0.11365926265716553,-0.7156951427459717,0.010591568425297737,-0.04393391311168671,7299.468642473221,pos_err_exceeded:653|joint_limit:221|max_steps:109|self_collision:32
2690,200000,0.7336324453353882,0.40815681942421833,0.5229554739417797,49.2060546875,135.2578125,0.146484375,0.10544571280479431,-0.7274132966995239,0.010534526780247688,-0.18361683189868927,7326.030408143997,pos_err_exceeded:573|joint_limit:269|max_steps:150|self_collision:30
2700,200000,0.713096022605896,0.4025157283300256,0.5342332447182206,48.98828125,138.2109375,0.1611328125,0.11532610654830933,-0.7180545330047607,0.010477336123585701,-0.550950288772583,7352.429340839386,pos_err_exceeded:569|joint_limit:200|max_steps:165|self_collision:78
2710,200000,0.7292643785476685,0.41237350701868947,0.5359934932871482,50.625,134.2578125,0.189453125,0.10405558347702026,-0.7464377880096436,0.010420824401080608,-0.2372892051935196,7379.753550291061,pos_err_exceeded:565|max_steps:194|joint_limit:190|self_collision:58
2720,200000,0.7248126268386841,0.4065550776453365,0.547603855172265,48.2861328125,133.8046875,0.189453125,0.12240772694349289,-0.6898834705352783,0.01036478579044342,-0.29821228981018066,7406.893249034882,pos_err_exceeded:533|joint_limit:263|max_steps:194|self_collision:33
2730,200000,0.7238785028457642,0.39974127818809596,0.5261782615864363,49.771484375,145.359375,0.158203125,0.11002746224403381,-0.7253473997116089,0.010309392586350441,-0.11505664885044098,7433.993651866913,pos_err_exceeded:554|joint_limit:262|max_steps:162|self_collision:28
2740,200000,0.6465757489204407,0.331706049285977,0.5046300026455346,39.279296875,131.625,0.1396484375,0.09612458944320679,-0.7276239991188049,0.010254261083900928,-0.26543140411376953,7461.232527971268,pos_err_exceeded:554|joint_limit:264|max_steps:143|self_collision:60
2750,200000,0.7059829831123352,0.40390887946258214,0.5230258586071643,47.388671875,128.546875,0.14453125,0.12430259585380554,-0.7136490345001221,0.010199356824159622,-0.24859295785427094,7488.544502735138,pos_err_exceeded:551|joint_limit:263|max_steps:148|self_collision:59
2760,200000,0.6718540191650391,0.39303323653706684,0.5238491020457101,49.736328125,142.203125,0.1689453125,0.10893604159355164,-0.716377317905426,0.010144160129129887,-0.13121938705444336,7514.85201215744,pos_err_exceeded:522|joint_limit:265|max_steps:173|self_collision:33
2770,200000,0.7591210603713989,0.3877095207484356,0.4942400974453208,44.275390625,135.375,0.1728515625,0.1085762232542038,-0.7182878255844116,0.010089018382132053,-0.3255946636199951,7541.631880283356,pos_err_exceeded:610|joint_limit:202|max_steps:177|self_collision:35
2780,200000,0.7352550029754639,0.3455491328698079,0.4629258121296912,46.013671875,143.6171875,0.12890625,0.10778979957103729,-0.7541017532348633,0.010034753940999508,-0.517120897769928,7568.525231361389,pos_err_exceeded:651|joint_limit:217|max_steps:132|self_collision:23
2790,200000,0.7637824416160583,0.464569320837661,0.569331513842856,53.2001953125,134.09375,0.24609375,0.10734216123819351,-0.6917921304702759,0.009981115348637104,-0.2714318335056305,7595.509788513184,pos_err_exceeded:535|max_steps:252|joint_limit:192|self_collision:36
2800,200000,0.6768187880516052,0.40223114405168936,0.5593080185504566,47.125,134.7734375,0.1865234375,0.1150030791759491,-0.7239229679107666,0.009927266277372837,-0.25242969393730164,7622.658844470978,pos_err_exceeded:443|joint_limit:293|max_steps:191|self_collision:91
2810,200000,0.7128167748451233,0.4048885827649495,0.5048530256433805,47.63671875,141.7265625,0.1982421875,0.10402948409318924,-0.7331759929656982,0.009873834438621998,-0.40569430589675903,7649.531338214874,pos_err_exceeded:540|joint_limit:209|max_steps:203|self_collision:54
2820,200000,0.7378193140029907,0.38110998115962325,0.5131742069625018,46.6142578125,134.6015625,0.173828125,0.10900935530662537,-0.7142462730407715,0.00982056837528944,-0.4008671045303345,7676.137354373932,pos_err_exceeded:593|joint_limit:222|max_steps:178|self_collision:31
2830,200000,0.7594916224479675,0.415980844837232,0.5064712440642363,55.8779296875,151.3515625,0.2080078125,0.09899049997329712,-0.7653616666793823,0.009767496958374977,-0.41259002685546875,7702.465375900269,pos_err_exceeded:542|max_steps:213|joint_limit:206|self_collision:57
2840,200000,0.7113829851150513,0.32992749123353393,0.42999495912646873,42.3203125,146.21875,0.1044921875,0.1094953864812851,-0.7075663805007935,0.009715106338262558,-0.4029196500778198,7728.891461133957,pos_err_exceeded:561|joint_limit:279|max_steps:107|self_collision:69
2850,200000,0.7494237422943115,0.41489571034056527,0.5118396274348628,49.5888671875,131.9453125,0.169921875,0.10791134834289551,-0.7367558479309082,0.009662817232310772,-0.25142520666122437,7755.987450361252,pos_err_exceeded:572|joint_limit:224|max_steps:174|self_collision:48
2860,200000,0.7312327027320862,0.3722408690102439,0.48155240197437654,44.552734375,134.7421875,0.18359375,0.1100744679570198,-0.7325844764709473,0.009610290639102459,-0.28796058893203735,7783.266779184341,pos_err_exceeded:547|joint_limit:206|max_steps:188|self_collision:65
2870,200000,0.7247045040130615,0.3804878086960427,0.49270021234018924,50.4052734375,149.34375,0.162109375,0.11942414939403534,-0.736847996711731,0.00955839641392231,-0.4571611285209656,7809.909017801285,pos_err_exceeded:567|joint_limit:232|max_steps:166|self_collision:54
2880,200000,0.7272019386291504,0.36874927376256084,0.503189289315236,49.1318359375,144.515625,0.1484375,0.10551021993160248,-0.6986088752746582,0.00950643327087164,-0.5189839601516724,7836.7040865421295,pos_err_exceeded:611|joint_limit:223|max_steps:152|self_collision:37
2890,200000,0.7246853709220886,0.34900030183221664,0.46291896700849655,44.4384765625,136.8203125,0.1201171875,0.10112406313419342,-0.7208215594291687,0.009454729966819286,-0.3017082214355469,7862.649421215057,pos_err_exceeded:624|joint_limit:222|max_steps:123|self_collision:48
2900,200000,0.716292679309845,0.37473752133434,0.4735098420296773,44.583984375,132.7734375,0.1552734375,0.11105674505233765,-0.7379018664360046,0.00940371211618185,-0.43276190757751465,7889.511682987213,pos_err_exceeded:595|joint_limit:203|max_steps:159|self_collision:59
2910,200000,0.7368127107620239,0.39720731456636865,0.5254225971593189,54.861328125,145.515625,0.158203125,0.10935977101325989,-0.7381068468093872,0.009352522902190685,-0.5356945991516113,7916.210424423218,pos_err_exceeded:652|joint_limit:189|max_steps:162|self_collision:21
2920,200000,0.7264900207519531,0.36174551121636855,0.4806862019305539,43.810546875,139.9765625,0.1689453125,0.09791184961795807,-0.7126425504684448,0.00930191483348608,-0.3441472053527832,7943.056406021118,pos_err_exceeded:510|joint_limit:291|max_steps:173|self_collision:41
2930,200000,0.7274901866912842,0.39390533350600065,0.5335808190731375,50.7861328125,142.6796875,0.15625,0.11290203034877777,-0.6965662837028503,0.00925141666084528,-0.5485754609107971,7970.612326145172,pos_err_exceeded:579|joint_limit:241|max_steps:160|self_collision:43
2940,200000,0.7393013834953308,0.39518695573400214,0.5119909993135496,51.09375,146.8359375,0.15234375,0.103105828166008,-0.7605017423629761,0.009201600216329098,-0.5185701847076416,7997.935386657715,pos_err_exceeded:548|joint_limit:243|max_steps:156|self_collision:66
2950,200000,0.7358827590942383,0.4001772520102687,0.5201562103332324,48.978515625,140.421875,0.17578125,0.1159849762916565,-0.7292712926864624,0.009151908569037914,-0.48184362053871155,8024.634891271591,pos_err_exceeded:559|joint_limit:220|max_steps:180|self_collision:58
2960,200000,0.6749106645584106,0.3369770681385812,0.46346667962831845,43.6669921875,147.9375,0.134765625,0.11068661510944366,-0.7156977653503418,0.009102706797420979,-0.3236675262451172,8051.705753564835,pos_err_exceeded:552|joint_limit:239|max_steps:138|self_collision:82
2970,200000,0.6952130794525146,0.37732008035264775,0.5070631884730572,45.9306640625,134.5078125,0.1884765625,0.09215778112411499,-0.6904373168945312,0.009053894318640232,-0.6504932045936584,8078.489721775055,pos_err_exceeded:531|joint_limit:249|max_steps:193|self_collision:43
2980,200000,0.7766802310943604,0.4151572705590498,0.5033359729038257,52.333984375,139.625,0.18359375,0.10440358519554138,-0.7141557931900024,0.00900528859347105,-0.4876657724380493,8105.799191236496,pos_err_exceeded:575|joint_limit:204|max_steps:188|self_collision:49
2990,200000,0.7059783935546875,0.4153865237031294,0.5509757112964221,48.94921875,134.53125,0.19921875,0.1089792251586914,-0.7448786497116089,0.008956597186625004,-0.554275393486023,8132.934039592743,pos_err_exceeded:520|joint_limit:230|max_steps:204|self_collision:51
3000,200000,0.7445013523101807,0.4234658316473025,0.5206913352154536,52.658203125,139.5703125,0.2060546875,0.10110312700271606,-0.7344276905059814,0.00890813022851944,-0.4402811527252197,8159.459422588348,pos_err_exceeded:555|max_steps:211|joint_limit:193|self_collision:51
3010,200000,0.7217589616775513,0.41381703810481785,0.527027074441335,53.986328125,143.640625,0.171875,0.10435356944799423,-0.7485212087631226,0.008860120549798012,-0.8274261951446533,8186.348896980286,pos_err_exceeded:505|joint_limit:289|max_steps:176|self_collision:39
3020,200000,0.740933358669281,0.37857082431102973,0.5033155240751047,46.3759765625,144.46875,0.1767578125,0.10442045331001282,-0.7259218692779541,0.008813071995973587,-0.5547828674316406,8213.0513818264,pos_err_exceeded:557|joint_limit:230|max_steps:181|self_collision:49
3030,200000,0.7650293111801147,0.4105807357872892,0.5165745756483278,47.1962890625,139.2109375,0.21875,0.10121601074934006,-0.7093914747238159,0.008765828795731068,-0.6155364513397217,8239.541894197464,pos_err_exceeded:573|max_steps:224|joint_limit:189|self_collision:37
3040,200000,0.7179622054100037,0.3768655221033973,0.4739044214757734,51.6015625,150.578125,0.1494140625,0.09580126404762268,-0.7484986782073975,0.008718341588973999,-0.5353341698646545,8266.179816246033,pos_err_exceeded:587|joint_limit:237|max_steps:153|self_collision:28
3050,200000,0.7024999856948853,0.3474476361006933,0.46115572270790217,42.01171875,140.515625,0.115234375,0.10153529047966003,-0.7500307559967041,0.008671176619827747,-0.7102177143096924,8292.732589960098,pos_err_exceeded:624|joint_limit:223|max_steps:118|self_collision:43
3060,200000,0.7134842872619629,0.3748902817122878,0.5000038023488942,41.6767578125,131.828125,0.185546875,0.11510312557220459,-0.7204311490058899,0.008624645881354809,-0.6267095804214478,8318.958511352539,pos_err_exceeded:535|joint_limit:242|max_steps:190|self_collision:46
3070,200000,0.7152144312858582,0.34766566905707486,0.47649381220682685,46.1728515625,146.2265625,0.126953125,0.11018183827400208,-0.7377532720565796,0.008578167296946049,-0.9282076954841614,8346.02697110176,pos_err_exceeded:613|joint_limit:239|max_steps:130|self_collision:33
3080,200000,0.7637994885444641,0.41506385368589716,0.5249134766825478,51.595703125,137.0078125,0.1767578125,0.10466618835926056,-0.7459418177604675,0.008532623760402203,-1.0206302404403687,8372.837458848953,pos_err_exceeded:593|joint_limit:187|max_steps:181|self_collision:51
3090,200000,0.763794481754303,0.39997783566120215,0.4899088795924374,52.056640625,143.5703125,0.177734375,0.10560277104377747,-0.7149574756622314,0.008487192913889885,-1.1478877067565918,8400.04558300972,pos_err_exceeded:587|joint_limit:183|max_steps:182|self_collision:57
3100,200000,0.7225630879402161,0.36699180792122105,0.4686014454661267,48.85546875,141.1796875,0.130859375,0.10339073836803436,-0.7273439168930054,0.008442341350018978,-0.8699817061424255,8426.770666122437,pos_err_exceeded:605|joint_limit:215|max_steps:134|self_collision:46
3110,200000,0.7361658811569214,0.38532875949505296,0.5012151518542063,47.7333984375,137.5625,0.1669921875,0.10905750095844269,-0.7468737363815308,0.008397506549954414,-0.9081557393074036,8453.278462171555,pos_err_exceeded:579|joint_limit:217|max_steps:171|self_collision:57
3120,200000,0.7257667779922485,0.3358858652438151,0.45798532588999713,42.146484375,139.125,0.1376953125,0.10544921457767487,-0.7278964519500732,0.008352424018085003,-1.1710355281829834,8480.719505548477,pos_err_exceeded:570|joint_limit:260|max_steps:141|self_collision:52
3130,200000,0.7477362751960754,0.4299566627944751,0.5518424200208834,47.8564453125,136.171875,0.2001953125,0.10635371506214142,-0.7303627729415894,0.008308474905788898,-0.7309001684188843,8507.346719026566,pos_err_exceeded:539|max_steps:205|joint_limit:204|self_collision:74
3140,200000,0.7341388463973999,0.399940486969068,0.5012285092965001,46.51171875,135.5078125,0.1845703125,0.10855120420455933,-0.7420789003372192,0.008264493197202682,-0.7847422361373901,8533.13250374794,pos_err_exceeded:593|joint_limit:203|max_steps:189|self_collision:31
3150,200000,0.7443733215332031,0.3759189621884883,0.4895964417112025,48.40625,149.2265625,0.1337890625,0.10532372444868088,-0.7417086958885193,0.008220215328037739,-0.9393719434738159,8560.217871904373,pos_err_exceeded:588|joint_limit:241|max_steps:137|self_collision:55
3160,200000,0.7646961212158203,0.36865703000671435,0.46983982690611636,41.662109375,132.828125,0.1494140625,0.10680416226387024,-0.7582600116729736,0.00817678589373827,-1.1928379535675049,8586.966798067093,pos_err_exceeded:655|joint_limit:193|max_steps:153|self_collision:23
3170,200000,0.7205330729484558,0.3900349848898904,0.5020798572884675,47.40234375,139.796875,0.1845703125,0.1002735048532486,-0.7492036819458008,0.008133799768984318,-0.9464417695999146,8613.330604076385,pos_err_exceeded:538|joint_limit:239|max_steps:189|self_collision:50
3180,200000,0.7459889650344849,0.41938454753288673,0.5300527417708055,48.5732421875,134.46875,0.2001953125,0.10494630038738251,-0.726982831954956,0.008090322837233543,-1.2346546649932861,8639.874067783356,pos_err_exceeded:542|joint_limit:231|max_steps:205|self_collision:35
3190,200000,0.7495115995407104,0.373852988641449,0.48587359848732664,46.580078125,140.7265625,0.14453125,0.10910895466804504,-0.7396877408027649,0.008047246374189854,-0.8871578574180603,8666.163640022278,pos_err_exceeded:602|joint_limit:234|max_steps:148|self_collision:40
3200,200000,0.7258996963500977,0.3727008214026711,0.4929043606776359,47.7041015625,143.921875,0.15625,0.10283438116312027,-0.6984388828277588,0.008004188537597656,-1.3606998920440674,8692.82214808464,pos_err_exceeded:600|joint_limit:197|max_steps:160|self_collision:51
3210,200000,0.7351680994033813,0.3401941847095491,0.4326659176557168,45.0654296875,146.9921875,0.1591796875,0.09913681447505951,-0.7707852125167847,0.007961737923324108,-1.001242756843567,8719.152819395065,pos_err_exceeded:615|joint_limit:194|max_steps:163|self_collision:32
3220,200000,0.736527144908905,0.4015858381778705,0.5243094575505469,44.916015625,128.09375,0.1689453125,0.11265089362859726,-0.7281228303909302,0.007919542491436005,-1.2048968076705933,8745.437095880508,pos_err_exceeded:619|max_steps:173|joint_limit:166|self_collision:57
3230,200000,0.7483533024787903,0.38062876777392113,0.49436771859623174,47.439453125,146.8828125,0.166015625,0.10982123017311096,-0.7685327529907227,0.00787782296538353,-1.1035053730010986,8771.999295711517,pos_err_exceeded:540|joint_limit:234|max_steps:170|self_collision:79
3240,200000,0.7370954751968384,0.3894590827810382,0.4951558357445217,45.30859375,133.7421875,0.1806640625,0.10958845913410187,-0.7304462790489197,0.007836374454200268,-1.3090406656265259,8798.785343408585,pos_err_exceeded:549|joint_limit:221|max_steps:185|self_collision:59
3250,200000,0.7699543237686157,0.41911816414291614,0.5171436316323147,53.107421875,135.4765625,0.1767578125,0.11505122482776642,-0.7336240410804749,0.007795635145157576,-1.1724194288253784,8825.684603452682,pos_err_exceeded:604|max_steps:181|joint_limit:179|self_collision:58
3260,200000,0.7833191156387329,0.4034787807903103,0.4943552356441784,50.4990234375,141.46875,0.14453125,0.10480273514986038,-0.7206723690032959,0.007754596881568432,-1.1253812313079834,8852.324254989624,pos_err_exceeded:612|joint_limit:218|max_steps:148|self_collision:39
3270,200000,0.7599862813949585,0.42159890929304245,0.5226700762967613,50.7802734375,136.296875,0.1787109375,0.10423403978347778,-0.7326012253761292,0.00771379703655839,-0.9609609842300415,8878.358440876007,pos_err_exceeded:551|joint_limit:236|max_steps:183|self_collision:54
3280,200000,0.7316240072250366,0.33912370126689084,0.4292508103355245,44.521484375,145.1328125,0.1220703125,0.10401332378387451,-0.716472864151001,0.007673311047255993,-1.2922441959381104,8904.979953050613,pos_err_exceeded:620|joint_limit:222|max_steps:125|self_collision:45
3290,200000,0.7483129501342773,0.4082451389337733,0.5165260359446256,52.1513671875,141.40625,0.16796875,0.10332850366830826,-0.710071861743927,0.007633146829903126,-1.0793120861053467,8931.632059335709,pos_err_exceeded:560|joint_limit:231|max_steps:172|self_collision:53
3300,200000,0.703766942024231,0.42094606045372257,0.5331642977560558,50.947265625,139.765625,0.2353515625,0.10501143336296082,-0.7713485956192017,0.00759298587217927,-1.3356661796569824,8958.321495294571,pos_err_exceeded:483|max_steps:241|joint_limit:237|self_collision:62
3310,200000,0.7339200377464294,0.3652409321147045,0.47610433819384895,41.9111328125,136.0390625,0.173828125,0.09812916815280914,-0.7481878995895386,0.007553141098469496,-1.2004773616790771,8985.244328022003,pos_err_exceeded:562|joint_limit:231|max_steps:178|self_collision:42
3320,200000,0.7457908987998962,0.40093931352466156,0.5165634038548556,51.1982421875,139.7890625,0.162109375,0.09519918262958527,-0.7419037222862244,0.00751328282058239,-1.3729482889175415,9012.823116540909,pos_err_exceeded:582|joint_limit:182|max_steps:166|self_collision:94
3330,200000,0.747984766960144,0.3235725905162089,0.4032777087248116,44.9443359375,147.8828125,0.10546875,0.0991058349609375,-0.7547886371612549,0.007473887875676155,-1.2437191009521484,9040.024953603745,pos_err_exceeded:600|joint_limit:241|max_steps:108|self_collision:75
3340,200000,0.7290124297142029,0.39086429749147344,0.4997120797422964,46.5380859375,137.3125,0.1787109375,0.0964442566037178,-0.7535601854324341,0.007434540428221226,-1.1161013841629028,9067.61939406395,pos_err_exceeded:546|joint_limit:221|max_steps:183|self_collision:43
3350,200000,0.7561380863189697,0.3808413362431603,0.4811836667690384,52.0107421875,143.390625,0.13671875,0.08434359729290009,-0.7587072849273682,0.007395198568701744,-1.3293981552124023,9094.037203073502,pos_err_exceeded:636|joint_limit:218|max_steps:140|self_collision:30
3360,200000,0.7301901578903198,0.4012827444869401,0.5180042982204172,48.9755859375,134.96875,0.193359375,0.09507662057876587,-0.7510122060775757,0.007356276270002127,-1.4227335453033447,9120.296947956085,pos_err_exceeded:526|joint_limit:249|max_steps:198|self_collision:43
3370,200000,0.7412418127059937,0.4196864746042378,0.5284645350139723,51.826171875,142.0234375,0.1845703125,0.09874981641769409,-0.7317032217979431,0.007317743264138699,-1.3113797903060913,9147.104719400406,pos_err_exceeded:499|joint_limit:246|max_steps:189|self_collision:80
3380,200000,0.7553954124450684,0.3952827715211018,0.5028721078184218,44.37109375,134.515625,0.201171875,0.11137880384922028,-0.7374357581138611,0.0072792451828718185,-1.2190461158752441,9173.189740896225,pos_err_exceeded:542|max_steps:206|joint_limit:205|self_collision:71
3390,200000,0.7342544794082642,0.40195549137447767,0.49875435235823234,50.68359375,145.8671875,0.1748046875,0.08958593010902405,-0.7542287111282349,0.007240946404635906,-1.3204965591430664,9199.793615102768,pos_err_exceeded:548|joint_limit:207|max_steps:179|self_collision:77
3400,200000,0.7067008018493652,0.3836004500015566,0.5080389483879841,46.14453125,139.046875,0.2021484375,0.09812090545892715,-0.7102533578872681,0.007203110493719578,-1.4878361225128174,9226.83797454834,pos_err_exceeded:610|max_steps:207|joint_limit:182|self_collision:25
3410,200000,0.7635238170623779,0.37548485573439355,0.4640919039191209,50.544921875,150.265625,0.166015625,0.10068714618682861,-0.7196013927459717,0.007165468297898769,-1.6056947708129883,9253.485496997833,pos_err_exceeded:640|joint_limit:176|max_steps:170|self_collision:36
3420,200000,0.713675856590271,0.3600827106672192,0.48280709651981724,47.271484375,146.4375,0.1328125,0.10046694427728653,-0.7319378852844238,0.007127942051738501,-1.462116003036499,9280.542030572891,pos_err_exceeded:605|joint_limit:189|max_steps:136|self_collision:83
3430,200000,0.7562400698661804,0.370406354044829,0.4703257324414658,44.4970703125,145.7265625,0.15234375,0.10743425786495209,-0.7309378981590271,0.007090398576110601,-1.599785566329956,9307.080934047699,pos_err_exceeded:623|joint_limit:217|max_steps:156|self_collision:27
3440,200000,0.7302223443984985,0.37527348473658084,0.4777089723466329,43.1435546875,134.609375,0.185546875,0.09611915051937103,-0.7224376201629639,0.007053321693092585,-1.305903673171997,9333.910918951035,pos_err_exceeded:560|joint_limit:205|max_steps:190|self_collision:52
3450,200000,0.7363045811653137,0.37413937061128216,0.4713771368050066,43.7548828125,134.078125,0.16015625,0.099751316010952,-0.7207266688346863,0.007015991024672985,-1.6799678802490234,9359.934956789017,pos_err_exceeded:609|joint_limit:226|max_steps:164|self_collision:25
3460,200000,0.7456382513046265,0.39208257280408065,0.47759497080880575,46.9267578125,140.46875,0.1669921875,0.09224764257669449,-0.768139123916626,0.0069789947010576725,-1.333429217338562,9386.699646234512,pos_err_exceeded:585|max_steps:171|joint_limit:161|self_collision:83
3470,200000,0.8118222951889038,0.4164682790097698,0.4898009776648985,52.822265625,138.5546875,0.181640625,0.09504912793636322,-0.7869969606399536,0.00694206403568387,-1.5739279985427856,9413.134811401367,pos_err_exceeded:606|max_steps:186|joint_limit:170|self_collision:61
3480,200000,0.785475492477417,0.41629326359541563,0.5050945536463034,47.9921875,132.5625,0.1689453125,0.10120652616024017,-0.7301047444343567,0.0069053806364536285,-1.5076009035110474,9439.37728691101,pos_err_exceeded:635|max_steps:173|joint_limit:161|self_collision:47
3490,200000,0.731560468673706,0.3451476441003017,0.44523317534343826,44.78125,144.9921875,0.154296875,0.10054722428321838,-0.7457090616226196,0.006868875119835138,-1.4036821126937866,9465.655765771866,pos_err_exceeded:561|joint_limit:235|max_steps:158|self_collision:67
3500,200000,0.764609694480896,0.4184396411857666,0.5058670451964471,50.2080078125,136.71875,0.203125,0.10468841344118118,-0.7286809682846069,0.006832221522927284,-1.3357560634613037,9492.856089830399,pos_err_exceeded:523|joint_limit:214|max_steps:208|self_collision:63
3510,200000,0.7416363954544067,0.40922719160640103,0.5130661838498556,50.130859375,137.4609375,0.189453125,0.10652479529380798,-0.7523236274719238,0.006796092726290226,-1.7114559412002563,9519.908591508865,pos_err_exceeded:499|joint_limit:223|max_steps:194|self_collision:93
3520,200000,0.7389060258865356,0.4011910575124549,0.5289237307571748,45.84765625,135.8515625,0.1982421875,0.10708829760551453,-0.7251566648483276,0.006760339718312025,-1.5420712232589722,9546.569467306137,pos_err_exceeded:528|joint_limit:230|max_steps:203|self_collision:55
3530,200000,0.7015421390533447,0.3656315094429649,0.4949673761282818,45.8388671875,146.53125,0.146484375,0.10517966002225876,-0.7317225933074951,0.006724915001541376,-1.5588719844818115,9572.610170125961,pos_err_exceeded:538|joint_limit:252|max_steps:150|self_collision:78
3540,200000,0.726739764213562,0.34920509840632774,0.4525601457916323,42.869140625,140.546875,0.1376953125,0.10670438408851624,-0.7512862086296082,0.0066895997151732445,-1.6726586818695068,9599.880727052689,pos_err_exceeded:606|joint_limit:223|max_steps:141|self_collision:44
3550,200000,0.7421537041664124,0.41276266778495063,0.5299559581189979,51.1171875,138.3984375,0.1806640625,0.10463997721672058,-0.7457205057144165,0.006654419004917145,-1.5848124027252197,9626.486520051956,pos_err_exceeded:606|joint_limit:189|max_steps:185|self_collision:44
3560,200000,0.7659185528755188,0.4059259103389422,0.5224190752065963,50.5419921875,139.4921875,0.203125,0.09818273037672043,-0.749396562576294,0.006619360763579607,-1.513702154159546,9653.01194357872,pos_err_exceeded:561|max_steps:208|joint_limit:208|self_collision:35
3570,200000,0.7085568308830261,0.3778425083119795,0.49127674582850966,47.943359375,141.3359375,0.162109375,0.09301301836967468,-0.7490264177322388,0.006585089955478907,-1.6447687149047852,9679.269204616547,pos_err_exceeded:613|joint_limit:194|max_steps:166|self_collision:30
3580,200000,0.7229265570640564,0.38623057324703924,0.4908623154819809,48.0361328125,140.0703125,0.166015625,0.10331602394580841,-0.7309079170227051,0.006550967693328857,-1.9524288177490234,9706.243082284927,pos_err_exceeded:534|joint_limit:226|max_steps:170|self_collision:93
3590,200000,0.7096990942955017,0.3781571775161225,0.48412878047598207,45.001953125,134.046875,0.181640625,0.09119178354740143,-0.7625080347061157,0.006517339963465929,-1.78508722782135,9733.331398248672,pos_err_exceeded:531|joint_limit:216|max_steps:186|self_collision:67
3600,200000,0.7579747438430786,0.418522926636652,0.5121450401730248,51.9775390625,143.390625,0.2109375,0.10768257826566696,-0.7443052530288696,0.006484153680503368,-1.6301568746566772,9759.624294996262,pos_err_exceeded:556|max_steps:216|joint_limit:202|self_collision:42
3610,200000,0.7422363758087158,0.4233986859380439,0.5146660743719824,48.123046875,129.3046875,0.193359375,0.0871620699763298,-0.7207694053649902,0.006450502201914787,-1.8248310089111328,9785.573724031448,pos_err_exceeded:530|joint_limit:229|max_steps:198|self_collision:57
3620,200000,0.7877302169799805,0.3875849588098884,0.4678711021437518,50.3662109375,147.0703125,0.1689453125,0.1057928055524826,-0.7508649826049805,0.006417304743081331,-2.0365397930145264,9811.769672870636,pos_err_exceeded:584|joint_limit:227|max_steps:173|self_collision:40
3630,200000,0.7500959634780884,0.4233388258115155,0.5411842323879371,52.4150390625,139.9609375,0.1943359375,0.11747206747531891,-0.7636043429374695,0.006384420208632946,-2.1477394104003906,9838.793885707855,pos_err_exceeded:579|joint_limit:210|max_steps:199|self_collision:21
3640,200000,0.7414572834968567,0.3798050837618206,0.4985162563934214,47.2412109375,134.84375,0.146484375,0.10085253417491913,-0.7552106380462646,0.006352232303470373,-2.0100555419921875,9865.748274326324,pos_err_exceeded:643|joint_limit:186|max_steps:150|self_collision:43
3650,200000,0.7478072643280029,0.37855947399501566,0.46075500567982103,52.6884765625,148.140625,0.1416015625,0.09925378859043121,-0.7398344278335571,0.006319672334939241,-2.0135011672973633,9892.390263080597,pos_err_exceeded:561|joint_limit:236|max_steps:145|self_collision:73
3660,200000,0.7472809553146362,0.39284379066565767,0.49577579012352946,46.5068359375,137.578125,0.20703125,0.10727448761463165,-0.7287383675575256,0.006287067197263241,-2.128664970397949,9919.246558904648,pos_err_exceeded:549|joint_limit:215|max_steps:212|self_collision:33
3670,200000,0.74501633644104,0.36117561889610084,0.4562156055545328,46.923828125,144.734375,0.11328125,0.09982937574386597,-0.7482646107673645,0.006255095358937979,-1.785881519317627,9946.351170778275,pos_err_exceeded:637|joint_limit:218|max_steps:116|self_collision:45
3680,200000,0.7766516804695129,0.40167420299253764,0.5068922717554512,47.849609375,133.4765625,0.142578125,0.1135866567492485,-0.752355694770813,0.00622318172827363,-2.0641138553619385,9972.746715068817,pos_err_exceeded:631|joint_limit:201|max_steps:146|self_collision:46
3690,200000,0.7670233249664307,0.3779668903237333,0.4613516472113523,45.92578125,137.796875,0.1669921875,0.1140575185418129,-0.7210809588432312,0.006191160064190626,-1.8868857622146606,9999.550205230713,pos_err_exceeded:605|joint_limit:206|max_steps:171|self_collision:42
3700,200000,0.7950975298881531,0.44374470487859075,0.5323042691155405,57.2314453125,143.3671875,0.1865234375,0.10343419015407562,-0.7409646511077881,0.006159123033285141,-1.8532767295837402,10026.772073984146,pos_err_exceeded:607|joint_limit:197|max_steps:191|self_collision:24
3710,200000,0.7539409399032593,0.38030741035988236,0.4709857528524989,50.462890625,146.4140625,0.1640625,0.10130715370178223,-0.7309079766273499,0.006127038970589638,-1.9971835613250732,10053.876009941101,pos_err_exceeded:567|joint_limit:218|max_steps:168|self_collision:49
3720,200000,0.7913713455200195,0.42866579173894576,0.5232259959403784,54.6806640625,141.0859375,0.1748046875,0.1025896817445755,-0.7551707029342651,0.00609526177868247,-2.060028314590454,10080.87853193283,pos_err_exceeded:605|joint_limit:200|max_steps:179|self_collision:40
3730,200000,0.7607091665267944,0.42045960938687166,0.5303420609581565,48.3271484375,135.34375,0.1708984375,0.09559936076402664,-0.7631739377975464,0.006063530687242746,-2.6094095706939697,10107.12218117714,pos_err_exceeded:605|joint_limit:196|max_steps:175|self_collision:38
3740,200000,0.7847038507461548,0.45415201339426836,0.5420461043049393,51.6787109375,135.8359375,0.205078125,0.09463401138782501,-0.7299444675445557,0.006032738368958235,-1.8398462533950806,10133.786441087723,pos_err_exceeded:519|joint_limit:236|max_steps:210|self_collision:58
3750,200000,0.7965133190155029,0.4423572936109671,0.5137477953280749,56.474609375,142.53125,0.189453125,0.09271077066659927,-0.7409511208534241,0.0060011413879692554,-2.1022350788116455,10160.13111948967,pos_err_exceeded:566|joint_limit:231|max_steps:194|self_collision:27
3760,200000,0.7383347749710083,0.3605967268884099,0.46321394368071905,43.658203125,142.3046875,0.1416015625,0.10846220701932907,-0.7345489263534546,0.005969905760139227,-2.1161892414093018,10187.261981248856,pos_err_exceeded:605|joint_limit:211|max_steps:145|self_collision:63
3770,200000,0.7837264537811279,0.4182142617153908,0.5037354796589465,49.2509765625,132.03125,0.193359375,0.09116041660308838,-0.7552273273468018,0.005939132999628782,-2.1800999641418457,10213.8060028553,pos_err_exceeded:552|joint_limit:219|max_steps:198|self_collision:46
3780,200000,0.7792826294898987,0.44274303508604984,0.5303095996162016,54.1728515625,134.8671875,0.173828125,0.09102606028318405,-0.7392551302909851,0.005908851511776447,-2.0829086303710938,10240.355290174484,pos_err_exceeded:564|joint_limit:226|max_steps:178|self_collision:55
3790,200000,0.7469462156295776,0.4127201788542955,0.5110569006812131,52.1904296875,139.78125,0.1796875,0.08719931542873383,-0.7434449791908264,0.005878676660358906,-2.3876309394836426,10266.868844509125,pos_err_exceeded:504|joint_limit:233|max_steps:184|self_collision:92
3800,200000,0.7729979157447815,0.38582219891245373,0.4764604628552177,51.421875,141.234375,0.169921875,0.10089120268821716,-0.7581424713134766,0.005848756525665522,-2.0548224449157715,10293.611567258835,pos_err_exceeded:622|joint_limit:180|max_steps:174|self_collision:45
3810,200000,0.7664356231689453,0.3857812085224411,0.47731180594978784,43.9501953125,136.1015625,0.19921875,0.08994213491678238,-0.7402480840682983,0.0058188773691654205,-2.3445281982421875,10320.16376042366,pos_err_exceeded:533|joint_limit:235|max_steps:204|self_collision:50
3820,200000,0.7692857384681702,0.4417616995096687,0.5409274959525137,51.9892578125,132.375,0.18359375,0.0951947271823883,-0.7612027525901794,0.005788872018456459,-2.197049140930176,10346.871379613876,pos_err_exceeded:558|joint_limit:208|max_steps:188|self_collision:63
3830,200000,0.7431724071502686,0.37129298344498174,0.45889197810892957,42.6689453125,130.7734375,0.1640625,0.1001635491847992,-0.7390781044960022,0.005759183783084154,-2.360260486602783,10373.909166574478,pos_err_exceeded:558|joint_limit:223|max_steps:168|self_collision:54
3840,200000,0.7692650556564331,0.390975887889624,0.48926753691296154,45.6640625,135.3359375,0.166015625,0.10392431914806366,-0.7524914741516113,0.005729726981371641,-2.1886305809020996,10400.747100830078,pos_err_exceeded:601|joint_limit:183|max_steps:170|self_collision:70
3850,200000,0.757841944694519,0.3994578636183936,0.5012981528072611,48.388671875,140.03125,0.181640625,0.1080768033862114,-0.744364321231842,0.0057001784443855286,-2.3586525917053223,10427.606199026108,pos_err_exceeded:612|max_steps:186|joint_limit:180|self_collision:37
3860,200000,0.7744002342224121,0.4371533740340523,0.5246687558997984,58.0224609375,147.4609375,0.1875,0.10236611217260361,-0.7310184836387634,0.005670785438269377,-2.3113088607788086,10454.442916154861,pos_err_exceeded:526|joint_limit:250|max_steps:192|self_collision:56
3870,200000,0.7668456435203552,0.43142819802800336,0.509619388086663,48.544921875,137.8984375,0.2265625,0.0922597125172615,-0.7432104349136353,0.005641796626150608,-2.3002638816833496,10480.16790318489,pos_err_exceeded:475|max_steps:232|joint_limit:221|self_collision:76
3880,200000,0.7351876497268677,0.3949863455176431,0.530281535042378,52.572265625,147.1328125,0.1943359375,0.09343519806861877,-0.758759617805481,0.005613301880657673,-2.3161661624908447,10506.858502388,pos_err_exceeded:561|joint_limit:212|max_steps:199|self_collision:38
3890,200000,0.7770172953605652,0.3576351322202318,0.43945781412675944,44.9482421875,142.4609375,0.1376953125,0.08410990983247757,-0.7493675351142883,0.005584864877164364,-2.307412624359131,10533.320631027222,pos_err_exceeded:597|joint_limit:215|max_steps:141|self_collision:70
3900,200000,0.7337212562561035,0.36237769377477713,0.4697554516158162,50.3828125,150.1484375,0.1533203125,0.09938451647758484,-0.7372747659683228,0.005556771531701088,-2.50120210647583,10559.465734243393,pos_err_exceeded:633|joint_limit:202|max_steps:157|init_ik_fail:16
3910,200000,0.7844231724739075,0.4219953810768977,0.5203407942342253,51.431640625,137.546875,0.150390625,0.08411788940429688,-0.7592898011207581,0.005528831854462624,-2.4494028091430664,10585.77299284935,pos_err_exceeded:621|joint_limit:202|max_steps:154|self_collision:46
3920,200000,0.784753680229187,0.4166917608676137,0.5035265018787922,49.7978515625,139.2109375,0.171875,0.10025756061077118,-0.7701805830001831,0.0055007790215313435,-2.5894436836242676,10612.787050008774,pos_err_exceeded:572|joint_limit:235|max_steps:176|self_collision:23
3930,200000,0.7857046723365784,0.4321771774353777,0.5129747138334144,51.712890625,139.125,0.1845703125,0.08927421271800995,-0.7353955507278442,0.005473027471452951,-2.767939805984497,10639.32210612297,pos_err_exceeded:552|joint_limit:248|max_steps:189|self_collision:26
3940,200000,0.741961658000946,0.37191946692047817,0.46432287654326176,46.1318359375,138.546875,0.1533203125,0.09842218458652496,-0.7372127175331116,0.005445820279419422,-2.3970813751220703,10666.433905363083,pos_err_exceeded:629|joint_limit:182|max_steps:157|self_collision:46
3950,200000,0.8108612298965454,0.4722459213066478,0.565956660161351,53.8212890625,135.3828125,0.2255859375,0.1048072874546051,-0.7518021464347839,0.005418139509856701,-2.5250139236450195,10692.969534158707,pos_err_exceeded:629|max_steps:231|joint_limit:162|self_collision:2
3960,200000,0.7646641135215759,0.377626882501447,0.4643127329549934,47.1064453125,140.671875,0.1513671875,0.10461494326591492,-0.7518609762191772,0.00539105711504817,-2.7867777347564697,10718.722905635834,pos_err_exceeded:575|joint_limit:234|max_steps:155|self_collision:49
3970,200000,0.7792596817016602,0.3923574842685096,0.4773568174588049,47.7646484375,135.7890625,0.173828125,0.09874451160430908,-0.7335454225540161,0.005364211276173592,-2.700226306915283,10745.408642292023,pos_err_exceeded:561|joint_limit:247|max_steps:178|self_collision:38
3980,200000,0.7862644791603088,0.3891218711302994,0.47305855430577426,44.8955078125,138.5234375,0.1611328125,0.09258994460105896,-0.7534213066101074,0.00533741619437933,-2.5758814811706543,10772.441234111786,pos_err_exceeded:620|joint_limit:193|max_steps:165|self_collision:28
3990,200000,0.7330484390258789,0.39991324998492334,0.49878553832478234,47.5556640625,132.5625,0.169921875,0.09790334105491638,-0.7467198371887207,0.005310445558279753,-2.590446949005127,10799.202112913132,pos_err_exceeded:585|joint_limit:205|max_steps:174|self_collision:37
4000,200000,0.7908810973167419,0.4120511625052711,0.5090879883520307,52.3935546875,145.3671875,0.19140625,0.09712651371955872,-0.7415499687194824,0.00528374221175909,-2.5093812942504883,10826.034503936768,pos_err_exceeded:581|joint_limit:230|max_steps:196|self_collision:17
4010,200000,0.7298306226730347,0.39603473816783297,0.49650511269783076,48.0908203125,137.7734375,0.169921875,0.10268405079841614,-0.7605959177017212,0.005257403943687677,-2.5840554237365723,10852.910574674606,pos_err_exceeded:565|joint_limit:214|max_steps:174|self_collision:63
4020,200000,0.8163738250732422,0.44057649639979696,0.5347700952857234,52.2919921875,133.0,0.2294921875,0.08645908534526825,-0.7805832028388977,0.005231004673987627,-2.874356269836426,10880.39927649498,pos_err_exceeded:558|max_steps:235|joint_limit:207|self_collision:24
4030,200000,0.7315463423728943,0.32416668818483035,0.4189695376002277,41.396484375,140.3125,0.12109375,0.10139055550098419,-0.7417296171188354,0.005204919259995222,-2.745494842529297,10906.884932756424,pos_err_exceeded:643|joint_limit:203|max_steps:124|self_collision:42
4040,200000,0.7905117869377136,0.402979533949561,0.4904427455791232,49.1630859375,135.5859375,0.146484375,0.08905200660228729,-0.7466835975646973,0.005179065279662609,-2.886481285095215,10934.179854869843,pos_err_exceeded:561|joint_limit:246|max_steps:150|self_collision:67
4050,200000,0.7785427570343018,0.34234870879262036,0.42483922896826554,45.494140625,142.84375,0.125,0.08942394703626633,-0.7271938323974609,0.00515286298468709,-2.7202422618865967,10961.515234231949,pos_err_exceeded:635|joint_limit:222|max_steps:128|self_collision:29
4060,200000,0.795245885848999,0.3794029167899011,0.4495107760658643,47.3291015625,138.875,0.162109375,0.097579225897789,-0.7139551043510437,0.0051269084215164185,-2.551163673400879,10987.181196451187,pos_err_exceeded:602|joint_limit:190|max_steps:166|self_collision:50
4070,200000,0.7363414764404297,0.3904180564818871,0.489882598430379,49.4013671875,143.3828125,0.1376953125,0.09294987469911575,-0.7504805326461792,0.005101446527987719,-2.6999614238739014,11014.471597909927,pos_err_exceeded:605|joint_limit:213|max_steps:141|self_collision:58
4080,200000,0.7553784847259521,0.39605092834311983,0.5005523206374181,49.6005859375,138.421875,0.1669921875,0.08439712226390839,-0.7529153823852539,0.005076205357909203,-2.7990572452545166,11041.730851888657,pos_err_exceeded:581|joint_limit:196|max_steps:171|self_collision:67
4090,200000,0.7857024669647217,0.42410690638815635,0.5237720843894548,51.08203125,140.515625,0.1923828125,0.0885738879442215,-0.7491781711578369,0.00505069037899375,-2.505633592605591,11068.928590536118,pos_err_exceeded:571|joint_limit:217|max_steps:197|self_collision:33
4100,200000,0.7923949360847473,0.47034281232167274,0.5635210074775618,54.0458984375,128.8203125,0.2763671875,0.09836763143539429,-0.7499793767929077,0.005025142338126898,-2.7918710708618164,11095.653844833374,pos_err_exceeded:503|max_steps:283|joint_limit:183|self_collision:55
4110,200000,0.7653177976608276,0.3898390139938445,0.4917958828945568,46.4345703125,139.984375,0.1728515625,0.10036981105804443,-0.7430882453918457,0.004999856930226088,-2.8951852321624756,11122.532526016235,pos_err_exceeded:588|joint_limit:226|max_steps:177|self_collision:30
4120,200000,0.7926772832870483,0.44114721994166906,0.5266024144588597,52.3974609375,134.4765625,0.1943359375,0.10343379527330399,-0.7393521070480347,0.004974594339728355,-2.6948885917663574,11149.434380531311,pos_err_exceeded:574|joint_limit:217|max_steps:199|self_collision:26
4130,200000,0.729247510433197,0.41223700453046364,0.5399684524374666,49.64453125,134.1953125,0.171875,0.09823711961507797,-0.7446166276931763,0.004949754569679499,-2.7007012367248535,11176.046123743057,pos_err_exceeded:584|joint_limit:221|max_steps:176|self_collision:41
4140,200000,0.7617686986923218,0.3806085815272591,0.4580677525756004,47.8056640625,144.078125,0.1533203125,0.0784573033452034,-0.7782753705978394,0.004925000946968794,-2.8664488792419434,11202.797924518585,pos_err_exceeded:566|joint_limit:227|max_steps:157|self_collision:67
4150,200000,0.7634670734405518,0.4165100250151844,0.508587187286384,47.822265625,135.203125,0.20703125,0.09389006346464157,-0.7455839514732361,0.004900509491562843,-2.738238573074341,11229.442503929138,pos_err_exceeded:575|max_steps:212|joint_limit:171|self_collision:63
4160,200000,0.7815716862678528,0.411398616220107,0.4919065799276662,53.634765625,142.4140625,0.203125,0.09463807195425034,-0.7551906108856201,0.004876118618994951,-2.8602795600891113,11255.950222730637,pos_err_exceeded:608|max_steps:208|joint_limit:156|self_collision:52
4170,200000,0.7499111890792847,0.3427204017094913,0.43075871299705404,48.6162109375,146.9375,0.1328125,0.09749734401702881,-0.7706615924835205,0.004851469770073891,-2.8747692108154297,11282.305921792984,pos_err_exceeded:595|joint_limit:224|max_steps:136|self_collision:45
4180,200000,0.7430514097213745,0.38985188362308554,0.5080635798703572,45.697265625,129.1796875,0.16015625,0.09792196750640869,-0.7668537497520447,0.004826683085411787,-2.6867613792419434,11309.138128042221,pos_err_exceeded:612|joint_limit:202|max_steps:164|self_collision:45
4190,200000,0.7287836670875549,0.35330173229681755,0.4538206986900648,44.91015625,142.6953125,0.1767578125,0.08699476718902588,-0.7735196948051453,0.004802208859473467,-3.05633544921875,11336.195471286774,pos_err_exceeded:563|max_steps:181|joint_limit:175|self_collision:99
4200,200000,0.7296713590621948,0.3759012062501184,0.47610433735013113,47.716796875,145.859375,0.1748046875,0.096925288438797,-0.7393938302993774,0.004778004251420498,-3.317526340484619,11363.069885730743,pos_err_exceeded:528|joint_limit:252|max_steps:179|self_collision:51
4210,200000,0.7387596368789673,0.383036420796084,0.45869969472783856,46.5087890625,139.078125,0.197265625,0.08626909554004669,-0.7609133720397949,0.004754819441586733,-2.9353585243225098,11389.90948677063,pos_err_exceeded:566|max_steps:202|joint_limit:186|self_collision:41
4220,200000,0.7650063037872314,0.36440387919769945,0.4649507414405067,47.263671875,149.9765625,0.13671875,0.09755057841539383,-0.7437170147895813,0.004731016233563423,-2.961620330810547,11416.318075418472,pos_err_exceeded:619|joint_limit:225|max_steps:140|self_collision:31
4230,200000,0.7688350081443787,0.4019166078850891,0.5035364459725538,49.98046875,141.0703125,0.173828125,0.08673405647277832,-0.7753125429153442,0.0047071995213627815,-2.959782600402832,11443.262265920639,pos_err_exceeded:607|joint_limit:203|max_steps:178|self_collision:30
4240,200000,0.8005621433258057,0.41482312569417334,0.5049797520830522,51.9833984375,138.4140625,0.2001953125,0.10241015255451202,-0.7732746601104736,0.004684112500399351,-3.1561522483825684,11470.088562726974,pos_err_exceeded:527|joint_limit:254|max_steps:205|self_collision:34
4250,200000,0.8134194016456604,0.3829758419716539,0.4597329251781854,46.5849609375,135.171875,0.17578125,0.08857522904872894,-0.7621276378631592,0.004660740960389376,-2.818798065185547,11496.700692176819,pos_err_exceeded:627|joint_limit:190|max_steps:180|self_collision:17
4260,200000,0.7790642976760864,0.3725988643645297,0.4642301062625986,47.40625,142.8984375,0.1337890625,0.08821998536586761,-0.7509407997131348,0.004637278616428375,-2.9164960384368896,11523.068976402283,pos_err_exceeded:652|joint_limit:189|max_steps:137|self_collision:46
4270,200000,0.7315686345100403,0.36011335710621306,0.46042220780122584,45.3779296875,138.9609375,0.169921875,0.0845717340707779,-0.73759925365448,0.0046140942722558975,-3.122316360473633,11549.123362064362,pos_err_exceeded:574|joint_limit:237|max_steps:174|self_collision:26
4280,200000,0.7690013647079468,0.4176637164422238,0.5002501055027486,53.6416015625,144.5625,0.2099609375,0.08737560361623764,-0.7406488060951233,0.004590533208101988,-3.106389284133911,11575.118440151215,pos_err_exceeded:526|joint_limit:225|max_steps:215|self_collision:48
4290,200000,0.7131630182266235,0.3315212600451404,0.4205277871865588,44.890625,151.6875,0.1025390625,0.09263229370117188,-0.7501609325408936,0.004567169118672609,-3.065255641937256,11601.67817234993,pos_err_exceeded:596|joint_limit:239|max_steps:105|self_collision:74
4300,200000,0.7574935555458069,0.4024042051597499,0.49096418541318315,47.8525390625,136.734375,0.1435546875,0.09218934178352356,-0.7769805192947388,0.00454414077103138,-3.6041433811187744,11628.562965154648,pos_err_exceeded:576|joint_limit:244|max_steps:147|self_collision:49
4310,200000,0.7240794897079468,0.3878842091006419,0.4905707068091249,48.58203125,138.453125,0.173828125,0.09311125427484512,-0.7293851971626282,0.004521769471466541,-2.978209972381592,11655.139215707779,pos_err_exceeded:569|joint_limit:215|max_steps:178|self_collision:40
4320,200000,0.7950934171676636,0.4393186861227649,0.5146572895260353,54.2626953125,143.65625,0.1943359375,0.10693060606718063,-0.7434763312339783,0.004499085713177919,-2.9045472145080566,11682.436611175537,pos_err_exceeded:613|max_steps:199|joint_limit:164|self_collision:24
4330,200000,0.7828009128570557,0.4200080851696325,0.5219123023925119,54.71484375,141.09375,0.205078125,0.08472848683595657,-0.7662007808685303,0.004476665053516626,-2.8059186935424805,11709.427904605865,pos_err_exceeded:561|joint_limit:219|max_steps:210|self_collision:33
4340,200000,0.7993284463882446,0.4258263611675489,0.524760566891223,51.4970703125,140.5234375,0.1982421875,0.09512980282306671,-0.7508882284164429,0.004454403184354305,-2.981232166290283,11736.644664764404,pos_err_exceeded:597|max_steps:203|joint_limit:199|self_collision:25
4350,200000,0.8214763402938843,0.41200420346569133,0.487740410641157,48.615234375,132.484375,0.18359375,0.0853254422545433,-0.75648432970047,0.004431989509612322,-3.1080808639526367,11763.72569346428,pos_err_exceeded:654|max_steps:188|joint_limit:161|self_collision:21
4360,200000,0.7741111516952515,0.3909377471472333,0.48272398985442666,46.947265625,134.21875,0.142578125,0.09183153510093689,-0.7699064016342163,0.004409781191498041,-3.206385612487793,11790.358070611954,pos_err_exceeded:638|joint_limit:173|max_steps:146|self_collision:47
4370,200000,0.755203366279602,0.41535269350400106,0.5205817644485937,49.791015625,137.65625,0.1591796875,0.10352723300457001,-0.7719123363494873,0.004387546330690384,-3.249295234680176,11817.358744859695,pos_err_exceeded:610|joint_limit:209|max_steps:163|self_collision:35
4380,200000,0.773213267326355,0.45768967827633755,0.5483955307344905,54.73828125,138.1015625,0.2177734375,0.08803115785121918,-0.755936861038208,0.0043651629239320755,-3.1189236640930176,11843.99786734581,pos_err_exceeded:547|max_steps:223|joint_limit:184|self_collision:58
4390,200000,0.7279776930809021,0.3746094877633821,0.4827639679923872,47.2685546875,145.5859375,0.1513671875,0.101728156208992,-0.7241333723068237,0.004342873580753803,-3.234346866607666,11870.798026561737,pos_err_exceeded:558|joint_limit:241|max_steps:155|self_collision:63
4400,200000,0.7307859063148499,0.3592698746277514,0.4747783158732297,44.1435546875,137.859375,0.1328125,0.09601183235645294,-0.75337815284729,0.004321052227169275,-3.2498576641082764,11897.395009756088,pos_err_exceeded:583|joint_limit:240|max_steps:136|self_collision:61
4410,200000,0.7915177941322327,0.41260191374153093,0.48448541410424006,49.935546875,136.9765625,0.1806640625,0.09917037189006805,-0.7601587176322937,0.004299608990550041,-3.251431465148926,11924.085955142975,pos_err_exceeded:565|joint_limit:233|max_steps:185|self_collision:41
4420,200000,0.7789650559425354,0.3703756495776028,0.4632365288870986,52.431640625,150.1953125,0.111328125,0.10213468968868256,-0.7436056137084961,0.00427844375371933,-3.335623264312744,11950.326773643494,pos_err_exceeded:631|joint_limit:246|max_steps:114|self_collision:25
4430,200000,0.7512509822845459,0.39198070194775037,0.47337747145099024,46.6533203125,132.359375,0.1484375,0.09012790024280548,-0.7866193056106567,0.004257468041032553,-3.2505850791931152,11977.081594705582,pos_err_exceeded:605|joint_limit:200|max_steps:152|self_collision:66
4440,200000,0.7579172849655151,0.3911952812379517,0.48365854494089033,46.287109375,133.375,0.181640625,0.09430453181266785,-0.7569257020950317,0.004236277658492327,-3.1988275051116943,12004.019250869751,pos_err_exceeded:561|joint_limit:221|max_steps:186|self_collision:40
4450,200000,0.7978554964065552,0.41528871898505737,0.5050136805046233,48.1708984375,134.4296875,0.2001953125,0.08740417659282684,-0.7842182517051697,0.004215803928673267,-3.0382606983184814,12030.384491920471,pos_err_exceeded:585|max_steps:205|joint_limit:200|self_collision:34
4460,200000,0.8057392835617065,0.39766583735180805,0.4689670016149899,47.666015625,143.65625,0.171875,0.09531813859939575,-0.7564419507980347,0.004195207264274359,-3.4034199714660645,12056.92185306549,pos_err_exceeded:603|joint_limit:217|max_steps:176|self_collision:28
4470,200000,0.7935622930526733,0.384187008498742,0.47897455625133023,47.1435546875,136.046875,0.1474609375,0.10581442713737488,-0.7753192186355591,0.004174662753939629,-3.248389720916748,12083.610831022263,pos_err_exceeded:557|joint_limit:285|max_steps:151|self_collision:23
4480,200000,0.7549494504928589,0.4640911319354882,0.5724837051517282,57.109375,137.1953125,0.1923828125,0.09007377922534943,-0.7576885223388672,0.004154311027377844,-3.313821315765381,12110.120898485184,pos_err_exceeded:531|joint_limit:238|max_steps:197|self_collision:42
4490,200000,0.7864512801170349,0.37599642249405896,0.44564522086540476,50.0537109375,145.1640625,0.166015625,0.09932264685630798,-0.7539701461791992,0.0041340733878314495,-3.513979911804199,12137.092612028122,pos_err_exceeded:629|max_steps:170|joint_limit:163|self_collision:57
4500,200000,0.7743595838546753,0.40150648961457447,0.49077501096550796,47.77734375,138.65625,0.16796875,0.08947670459747314,-0.7703080177307129,0.004113638773560524,-3.241978406906128,12162.60736656189,pos_err_exceeded:620|max_steps:172|joint_limit:168|self_collision:62
4510,200000,0.7840580940246582,0.35770112840273094,0.4658635790576132,44.794921875,147.421875,0.1513671875,0.10468263924121857,-0.7252682447433472,0.00409320555627346,-3.9005870819091797,12189.085450410843,pos_err_exceeded:649|joint_limit:178|max_steps:155|self_collision:42
4520,200000,0.7744045257568359,0.39862375490299173,0.4873015967404057,49.3115234375,143.1015625,0.1572265625,0.09285486489534378,-0.7328737378120422,0.004073281306773424,-3.2235958576202393,12216.306300640106,pos_err_exceeded:644|joint_limit:196|max_steps:161|self_collision:21
4530,200000,0.8011769652366638,0.3807778736740498,0.44200010751740665,45.9580078125,135.03125,0.1416015625,0.08761027455329895,-0.7573331594467163,0.004053108394145966,-3.6882412433624268,12241.948184728622,pos_err_exceeded:670|joint_limit:148|max_steps:145|self_collision:61
4540,200000,0.7644799947738647,0.4102908862757835,0.5060134201106343,52.669921875,147.140625,0.146484375,0.09718398004770279,-0.7447913885116577,0.004033233039081097,-3.2696378231048584,12269.089587211609,pos_err_exceeded:564|joint_limit:215|max_steps:150|self_collision:86
4550,200000,0.7705074548721313,0.3585010499466089,0.4400483261278428,43.0107421875,135.515625,0.119140625,0.09478314965963364,-0.7580071687698364,0.004013302735984325,-3.1810879707336426,12295.006140947342,pos_err_exceeded:598|joint_limit:254|max_steps:122|self_collision:35
4560,200000,0.7785220742225647,0.3478685442339715,0.42652963544448114,44.833984375,145.9453125,0.1240234375,0.09278575330972672,-0.7537186145782471,0.003993249963968992,-3.4547743797302246,12322.100298404694,pos_err_exceeded:631|joint_limit:234|max_steps:127|self_collision:30
4570,200000,0.741028904914856,0.36722752560907423,0.4613905781035256,42.75,136.671875,0.1728515625,0.0968264788389206,-0.759488582611084,0.003973611164838076,-3.567047119140625,12348.702752828598,pos_err_exceeded:576|joint_limit:214|max_steps:177|self_collision:57
4580,200000,0.7141350507736206,0.3407069827011283,0.460504684139721,46.05859375,146.96875,0.1279296875,0.08727048337459564,-0.7516441941261292,0.00395446689799428,-3.8726344108581543,12375.156840801239,pos_err_exceeded:658|joint_limit:176|max_steps:131|self_collision:33
4590,200000,0.7640261650085449,0.3856855423311157,0.4872427281111671,48.3251953125,142.96875,0.1748046875,0.08732423186302185,-0.7766183614730835,0.0039356485940515995,-4.014954566955566,12401.54408788681,pos_err_exceeded:528|joint_limit:248|max_steps:179|self_collision:63
4600,200000,0.7620835900306702,0.39648812554534646,0.492751601576598,51.4853515625,143.0234375,0.15625,0.0869445726275444,-0.7583301663398743,0.003916870336979628,-3.828521251678467,12427.750645399094,pos_err_exceeded:609|joint_limit:196|max_steps:160|self_collision:59
4610,200000,0.7870082259178162,0.3747480550556468,0.45490767684152544,45.93359375,141.5859375,0.14453125,0.08708012104034424,-0.7666062116622925,0.003898291615769267,-3.6773955821990967,12454.607000112534,pos_err_exceeded:575|joint_limit:224|max_steps:148|self_collision:59
4620,200000,0.7619025111198425,0.39740011221076926,0.4967814165317153,50.9365234375,141.9765625,0.1650390625,0.09706040471792221,-0.7552782297134399,0.003879454918205738,-3.8673646450042725,12481.414005994797,pos_err_exceeded:522|joint_limit:249|max_steps:169|self_collision:68
4630,200000,0.8063241243362427,0.4782435393518425,0.5569686409081778,55.25390625,128.5234375,0.22265625,0.1042388379573822,-0.800764262676239,0.0038610645569860935,-3.9506583213806152,12507.835061311722,pos_err_exceeded:551|max_steps:228|joint_limit:184|self_collision:51
4640,200000,0.7828383445739746,0.39355950138224377,0.49167863204495604,46.37109375,138.765625,0.173828125,0.08438020944595337,-0.7645243406295776,0.0038421626668423414,-3.7216649055480957,12533.981353521347,pos_err_exceeded:607|joint_limit:202|max_steps:178|self_collision:37
4650,200000,0.7796537280082703,0.39485422315800595,0.47901663644049985,49.5361328125,141.140625,0.119140625,0.09212294220924377,-0.7860507965087891,0.0038236938416957855,-3.4370546340942383,12560.396362304688,pos_err_exceeded:624|joint_limit:213|max_steps:122|self_collision:60
4660,200000,0.7810389399528503,0.3630036397644437,0.4382633078881293,45.6953125,139.28125,0.15625,0.0986214429140091,-0.7430418729782104,0.0038053628522902727,-3.636160135269165,12587.890812397003,pos_err_exceeded:651|joint_limit:167|max_steps:160|self_collision:46
4670,200000,0.8482394218444824,0.48114792268314355,0.5438233922119237,59.154296875,137.5859375,0.25,0.08927261829376221,-0.7576900720596313,0.003786868881434202,-4.072513103485107,12615.041236162186,pos_err_exceeded:597|max_steps:256|joint_limit:151|self_collision:20
4680,200000,0.7998355627059937,0.39124291085720986,0.4700991926309072,50.9375,142.25,0.1796875,0.08968371897935867,-0.7817080616950989,0.0037686803843826056,-3.9164371490478516,12641.668780326843,pos_err_exceeded:647|max_steps:184|joint_limit:147|self_collision:34
4690,200000,0.7940950393676758,0.5102759153076628,0.6191308663321179,58.640625,131.03125,0.255859375,0.09147834777832031,-0.7862322330474854,0.0037511067930608988,-3.77490234375,12668.30616927147,pos_err_exceeded:528|max_steps:262|joint_limit:188|self_collision:37
4700,200000,0.7732721567153931,0.39048284979515924,0.478051208014106,54.7265625,144.046875,0.1630859375,0.096547432243824,-0.740155816078186,0.0037330365739762783,-3.791977643966675,12694.681666851044,pos_err_exceeded:594|joint_limit:213|max_steps:167|self_collision:42
4710,200000,0.7619178295135498,0.37756569746350216,0.471641963195796,45.7314453125,138.734375,0.1826171875,0.07595621049404144,-0.7752915620803833,0.0037155637983232737,-3.9561867713928223,12721.512688875198,pos_err_exceeded:593|max_steps:187|joint_limit:184|self_collision:51
4720,200000,0.7124101519584656,0.3747679820286637,0.48215361343549645,47.4580078125,144.75,0.1279296875,0.09973540157079697,-0.7676632404327393,0.0036978162825107574,-3.7792296409606934,12748.056879997253,pos_err_exceeded:566|joint_limit:232|max_steps:131|self_collision:81
4730,200000,0.7990802526473999,0.3806259330353799,0.45474656065954877,46.548828125,145.015625,0.16796875,0.08808907866477966,-0.7382667064666748,0.003680173074826598,-4.005797386169434,12774.649918556213,pos_err_exceeded:627|joint_limit:175|max_steps:172|self_collision:44
4740,200000,0.7302606105804443,0.38828988397349024,0.49667309537625115,44.7255859375,133.484375,0.203125,0.08940783143043518,-0.7835649251937866,0.00366264209151268,-3.895674228668213,12801.274008512497,pos_err_exceeded:583|max_steps:208|joint_limit:171|self_collision:61
4750,200000,0.8027864694595337,0.41034913054784183,0.49439702651360334,46.8837890625,129.7890625,0.1298828125,0.11091600358486176,-0.7726525068283081,0.003645435906946659,-3.8817803859710693,12828.119096040726,pos_err_exceeded:699|joint_limit:169|max_steps:133|self_collision:23
4760,200000,0.7966536283493042,0.4148217712400233,0.49173930663685506,52.46875,138.859375,0.1748046875,0.08489449322223663,-0.7783857583999634,0.0036279663909226656,-4.3245930671691895,12855.017841815948,pos_err_exceeded:664|max_steps:179|joint_limit:136|self_collision:45
4770,200000,0.7580916881561279,0.3408528136027041,0.44058743248112175,47.0458984375,152.9296875,0.1259765625,0.09115403145551682,-0.7721207737922668,0.0036108458880335093,-4.13413667678833,12882.09266257286,pos_err_exceeded:611|joint_limit:242|max_steps:129|self_collision:33
4780,200000,0.8014851808547974,0.4130652893938389,0.47436692081871906,54.6396484375,151.1640625,0.18359375,0.08741937577724457,-0.771785318851471,0.0035939007066190243,-4.297154426574707,12908.892851114273,pos_err_exceeded:584|joint_limit:215|max_steps:188|self_collision:32
4790,200000,0.7421751022338867,0.3803945863310671,0.46514474270631545,48.37890625,139.6015625,0.1474609375,0.09702008962631226,-0.7573954463005066,0.0035772155970335007,-4.190055847167969,12936.150317668915,pos_err_exceeded:542|joint_limit:242|max_steps:151|self_collision:74
4800,200000,0.7192115783691406,0.3440386668495625,0.4374333117154311,44.7880859375,144.84375,0.1337890625,0.08833985775709152,-0.7687060832977295,0.0035604394506663084,-4.056992530822754,12963.303548336029,pos_err_exceeded:570|joint_limit:232|max_steps:137|self_collision:69
4810,200000,0.7607683539390564,0.40139741475191576,0.5028556961911739,53.388671875,141.21875,0.154296875,0.08075839281082153,-0.8112807273864746,0.003543362021446228,-4.359732627868652,12990.096191167831,pos_err_exceeded:605|joint_limit:199|max_steps:158|self_collision:56
4820,200000,0.7545401453971863,0.38338016620021664,0.46536663015773894,51.80078125,148.4765625,0.1494140625,0.08497387170791626,-0.7673207521438599,0.0035262408200651407,-4.183294296264648,13017.146926164627,pos_err_exceeded:595|joint_limit:219|max_steps:153|self_collision:37
4830,200000,0.7647850513458252,0.3799192082683725,0.4820866693741689,47.4208984375,135.71875,0.146484375,0.09158933162689209,-0.7679966688156128,0.003509463043883443,-4.31436824798584,13043.601961374283,pos_err_exceeded:604|joint_limit:228|max_steps:150|self_collision:42
4840,200000,0.7999855279922485,0.4161572655340257,0.49394668244651796,47.15625,130.6171875,0.2099609375,0.0905161201953888,-0.7451527118682861,0.00349301821552217,-4.190608024597168,13070.139199733734,pos_err_exceeded:583|max_steps:215|joint_limit:185|self_collision:30
4850,200000,0.7778578996658325,0.3576584519296039,0.44211774895872546,44.412109375,139.5625,0.1494140625,0.09944325685501099,-0.7334988117218018,0.0034763370640575886,-4.370474815368652,13096.414204597473,pos_err_exceeded:617|joint_limit:188|max_steps:153|self_collision:64
4860,200000,0.7684645652770996,0.40872025506771303,0.5068098285316315,47.390625,135.640625,0.193359375,0.08851254731416702,-0.7150247097015381,0.0034600377548485994,-4.363296031951904,13123.593423604965,pos_err_exceeded:580|joint_limit:213|max_steps:198|self_collision:25
4870,200000,0.7457150220870972,0.4159915975105569,0.5304779380213547,54.1591796875,137.0703125,0.14453125,0.08800027519464493,-0.7660577893257141,0.003443888621404767,-4.35780143737793,13150.415249586105,pos_err_exceeded:596|joint_limit:195|max_steps:148|self_collision:77
4880,200000,0.8107597231864929,0.42131782833186876,0.5049241662492673,50.5654296875,141.5078125,0.2275390625,0.08975568413734436,-0.7756781578063965,0.003428177908062935,-4.079615592956543,13176.781897306442,pos_err_exceeded:516|max_steps:233|joint_limit:229|self_collision:46
4890,200000,0.7838443517684937,0.40374279449345807,0.4788137972883658,54.388671875,146.1484375,0.177734375,0.08871269226074219,-0.7768417000770569,0.003412076737731695,-4.338094711303711,13203.488340377808,pos_err_exceeded:605|joint_limit:187|max_steps:182|self_collision:39
4900,200000,0.7983245849609375,0.39809775299133565,0.48593573674372637,47.162109375,132.0,0.15234375,0.0850493460893631,-0.8083143830299377,0.0033963134046643972,-4.235657215118408,13230.298933267593,pos_err_exceeded:618|joint_limit:232|max_steps:156|self_collision:18
4910,200000,0.7840887308120728,0.4524637506290788,0.5546713123215381,55.318359375,140.453125,0.2294921875,0.08687329292297363,-0.7672284841537476,0.003380757989361882,-4.445682525634766,13257.612725496292,pos_err_exceeded:559|max_steps:235|joint_limit:183|self_collision:46
4920,200000,0.7743721008300781,0.3860703701520959,0.47111640658237197,47.23046875,140.7890625,0.1591796875,0.08018133044242859,-0.7657661437988281,0.0033654700964689255,-4.528840065002441,13283.943183898926,pos_err_exceeded:493|joint_limit:304|max_steps:163|self_collision:56
4930,200000,0.7863792181015015,0.3780138662235263,0.45542509348691707,43.5830078125,133.515625,0.19140625,0.08735564351081848,-0.757476806640625,0.0033503775484859943,-4.530550003051758,13310.863186597824,pos_err_exceeded:569|joint_limit:207|max_steps:196|self_collision:40
4940,200000,0.8219343423843384,0.4372016182725424,0.5012914616272962,55.62109375,140.171875,0.19921875,0.08646668493747711,-0.7793852686882019,0.0033354111947119236,-4.86374568939209,13337.818944454193,pos_err_exceeded:596|max_steps:204|joint_limit:155|self_collision:56
4950,200000,0.7957825660705566,0.42714927058630103,0.513008452206108,50.12109375,132.0546875,0.19140625,0.08436398208141327,-0.7648675441741943,0.003320898162201047,-4.850314140319824,13364.354583501816,pos_err_exceeded:560|joint_limit:215|max_steps:196|self_collision:45
4960,200000,0.7748793959617615,0.37836384447396276,0.46312141425913755,47.9140625,140.7109375,0.15234375,0.080684132874012,-0.7868914604187012,0.0033064624294638634,-4.531946182250977,13391.380125284195,pos_err_exceeded:619|joint_limit:169|max_steps:156|self_collision:78
4970,200000,0.7875412106513977,0.36334177792984734,0.44374049571256874,48.1611328125,142.6328125,0.1474609375,0.10178171098232269,-0.7504472732543945,0.0032922010868787766,-4.327075958251953,13418.501989841461,pos_err_exceeded:635|joint_limit:195|max_steps:151|self_collision:34
4980,200000,0.8039358854293823,0.4276794190644348,0.5037628182749351,55.6611328125,143.640625,0.1630859375,0.08001913130283356,-0.7955681681632996,0.0032775274012237787,-4.771599292755127,13444.8944606781,pos_err_exceeded:598|joint_limit:214|max_steps:167|self_collision:41
4990,200000,0.7646687030792236,0.399976388313499,0.48478154377276694,53.6318359375,147.0859375,0.1669921875,0.09272132813930511,-0.7758262157440186,0.0032631466165184975,-4.539512634277344,13471.83454465866,pos_err_exceeded:592|joint_limit:207|max_steps:171|self_collision:35
5000,200000,0.7963567972183228,0.4300923288364452,0.5165068715310626,52.0517578125,143.3125,0.1953125,0.09243901073932648,-0.7780014276504517,0.0032488892320543528,-4.775834083557129,13498.356469392776,pos_err_exceeded:568|joint_limit:212|max_steps:200|self_collision:44
