task_id,T_rl,T_base,ratio_rl_base,term_rl,term_base
0,66,47,1.4042553191489362,cone,cone
1,92,87,1.0574712643678161,lateral,cone
2,23,20,1.15,cone,cone
3,23,11,2.090909090909091,jl,jl
4,78,42,1.8571428571428572,cone,cone
5,23,23,1.0,cone,cone
6,43,41,1.048780487804878,cone,cone
7,26,26,1.0,cone,cone
8,22,22,1.0,cone,cone
9,38,37,1.027027027027027,cone,cone
10,19,18,1.0555555555555556,cone,cone
11,31,31,1.0,lateral,lateral
12,74,30,2.466666666666667,cone,cone
13,32,31,1.032258064516129,cone,cone
14,28,26,1.0769230769230769,cone,cone
15,81,27,3.0,jl,cone
16,45,41,1.0975609756097562,cone,cone
17,89,33,2.696969696969697,cone,cone
18,43,42,1.0238095238095237,cone,cone
19,53,26,2.0384615384615383,cone,cone
20,22,23,0.9565217391304348,cone,cone
21,2,33,0.06060606060606061,jl,cone
22,99,36,2.75,lateral,cone
23,53,53,1.0,lateral,lateral
24,39,37,1.054054054054054,cone,cone
25,87,67,1.2985074626865671,cone,cone
26,47,46,1.0217391304347827,lateral,lateral
27,19,19,1.0,lateral,lateral
28,21,17,1.2352941176470589,cone,cone
29,37,31,1.1935483870967742,cone,cone
30,60,55,1.0909090909090908,cone,cone
31,59,51,1.1568627450980393,cone,cone
32,100,81,1.2345679012345678,cone,cone
33,59,48,1.2291666666666667,cone,cone
34,58,50,1.16,cone,cone
35,50,30,1.6666666666666667,cone,cone
36,10,15,0.6666666666666666,jl,lateral
37,75,35,2.142857142857143,cone,cone
38,45,42,1.0714285714285714,cone,cone
39,21,22,0.9545454545454546,cone,cone
40,1,22,0.045454545454545456,jl,jl
41,50,50,1.0,lateral,lateral
42,54,45,1.2,cone,cone
43,60,60,1.0,lateral,lateral
44,78,58,1.3448275862068966,cone,cone
45,33,26,1.2692307692307692,cone,cone
46,18,19,0.9473684210526315,cone,cone
47,96,93,1.032258064516129,cone,cone
48,41,41,1.0,lateral,lateral
49,16,27,0.5925925925925926,jl,cone
50,27,27,1.0,cone,cone
51,33,27,1.2222222222222223,cone,cone
52,89,41,2.1707317073170733,cone,cone
53,46,35,1.3142857142857143,cone,cone
54,29,31,0.9354838709677419,cone,cone
55,75,39,1.9230769230769231,cone,cone
56,22,26,0.8461538461538461,jl,cone
57,48,43,1.1162790697674418,cone,cone
58,18,18,1.0,cone,cone
59,23,27,0.8518518518518519,jl,jl
60,36,32,1.125,cone,cone
61,2,63,0.031746031746031744,collision,cone
62,38,36,1.0555555555555556,lateral,jl
63,26,11,2.3636363636363638,jl,jl
64,50,51,0.9803921568627451,cone,cone
65,83,30,2.7666666666666666,cone,cone
66,59,43,1.372093023255814,cone,cone
67,30,30,1.0,lateral,lateral
68,79,25,3.16,jl,jl
69,48,49,0.9795918367346939,cone,cone
70,26,25,1.04,cone,cone
71,79,72,1.0972222222222223,cone,cone
72,24,24,1.0,cone,cone
73,40,34,1.1764705882352942,cone,cone
74,130,33,3.9393939393939394,cone,cone
75,17,17,1.0,cone,cone
76,83,71,1.1690140845070423,cone,cone
77,56,47,1.1914893617021276,cone,cone
78,15,15,1.0,lateral,lateral
79,25,35,0.7142857142857143,jl,cone
80,54,49,1.1020408163265305,cone,cone
81,58,40,1.45,cone,cone
82,55,46,1.1956521739130435,cone,cone
83,35,24,1.4583333333333333,cone,cone
84,41,35,1.1714285714285715,cone,cone
85,23,24,0.9583333333333334,jl,cone
86,41,49,0.8367346938775511,jl,jl
87,33,22,1.5,cone,cone
88,53,53,1.0,lateral,lateral
89,19,18,1.0555555555555556,lateral,lateral
90,58,41,1.4146341463414633,cone,cone
91,107,62,1.7258064516129032,cone,cone
92,12,17,0.7058823529411765,jl,jl
93,57,47,1.2127659574468086,cone,cone
94,41,42,0.9761904761904762,cone,cone
95,60,43,1.3953488372093024,cone,cone
96,26,22,1.1818181818181819,cone,cone
97,7,37,0.1891891891891892,jl,cone
98,56,40,1.4,lateral,cone
99,51,32,1.59375,jl,cone
100,81,73,1.1095890410958904,cone,cone
101,48,32,1.5,cone,cone
102,39,40,0.975,jl,cone
103,53,45,1.1777777777777778,cone,cone
104,13,13,1.0,cone,cone
105,28,26,1.0769230769230769,cone,cone
106,22,21,1.0476190476190477,cone,cone
107,59,54,1.0925925925925926,cone,cone
108,3,30,0.1,jl,cone
109,35,56,0.625,jl,jl
110,24,20,1.2,cone,cone
111,51,26,1.9615384615384615,jl,cone
112,25,22,1.1363636363636365,cone,cone
113,31,28,1.1071428571428572,cone,cone
114,33,33,1.0,cone,cone
115,27,36,0.75,jl,jl
116,46,41,1.1219512195121952,cone,cone
117,27,31,0.8709677419354839,jl,cone
118,77,76,1.013157894736842,lateral,lateral
119,43,29,1.4827586206896552,cone,cone
120,22,17,1.2941176470588236,jl,cone
121,17,16,1.0625,cone,cone
122,10,44,0.22727272727272727,jl,cone
123,60,54,1.1111111111111112,cone,cone
124,30,27,1.1111111111111112,jl,jl
125,47,45,1.0444444444444445,cone,cone
126,11,54,0.2037037037037037,jl,cone
127,19,19,1.0,jl,cone
128,47,41,1.146341463414634,cone,cone
129,78,87,0.896551724137931,jl,cone
130,25,23,1.0869565217391304,cone,cone
131,51,33,1.5454545454545454,jl,jl
132,31,23,1.3478260869565217,cone,cone
133,15,16,0.9375,jl,jl
134,62,51,1.2156862745098038,cone,cone
135,20,35,0.5714285714285714,jl,jl
136,29,25,1.16,cone,cone
137,44,25,1.76,jl,cone
138,19,19,1.0,cone,cone
139,38,38,1.0,lateral,lateral
140,19,17,1.1176470588235294,cone,cone
141,19,21,0.9047619047619048,collision,collision
142,17,21,0.8095238095238095,jl,jl
143,34,34,1.0,lateral,lateral
144,35,29,1.206896551724138,cone,cone
145,23,47,0.48936170212765956,jl,cone
146,51,46,1.108695652173913,cone,cone
147,55,46,1.1956521739130435,cone,cone
148,1,48,0.020833333333333332,jl,cone
149,44,35,1.2571428571428571,cone,cone
150,17,18,0.9444444444444444,jl,jl
151,55,41,1.3414634146341464,cone,cone
152,100,87,1.1494252873563218,cone,cone
153,15,24,0.625,jl,jl
154,78,75,1.04,cone,cone
155,16,20,0.8,cone,cone
156,49,41,1.1951219512195121,cone,cone
157,19,19,1.0,cone,cone
158,27,23,1.173913043478261,cone,cone
159,18,19,0.9473684210526315,lateral,lateral
160,37,29,1.2758620689655173,cone,cone
161,54,45,1.2,cone,cone
162,17,18,0.9444444444444444,lateral,lateral
163,26,31,0.8387096774193549,jl,cone
164,22,28,0.7857142857142857,cone,cone
165,19,19,1.0,cone,cone
166,68,77,0.8831168831168831,jl,cone
167,20,23,0.8695652173913043,cone,cone
168,26,31,0.8387096774193549,cone,cone
169,79,42,1.880952380952381,cone,jl
170,38,15,2.533333333333333,jl,cone
171,23,25,0.92,jl,jl
172,56,36,1.5555555555555556,cone,cone
173,11,12,0.9166666666666666,jl,jl
174,69,35,1.9714285714285715,cone,cone
175,51,24,2.125,cone,cone
176,43,39,1.1025641025641026,lateral,cone
177,12,30,0.4,jl,cone
178,50,50,1.0,cone,cone
179,46,28,1.6428571428571428,jl,cone
180,46,33,1.393939393939394,cone,cone
181,10,10,1.0,jl,jl
182,21,21,1.0,cone,cone
183,7,17,0.4117647058823529,jl,jl
184,43,25,1.72,cone,cone
185,57,39,1.4615384615384615,cone,cone
186,69,34,2.0294117647058822,cone,cone
187,36,36,1.0,lateral,lateral
188,47,39,1.205128205128205,cone,cone
189,38,41,0.926829268292683,jl,jl
190,65,38,1.7105263157894737,cone,cone
191,26,21,1.2380952380952381,jl,jl
192,49,40,1.225,cone,cone
193,27,22,1.2272727272727273,cone,cone
194,61,39,1.564102564102564,cone,cone
195,35,34,1.0294117647058822,cone,cone
196,10,11,0.9090909090909091,jl,jl
197,24,21,1.1428571428571428,cone,cone
198,77,61,1.2622950819672132,cone,cone
199,17,16,1.0625,cone,cone
200,65,55,1.1818181818181819,cone,cone
201,44,35,1.2571428571428571,cone,cone
202,41,28,1.4642857142857142,cone,cone
203,33,31,1.064516129032258,collision,cone
204,9,45,0.2,jl,cone
205,13,13,1.0,lateral,lateral
206,19,20,0.95,cone,cone
207,52,40,1.3,cone,cone
208,48,31,1.5483870967741935,cone,cone
209,25,34,0.7352941176470589,jl,cone
210,74,22,3.3636363636363638,cone,cone
211,43,32,1.34375,cone,cone
212,6,35,0.17142857142857143,jl,jl
213,16,16,1.0,cone,cone
214,42,36,1.1666666666666667,jl,cone
215,20,19,1.0526315789473684,cone,cone
216,117,111,1.054054054054054,cone,cone
217,28,35,0.8,collision,collision
218,81,33,2.4545454545454546,cone,cone
219,30,27,1.1111111111111112,lateral,cone
220,22,20,1.1,cone,cone
221,36,31,1.1612903225806452,cone,cone
222,51,43,1.186046511627907,cone,cone
223,96,12,8.0,cone,jl
224,66,45,1.4666666666666666,jl,cone
225,39,28,1.3928571428571428,cone,cone
226,30,26,1.1538461538461537,cone,cone
227,95,39,2.4358974358974357,jl,cone
228,26,26,1.0,cone,cone
229,102,27,3.7777777777777777,cone,cone
230,17,32,0.53125,jl,jl
231,16,16,1.0,cone,cone
232,34,20,1.7,jl,cone
233,52,32,1.625,jl,cone
234,18,18,1.0,cone,cone
235,63,60,1.05,cone,cone
236,97,97,1.0,jl,cone
237,55,48,1.1458333333333333,cone,cone
238,41,32,1.28125,cone,cone
239,29,21,1.380952380952381,cone,cone
240,25,27,0.9259259259259259,jl,jl
241,54,28,1.9285714285714286,cone,cone
242,18,18,1.0,cone,cone
243,39,36,1.0833333333333333,jl,cone
244,33,29,1.1379310344827587,cone,cone
245,93,23,4.043478260869565,cone,cone
246,44,38,1.1578947368421053,cone,cone
247,32,24,1.3333333333333333,cone,cone
248,19,20,0.95,jl,jl
249,21,16,1.3125,cone,cone
250,21,21,1.0,cone,cone
251,24,24,1.0,lateral,lateral
252,52,49,1.0612244897959184,jl,cone
253,37,29,1.2758620689655173,jl,jl
254,51,39,1.3076923076923077,cone,cone
255,48,49,0.9795918367346939,jl,jl
256,12,12,1.0,cone,cone
257,76,61,1.2459016393442623,cone,cone
258,9,33,0.2727272727272727,jl,cone
259,16,20,0.8,jl,cone
260,16,60,0.26666666666666666,jl,lateral
261,20,26,0.7692307692307693,jl,cone
262,67,43,1.558139534883721,cone,cone
263,56,31,1.8064516129032258,cone,cone
264,19,37,0.5135135135135135,jl,cone
265,51,46,1.108695652173913,cone,cone
266,72,45,1.6,cone,cone
267,99,105,0.9428571428571428,jl,cone
268,32,25,1.28,cone,cone
269,35,35,1.0,lateral,lateral
270,24,25,0.96,jl,cone
271,83,35,2.3714285714285714,cone,cone
272,21,21,1.0,cone,cone
273,23,27,0.8518518518518519,collision,cone
274,14,37,0.3783783783783784,jl,cone
275,53,47,1.127659574468085,cone,cone
276,21,52,0.40384615384615385,jl,cone
277,43,51,0.8431372549019608,jl,cone
278,32,36,0.8888888888888888,jl,lateral
279,56,49,1.1428571428571428,cone,cone
280,55,55,1.0,lateral,lateral
281,21,21,1.0,cone,cone
282,35,47,0.7446808510638298,jl,jl
283,38,36,1.0555555555555556,cone,cone
284,25,25,1.0,cone,cone
285,69,62,1.1129032258064515,cone,cone
286,16,26,0.6153846153846154,collision,collision
287,22,23,0.9565217391304348,cone,cone
288,20,21,0.9523809523809523,collision,collision
289,36,33,1.0909090909090908,cone,cone
290,38,37,1.027027027027027,cone,cone
291,27,17,1.588235294117647,jl,jl
292,19,18,1.0555555555555556,cone,cone
293,46,46,1.0,cone,cone
294,32,31,1.032258064516129,cone,cone
295,31,31,1.0,cone,cone
296,46,44,1.0454545454545454,cone,cone
297,45,28,1.6071428571428572,cone,cone
298,51,36,1.4166666666666667,cone,cone
299,43,40,1.075,jl,jl
300,16,17,0.9411764705882353,cone,cone
301,20,20,1.0,lateral,lateral
302,19,19,1.0,cone,cone
303,76,26,2.923076923076923,jl,cone
304,85,84,1.0119047619047619,cone,cone
305,38,30,1.2666666666666666,cone,cone
306,26,23,1.1304347826086956,cone,cone
307,25,24,1.0416666666666667,lateral,lateral
308,23,24,0.9583333333333334,cone,cone
309,9,10,0.9,collision,collision
310,67,39,1.7179487179487178,cone,cone
311,41,41,1.0,lateral,lateral
312,32,31,1.032258064516129,lateral,lateral
313,27,47,0.574468085106383,jl,cone
314,18,18,1.0,cone,cone
315,47,23,2.0434782608695654,jl,cone
316,28,20,1.4,cone,cone
317,25,16,1.5625,jl,jl
318,36,24,1.5,cone,cone
319,25,18,1.3888888888888888,cone,cone
320,46,28,1.6428571428571428,cone,cone
321,59,55,1.0727272727272728,cone,cone
322,37,36,1.0277777777777777,cone,cone
323,14,19,0.7368421052631579,jl,jl
324,71,34,2.088235294117647,cone,cone
325,32,22,1.4545454545454546,jl,jl
326,66,65,1.0153846153846153,cone,cone
327,30,27,1.1111111111111112,cone,cone
328,35,24,1.4583333333333333,jl,cone
329,9,22,0.4090909090909091,jl,cone
330,55,51,1.0784313725490196,cone,cone
331,35,27,1.2962962962962963,jl,jl
332,13,10,1.3,jl,jl
333,39,37,1.054054054054054,cone,cone
334,32,29,1.103448275862069,cone,cone
335,26,24,1.0833333333333333,jl,jl
336,59,36,1.6388888888888888,cone,cone
337,33,33,1.0,lateral,cone
338,44,43,1.0232558139534884,jl,cone
339,18,17,1.0588235294117647,cone,cone
340,34,34,1.0,lateral,lateral
341,29,26,1.1153846153846154,lateral,cone
342,15,15,1.0,collision,cone
343,58,47,1.2340425531914894,cone,cone
344,55,54,1.0185185185185186,cone,cone
345,17,20,0.85,collision,cone
346,22,20,1.1,cone,cone
347,92,32,2.875,jl,cone
348,7,10,0.7,jl,jl
349,53,41,1.2926829268292683,cone,cone
350,23,22,1.0454545454545454,cone,cone
351,49,28,1.75,cone,jl
352,12,35,0.34285714285714286,jl,jl
353,82,13,6.3076923076923075,cone,jl
354,12,16,0.75,collision,collision
355,46,44,1.0454545454545454,cone,cone
356,20,18,1.1111111111111112,cone,cone
357,28,25,1.12,jl,cone
358,61,62,0.9838709677419355,lateral,lateral
359,16,17,0.9411764705882353,cone,cone
360,21,19,1.105263157894737,jl,jl
361,73,23,3.1739130434782608,cone,cone
362,23,21,1.0952380952380953,cone,cone
363,13,13,1.0,cone,cone
364,50,32,1.5625,cone,cone
365,5,20,0.25,jl,cone
366,45,40,1.125,cone,cone
367,29,94,0.30851063829787234,cone,cone
368,41,22,1.8636363636363635,cone,cone
369,57,37,1.5405405405405406,cone,cone
370,66,30,2.2,cone,cone
371,44,39,1.1282051282051282,jl,cone
372,28,25,1.12,cone,cone
373,32,29,1.103448275862069,jl,jl
374,31,22,1.4090909090909092,cone,cone
375,31,31,1.0,lateral,lateral
376,23,19,1.2105263157894737,cone,cone
377,18,19,0.9473684210526315,lateral,lateral
378,18,18,1.0,lateral,lateral
379,43,36,1.1944444444444444,cone,cone
380,23,23,1.0,lateral,lateral
381,44,37,1.1891891891891893,cone,cone
382,10,10,1.0,lateral,lateral
383,20,19,1.0526315789473684,jl,jl
384,84,75,1.12,cone,cone
385,27,27,1.0,cone,cone
386,64,51,1.2549019607843137,cone,cone
387,43,44,0.9772727272727273,jl,jl
388,33,24,1.375,cone,cone
389,23,20,1.15,cone,cone
390,27,27,1.0,lateral,lateral
391,73,43,1.697674418604651,cone,cone
392,50,43,1.1627906976744187,cone,cone
393,36,30,1.2,cone,cone
394,24,21,1.1428571428571428,cone,cone
395,64,66,0.9696969696969697,cone,cone
396,81,24,3.375,cone,cone
397,32,25,1.28,cone,cone
398,33,31,1.064516129032258,cone,cone
399,45,29,1.5517241379310345,jl,cone
400,44,42,1.0476190476190477,jl,cone
401,40,39,1.0256410256410255,lateral,lateral
402,51,36,1.4166666666666667,cone,cone
403,16,15,1.0666666666666667,cone,cone
404,33,31,1.064516129032258,cone,cone
405,12,21,0.5714285714285714,jl,jl
406,7,10,0.7,jl,jl
407,38,36,1.0555555555555556,cone,cone
408,35,35,1.0,lateral,lateral
409,40,43,0.9302325581395349,jl,jl
410,60,40,1.5,cone,cone
411,25,25,1.0,cone,cone
412,44,38,1.1578947368421053,cone,cone
413,55,33,1.6666666666666667,cone,cone
414,42,33,1.2727272727272727,cone,cone
415,28,41,0.6829268292682927,jl,cone
416,20,21,0.9523809523809523,jl,cone
417,94,26,3.6153846153846154,cone,cone
418,9,13,0.6923076923076923,collision,collision
419,45,24,1.875,cone,cone
420,16,16,1.0,lateral,lateral
421,65,29,2.2413793103448274,jl,cone
422,64,33,1.9393939393939394,jl,jl
423,35,35,1.0,jl,cone
424,29,25,1.16,cone,cone
425,37,32,1.15625,lateral,cone
426,97,27,3.5925925925925926,cone,cone
427,30,29,1.0344827586206897,cone,cone
428,29,24,1.2083333333333333,jl,cone
429,49,47,1.0425531914893618,cone,cone
430,51,50,1.02,cone,cone
431,76,55,1.3818181818181818,cone,cone
432,40,24,1.6666666666666667,cone,cone
433,26,20,1.3,cone,cone
434,13,21,0.6190476190476191,jl,cone
435,70,15,4.666666666666667,cone,jl
436,40,37,1.0810810810810811,cone,cone
437,53,39,1.358974358974359,cone,cone
438,21,19,1.105263157894737,cone,cone
439,46,35,1.3142857142857143,cone,cone
440,47,35,1.3428571428571427,cone,cone
441,35,36,0.9722222222222222,jl,cone
442,70,48,1.4583333333333333,cone,cone
443,98,25,3.92,cone,cone
444,45,45,1.0,lateral,lateral
445,44,28,1.5714285714285714,jl,cone
446,30,42,0.7142857142857143,jl,jl
447,36,25,1.44,cone,cone
448,40,27,1.4814814814814814,jl,cone
449,66,29,2.2758620689655173,cone,cone
450,38,30,1.2666666666666666,jl,cone
451,12,12,1.0,lateral,lateral
452,39,15,2.6,cone,cone
453,23,20,1.15,cone,cone
454,44,39,1.1282051282051282,jl,cone
455,66,39,1.6923076923076923,jl,cone
456,21,66,0.3181818181818182,jl,cone
457,56,50,1.12,cone,cone
458,49,37,1.3243243243243243,cone,cone
459,47,27,1.7407407407407407,cone,jl
460,21,20,1.05,cone,cone
461,70,65,1.0769230769230769,cone,cone
462,18,18,1.0,cone,cone
463,50,34,1.4705882352941178,cone,cone
464,21,17,1.2352941176470589,jl,jl
465,80,29,2.7586206896551726,cone,cone
466,32,39,0.8205128205128205,jl,lateral
467,42,29,1.4482758620689655,cone,cone
468,22,20,1.1,cone,cone
469,53,23,2.3043478260869565,cone,cone
470,41,35,1.1714285714285715,cone,cone
471,25,21,1.1904761904761905,cone,cone
472,11,10,1.1,jl,jl
473,42,82,0.5121951219512195,jl,lateral
474,48,35,1.3714285714285714,jl,cone
475,54,53,1.0188679245283019,cone,cone
476,30,32,0.9375,jl,cone
477,19,17,1.1176470588235294,cone,cone
478,92,25,3.68,cone,cone
479,14,14,1.0,jl,jl
480,18,18,1.0,lateral,lateral
481,33,28,1.1785714285714286,cone,cone
482,50,43,1.1627906976744187,lateral,cone
483,51,45,1.1333333333333333,cone,cone
484,24,22,1.0909090909090908,lateral,cone
485,47,33,1.4242424242424243,cone,cone
486,50,38,1.3157894736842106,cone,cone
487,75,75,1.0,lateral,lateral
488,80,11,7.2727272727272725,cone,jl
489,39,34,1.1470588235294117,cone,cone
490,54,33,1.6363636363636365,cone,cone
491,21,19,1.105263157894737,cone,cone
492,36,23,1.565217391304348,cone,cone
493,11,25,0.44,jl,jl
494,85,57,1.4912280701754386,jl,cone
495,53,36,1.4722222222222223,cone,cone
496,8,31,0.25806451612903225,jl,cone
497,17,17,1.0,cone,cone
498,105,30,3.5,cone,cone
499,37,37,1.0,lateral,lateral
500,16,17,0.9411764705882353,jl,cone
501,81,50,1.62,cone,cone
502,67,54,1.2407407407407407,cone,cone
503,56,60,0.9333333333333333,cone,lateral
504,21,20,1.05,cone,cone
505,10,24,0.4166666666666667,jl,jl
506,52,31,1.6774193548387097,cone,cone
507,67,39,1.7179487179487178,lateral,cone
508,15,18,0.8333333333333334,jl,cone
509,37,24,1.5416666666666667,cone,cone
510,23,22,1.0454545454545454,cone,cone
511,68,56,1.2142857142857142,cone,cone
512,16,16,1.0,cone,cone
513,27,27,1.0,cone,cone
514,29,10,2.9,jl,jl
515,13,49,0.2653061224489796,jl,cone
516,84,64,1.3125,cone,cone
517,35,28,1.25,cone,cone
518,74,45,1.6444444444444444,lateral,cone
519,29,25,1.16,collision,cone
520,27,26,1.0384615384615385,cone,cone
521,53,46,1.1521739130434783,cone,cone
522,20,18,1.1111111111111112,cone,cone
523,18,17,1.0588235294117647,cone,cone
524,68,82,0.8292682926829268,cone,cone
525,21,20,1.05,cone,cone
526,20,20,1.0,lateral,lateral
527,42,30,1.4,cone,cone
528,41,32,1.28125,cone,cone
529,16,19,0.8421052631578947,jl,jl
530,26,26,1.0,lateral,lateral
531,83,44,1.8863636363636365,cone,cone
532,96,15,6.4,cone,jl
533,39,39,1.0,lateral,lateral
534,93,64,1.453125,cone,cone
535,2,21,0.09523809523809523,jl,jl
536,48,30,1.6,cone,cone
537,29,38,0.7631578947368421,jl,cone
538,18,19,0.9473684210526315,jl,jl
539,25,21,1.1904761904761905,cone,cone
540,48,43,1.1162790697674418,cone,cone
541,2,38,0.05263157894736842,jl,collision
542,72,65,1.1076923076923078,cone,cone
543,60,54,1.1111111111111112,cone,cone
544,45,45,1.0,lateral,lateral
545,44,43,1.0232558139534884,cone,cone
546,32,31,1.032258064516129,jl,lateral
547,48,38,1.263157894736842,cone,cone
548,33,33,1.0,lateral,lateral
549,20,22,0.9090909090909091,jl,jl
550,33,25,1.32,cone,cone
551,11,12,0.9166666666666666,jl,jl
552,38,25,1.52,cone,cone
553,25,21,1.1904761904761905,jl,cone
554,73,55,1.3272727272727274,cone,cone
555,108,86,1.255813953488372,cone,cone
556,83,43,1.930232558139535,jl,cone
557,66,50,1.32,lateral,cone
558,64,31,2.064516129032258,jl,cone
559,34,24,1.4166666666666667,cone,cone
560,25,23,1.0869565217391304,cone,cone
561,17,17,1.0,lateral,lateral
562,15,16,0.9375,jl,jl
563,55,54,1.0185185185185186,jl,cone
564,19,23,0.8260869565217391,cone,cone
565,9,14,0.6428571428571429,jl,jl
566,23,23,1.0,cone,cone
567,24,26,0.9230769230769231,cone,cone
568,85,58,1.4655172413793103,cone,cone
569,17,45,0.37777777777777777,jl,lateral
570,59,31,1.903225806451613,cone,cone
571,44,38,1.1578947368421053,jl,cone
572,27,27,1.0,cone,cone
573,16,16,1.0,lateral,lateral
574,57,37,1.5405405405405406,cone,cone
575,9,22,0.4090909090909091,jl,jl
576,98,92,1.065217391304348,cone,cone
577,37,35,1.0571428571428572,cone,cone
578,40,35,1.1428571428571428,cone,cone
579,45,28,1.6071428571428572,cone,cone
580,20,52,0.38461538461538464,jl,cone
581,20,20,1.0,jl,jl
582,32,31,1.032258064516129,cone,cone
583,41,67,0.6119402985074627,jl,cone
584,61,46,1.326086956521739,cone,cone
585,39,41,0.9512195121951219,jl,jl
586,22,23,0.9565217391304348,cone,cone
587,30,30,1.0,cone,cone
588,41,31,1.3225806451612903,jl,cone
589,48,40,1.2,cone,cone
590,50,35,1.4285714285714286,cone,cone
591,53,46,1.1521739130434783,cone,cone
592,5,19,0.2631578947368421,jl,collision
593,6,22,0.2727272727272727,jl,jl
594,19,24,0.7916666666666666,jl,jl
595,34,34,1.0,lateral,lateral
596,75,27,2.7777777777777777,cone,cone
597,15,16,0.9375,cone,cone
598,59,24,2.4583333333333335,cone,cone
599,42,39,1.0769230769230769,lateral,cone
600,29,29,1.0,jl,cone
601,19,19,1.0,cone,cone
602,9,13,0.6923076923076923,jl,jl
603,30,35,0.8571428571428571,jl,cone
604,25,29,0.8620689655172413,collision,collision
605,41,36,1.1388888888888888,jl,cone
606,9,10,0.9,collision,collision
607,16,16,1.0,cone,cone
608,29,30,0.9666666666666667,jl,jl
609,30,28,1.0714285714285714,lateral,cone
610,18,20,0.9,jl,jl
611,72,55,1.309090909090909,cone,cone
612,57,45,1.2666666666666666,cone,cone
613,45,36,1.25,cone,cone
614,25,30,0.8333333333333334,cone,cone
615,23,17,1.3529411764705883,jl,jl
616,61,57,1.0701754385964912,cone,cone
617,22,22,1.0,cone,cone
618,22,23,0.9565217391304348,cone,cone
619,24,20,1.2,cone,cone
620,34,29,1.1724137931034482,cone,cone
621,16,18,0.8888888888888888,jl,jl
622,24,24,1.0,cone,cone
623,23,22,1.0454545454545454,cone,cone
624,55,47,1.1702127659574468,cone,cone
625,14,14,1.0,lateral,lateral
626,27,26,1.0384615384615385,jl,cone
627,47,47,1.0,lateral,lateral
628,31,24,1.2916666666666667,cone,cone
629,92,90,1.0222222222222221,cone,cone
630,66,32,2.0625,cone,cone
631,17,18,0.9444444444444444,collision,collision
632,12,13,0.9230769230769231,jl,jl
633,26,22,1.1818181818181819,cone,cone
634,46,31,1.4838709677419355,cone,cone
635,40,30,1.3333333333333333,jl,cone
636,16,21,0.7619047619047619,jl,cone
637,43,38,1.131578947368421,cone,cone
638,70,28,2.5,cone,cone
639,64,61,1.0491803278688525,cone,cone
640,18,18,1.0,cone,cone
641,23,27,0.8518518518518519,cone,cone
642,10,10,1.0,jl,jl
643,38,31,1.2258064516129032,cone,cone
644,39,33,1.1818181818181819,cone,cone
645,17,41,0.4146341463414634,jl,cone
646,74,57,1.2982456140350878,cone,cone
647,29,22,1.3181818181818181,cone,cone
648,26,27,0.9629629629629629,lateral,lateral
649,19,19,1.0,cone,cone
650,15,16,0.9375,cone,cone
651,45,20,2.25,jl,jl
652,31,39,0.7948717948717948,cone,cone
653,16,21,0.7619047619047619,collision,collision
654,72,38,1.894736842105263,cone,cone
655,32,32,1.0,cone,cone
656,32,28,1.1428571428571428,jl,jl
657,19,20,0.95,cone,cone
658,28,25,1.12,lateral,cone
659,28,26,1.0769230769230769,cone,cone
660,19,19,1.0,cone,cone
661,39,35,1.1142857142857143,cone,cone
662,57,38,1.5,cone,cone
663,101,102,0.9901960784313726,cone,cone
664,41,26,1.5769230769230769,cone,cone
665,34,21,1.619047619047619,collision,jl
666,26,25,1.04,cone,cone
667,85,75,1.1333333333333333,cone,cone
668,25,22,1.1363636363636365,cone,cone
669,16,16,1.0,cone,cone
670,21,26,0.8076923076923077,collision,cone
671,32,22,1.4545454545454546,cone,cone
672,23,22,1.0454545454545454,cone,cone
673,22,20,1.1,jl,jl
674,35,31,1.1290322580645162,cone,cone
675,27,34,0.7941176470588235,collision,cone
676,55,34,1.6176470588235294,cone,cone
677,20,19,1.0526315789473684,cone,cone
678,17,17,1.0,lateral,lateral
679,20,20,1.0,lateral,lateral
680,16,31,0.5161290322580645,jl,cone
681,78,56,1.3928571428571428,cone,cone
682,23,21,1.0952380952380953,cone,cone
683,49,46,1.065217391304348,lateral,cone
684,29,29,1.0,lateral,lateral
685,35,55,0.6363636363636364,jl,cone
686,17,15,1.1333333333333333,cone,cone
687,19,17,1.1176470588235294,cone,cone
688,39,37,1.054054054054054,cone,cone
689,25,14,1.7857142857142858,jl,jl
690,16,31,0.5161290322580645,jl,cone
691,31,32,0.96875,cone,cone
692,53,31,1.7096774193548387,jl,jl
693,11,11,1.0,lateral,lateral
694,31,29,1.0689655172413792,cone,cone
695,21,25,0.84,collision,cone
696,28,27,1.037037037037037,cone,cone
697,63,30,2.1,collision,cone
698,21,20,1.05,cone,cone
699,22,22,1.0,cone,cone
700,33,37,0.8918918918918919,cone,cone
701,73,75,0.9733333333333334,cone,cone
702,16,15,1.0666666666666667,jl,jl
703,18,17,1.0588235294117647,cone,cone
704,51,36,1.4166666666666667,cone,cone
705,42,28,1.5,cone,cone
706,38,35,1.0857142857142856,cone,jl
707,35,22,1.5909090909090908,cone,cone
708,30,27,1.1111111111111112,cone,cone
709,5,12,0.4166666666666667,jl,jl
710,44,39,1.1282051282051282,cone,cone
711,63,63,1.0,lateral,lateral
712,28,26,1.0769230769230769,cone,cone
713,28,23,1.2173913043478262,cone,cone
714,103,30,3.433333333333333,jl,cone
715,10,16,0.625,jl,jl
716,17,16,1.0625,cone,cone
717,23,21,1.0952380952380953,cone,cone
718,83,63,1.3174603174603174,cone,cone
719,60,59,1.0169491525423728,cone,cone
720,14,14,1.0,cone,cone
721,99,21,4.714285714285714,cone,cone
722,38,38,1.0,lateral,lateral
723,80,76,1.0526315789473684,jl,jl
724,57,55,1.0363636363636364,cone,cone
725,32,29,1.103448275862069,cone,cone
726,28,28,1.0,lateral,lateral
727,100,92,1.0869565217391304,cone,cone
728,84,39,2.1538461538461537,jl,cone
729,54,27,2.0,cone,cone
730,14,38,0.3684210526315789,jl,cone
731,16,15,1.0666666666666667,cone,cone
732,19,27,0.7037037037037037,jl,cone
733,46,35,1.3142857142857143,cone,cone
734,27,23,1.173913043478261,jl,cone
735,61,56,1.0892857142857142,cone,cone
736,18,18,1.0,cone,cone
737,45,45,1.0,lateral,cone
738,40,30,1.3333333333333333,cone,cone
739,59,25,2.36,cone,cone
740,18,21,0.8571428571428571,jl,lateral
741,52,46,1.1304347826086956,jl,jl
742,24,27,0.8888888888888888,cone,cone
743,22,32,0.6875,cone,cone
744,89,29,3.0689655172413794,cone,cone
745,20,22,0.9090909090909091,cone,cone
746,36,30,1.2,cone,cone
747,42,44,0.9545454545454546,cone,cone
748,1,50,0.02,jl,cone
749,27,23,1.173913043478261,cone,cone
750,24,19,1.263157894736842,cone,cone
751,93,23,4.043478260869565,cone,cone
752,30,18,1.6666666666666667,jl,jl
753,18,18,1.0,cone,cone
754,64,57,1.1228070175438596,lateral,cone
755,25,23,1.0869565217391304,cone,cone
756,145,23,6.304347826086956,cone,cone
757,33,30,1.1,cone,cone
758,14,14,1.0,cone,cone
759,55,32,1.71875,jl,cone
760,9,14,0.6428571428571429,jl,jl
761,18,19,0.9473684210526315,cone,cone
762,35,28,1.25,cone,cone
763,18,18,1.0,lateral,lateral
764,27,27,1.0,cone,cone
765,28,12,2.3333333333333335,cone,jl
766,44,31,1.4193548387096775,lateral,cone
767,38,40,0.95,cone,cone
768,51,81,0.6296296296296297,jl,cone
769,15,30,0.5,jl,cone
770,15,13,1.1538461538461537,jl,jl
771,34,33,1.0303030303030303,cone,cone
772,21,20,1.05,cone,cone
773,42,39,1.0769230769230769,cone,cone
774,48,37,1.2972972972972974,cone,cone
775,21,21,1.0,lateral,lateral
776,25,32,0.78125,jl,jl
777,75,72,1.0416666666666667,cone,cone
778,34,26,1.3076923076923077,cone,cone
779,31,25,1.24,cone,cone
780,26,24,1.0833333333333333,cone,cone
781,19,17,1.1176470588235294,jl,jl
782,21,22,0.9545454545454546,cone,cone
783,77,30,2.566666666666667,cone,cone
784,12,12,1.0,cone,cone
785,22,31,0.7096774193548387,jl,jl
786,15,15,1.0,lateral,lateral
787,36,31,1.1612903225806452,cone,cone
788,71,64,1.109375,cone,cone
789,33,32,1.03125,cone,cone
790,58,38,1.5263157894736843,cone,cone
791,33,63,0.5238095238095238,jl,cone
792,51,32,1.59375,jl,cone
793,41,62,0.6612903225806451,jl,cone
794,42,40,1.05,cone,cone
795,17,16,1.0625,jl,jl
796,9,16,0.5625,jl,cone
797,35,53,0.660377358490566,jl,jl
798,31,27,1.1481481481481481,jl,cone
799,109,107,1.0186915887850467,cone,cone
800,10,10,1.0,lateral,lateral
801,42,39,1.0769230769230769,jl,jl
802,63,58,1.0862068965517242,cone,cone
803,36,32,1.125,cone,cone
804,55,53,1.0377358490566038,cone,cone
805,19,20,0.95,lateral,lateral
806,18,18,1.0,cone,cone
807,21,21,1.0,lateral,lateral
808,68,61,1.1147540983606556,lateral,cone
809,26,27,0.9629629629629629,cone,cone
810,79,48,1.6458333333333333,cone,cone
811,64,60,1.0666666666666667,cone,cone
812,21,20,1.05,cone,cone
813,10,15,0.6666666666666666,jl,jl
814,40,40,1.0,cone,cone
815,16,27,0.5925925925925926,jl,cone
816,69,92,0.75,jl,jl
817,2,33,0.06060606060606061,jl,cone
818,5,49,0.10204081632653061,jl,cone
819,24,24,1.0,cone,cone
820,95,99,0.9595959595959596,cone,cone
821,33,32,1.03125,cone,cone
822,43,30,1.4333333333333333,cone,cone
823,51,39,1.3076923076923077,jl,jl
824,48,36,1.3333333333333333,jl,cone
825,38,24,1.5833333333333333,cone,cone
826,43,43,1.0,lateral,lateral
827,52,52,1.0,lateral,lateral
828,6,29,0.20689655172413793,jl,cone
829,16,16,1.0,lateral,lateral
830,16,15,1.0666666666666667,jl,jl
831,42,39,1.0769230769230769,cone,cone
832,26,25,1.04,cone,cone
833,36,29,1.2413793103448276,cone,cone
834,63,20,3.15,lateral,cone
835,84,75,1.12,cone,cone
836,20,16,1.25,jl,jl
837,105,88,1.1931818181818181,cone,cone
838,29,29,1.0,lateral,lateral
839,45,34,1.3235294117647058,cone,cone
840,87,73,1.1917808219178083,cone,cone
841,35,26,1.3461538461538463,cone,cone
842,26,24,1.0833333333333333,lateral,cone
843,25,28,0.8928571428571429,collision,cone
844,52,27,1.9259259259259258,cone,cone
845,95,36,2.638888888888889,cone,cone
846,3,14,0.21428571428571427,jl,jl
847,49,40,1.225,cone,cone
848,36,33,1.0909090909090908,cone,cone
849,26,24,1.0833333333333333,cone,cone
850,25,20,1.25,cone,cone
851,23,23,1.0,lateral,lateral
852,91,39,2.3333333333333335,cone,cone
853,10,10,1.0,jl,collision
854,74,40,1.85,jl,cone
855,24,26,0.9230769230769231,cone,cone
856,14,13,1.0769230769230769,cone,cone
857,55,34,1.6176470588235294,cone,cone
858,66,40,1.65,cone,cone
859,60,41,1.4634146341463414,cone,cone
860,62,49,1.2653061224489797,cone,cone
861,27,27,1.0,lateral,lateral
862,41,26,1.5769230769230769,cone,cone
863,16,16,1.0,cone,cone
864,29,24,1.2083333333333333,cone,cone
865,83,49,1.6938775510204083,cone,cone
866,38,37,1.027027027027027,lateral,lateral
867,79,33,2.393939393939394,cone,cone
868,71,39,1.8205128205128205,cone,cone
869,33,30,1.1,cone,cone
870,58,38,1.5263157894736843,cone,cone
871,28,22,1.2727272727272727,cone,cone
872,16,19,0.8421052631578947,jl,jl
873,34,34,1.0,lateral,lateral
874,44,46,0.9565217391304348,cone,cone
875,27,21,1.2857142857142858,jl,jl
876,19,12,1.5833333333333333,jl,collision
877,38,47,0.8085106382978723,jl,cone
878,18,18,1.0,lateral,lateral
879,10,10,1.0,lateral,lateral
880,17,22,0.7727272727272727,jl,cone
881,72,47,1.5319148936170213,cone,cone
882,24,23,1.0434782608695652,cone,cone
883,105,42,2.5,cone,cone
884,75,62,1.2096774193548387,jl,cone
885,60,23,2.608695652173913,jl,cone
886,61,60,1.0166666666666666,cone,cone
887,26,20,1.3,cone,cone
888,96,70,1.3714285714285714,cone,cone
889,36,30,1.2,cone,cone
890,19,19,1.0,cone,cone
891,18,17,1.0588235294117647,cone,cone
892,40,32,1.25,cone,cone
893,53,37,1.4324324324324325,cone,cone
894,115,27,4.2592592592592595,jl,cone
895,35,40,0.875,jl,cone
896,60,42,1.4285714285714286,cone,cone
897,22,23,0.9565217391304348,cone,cone
898,21,21,1.0,cone,cone
899,18,17,1.0588235294117647,cone,cone
900,25,20,1.25,cone,cone
901,22,22,1.0,cone,cone
902,40,38,1.0526315789473684,cone,cone
903,14,13,1.0769230769230769,collision,collision
904,22,20,1.1,cone,cone
905,12,12,1.0,cone,cone
906,13,13,1.0,cone,cone
907,16,17,0.9411764705882353,jl,jl
908,36,35,1.0285714285714285,cone,cone
909,16,24,0.6666666666666666,collision,cone
910,23,21,1.0952380952380953,jl,jl
911,14,14,1.0,lateral,lateral
912,68,54,1.2592592592592593,cone,cone
913,21,20,1.05,cone,cone
914,21,20,1.05,cone,cone
915,38,39,0.9743589743589743,lateral,lateral
916,24,20,1.2,jl,jl
917,18,18,1.0,lateral,lateral
918,69,34,2.0294117647058822,jl,cone
919,38,35,1.0857142857142856,cone,cone
920,66,39,1.6923076923076923,jl,cone
921,42,32,1.3125,cone,cone
922,68,63,1.0793650793650793,cone,cone
923,86,80,1.075,cone,cone
924,9,14,0.6428571428571429,jl,cone
925,46,31,1.4838709677419355,cone,cone
926,55,39,1.4102564102564104,cone,cone
927,6,45,0.13333333333333333,jl,cone
928,31,26,1.1923076923076923,cone,cone
929,60,56,1.0714285714285714,cone,cone
930,12,23,0.5217391304347826,jl,cone
931,23,20,1.15,cone,cone
932,49,41,1.1951219512195121,jl,jl
933,45,34,1.3235294117647058,cone,cone
934,28,25,1.12,jl,jl
935,13,13,1.0,cone,cone
936,20,20,1.0,cone,cone
937,22,22,1.0,cone,cone
938,17,18,0.9444444444444444,cone,cone
939,16,16,1.0,cone,cone
940,58,45,1.288888888888889,jl,cone
941,3,56,0.05357142857142857,jl,cone
942,17,16,1.0625,cone,cone
943,50,40,1.25,cone,cone
944,64,36,1.7777777777777777,jl,cone
945,45,37,1.2162162162162162,cone,cone
946,17,15,1.1333333333333333,jl,jl
947,42,39,1.0769230769230769,cone,cone
948,38,30,1.2666666666666666,cone,cone
949,41,44,0.9318181818181818,jl,cone
950,8,20,0.4,jl,jl
951,35,25,1.4,cone,cone
952,23,21,1.0952380952380953,cone,cone
953,26,23,1.1304347826086956,cone,cone
954,33,33,1.0,lateral,lateral
955,44,23,1.9130434782608696,cone,collision
956,74,62,1.1935483870967742,cone,cone
957,61,61,1.0,lateral,lateral
958,81,79,1.0253164556962024,cone,cone
959,45,39,1.1538461538461537,cone,cone
960,16,23,0.6956521739130435,collision,cone
961,38,25,1.52,jl,jl
962,16,15,1.0666666666666667,cone,cone
963,48,30,1.6,cone,cone
964,20,20,1.0,collision,cone
965,62,47,1.3191489361702127,cone,cone
966,32,24,1.3333333333333333,cone,cone
967,17,16,1.0625,cone,cone
968,28,26,1.0769230769230769,cone,cone
969,50,31,1.6129032258064515,jl,jl
970,13,13,1.0,cone,cone
971,25,31,0.8064516129032258,jl,jl
972,20,18,1.1111111111111112,cone,cone
973,28,22,1.2727272727272727,cone,cone
974,43,23,1.8695652173913044,cone,cone
975,26,19,1.368421052631579,cone,cone
976,22,22,1.0,lateral,lateral
977,46,31,1.4838709677419355,cone,cone
978,58,32,1.8125,jl,jl
979,41,41,1.0,cone,cone
980,12,54,0.2222222222222222,jl,cone
981,27,25,1.08,cone,cone
982,11,55,0.2,jl,cone
983,34,26,1.3076923076923077,cone,cone
984,41,36,1.1388888888888888,cone,cone
985,17,17,1.0,cone,cone
986,41,38,1.0789473684210527,cone,cone
987,34,55,0.6181818181818182,jl,cone
988,43,37,1.162162162162162,lateral,cone
989,28,27,1.037037037037037,cone,cone
990,50,34,1.4705882352941178,cone,cone
991,11,11,1.0,jl,jl
992,96,92,1.0434782608695652,cone,cone
993,51,41,1.2439024390243902,jl,cone
994,68,52,1.3076923076923077,cone,cone
995,20,28,0.7142857142857143,jl,cone
996,12,15,0.8,jl,jl
997,21,33,0.6363636363636364,jl,cone
998,23,26,0.8846153846153846,cone,cone
999,19,19,1.0,cone,cone
1000,27,20,1.35,cone,cone
1001,39,39,1.0,lateral,lateral
1002,46,44,1.0454545454545454,cone,cone
1003,18,18,1.0,cone,cone
1004,41,33,1.2424242424242424,jl,cone
1005,38,33,1.1515151515151516,cone,cone
1006,24,24,1.0,lateral,lateral
1007,52,64,0.8125,cone,cone
1008,32,25,1.28,cone,cone
1009,36,19,1.894736842105263,cone,cone
1010,35,29,1.206896551724138,cone,cone
1011,19,20,0.95,cone,cone
1012,22,33,0.6666666666666666,cone,cone
1013,39,23,1.6956521739130435,cone,cone
1014,7,15,0.4666666666666667,jl,jl
1015,29,25,1.16,cone,cone
1016,85,44,1.9318181818181819,cone,cone
1017,52,52,1.0,lateral,lateral
1018,66,46,1.434782608695652,cone,cone
1019,31,24,1.2916666666666667,cone,cone
1020,45,48,0.9375,jl,cone
1021,31,31,1.0,cone,cone
1022,7,84,0.08333333333333333,jl,cone
1023,26,22,1.1818181818181819,jl,cone
1024,19,17,1.1176470588235294,jl,cone
1025,74,28,2.642857142857143,jl,cone
1026,63,31,2.032258064516129,cone,jl
1027,18,18,1.0,cone,cone
1028,12,12,1.0,lateral,lateral
1029,34,25,1.36,jl,cone
1030,75,49,1.530612244897959,cone,cone
1031,55,47,1.1702127659574468,cone,cone
1032,59,49,1.2040816326530612,jl,cone
1033,30,22,1.3636363636363635,cone,cone
1034,38,30,1.2666666666666666,cone,cone
1035,36,25,1.44,cone,cone
1036,14,16,0.875,jl,lateral
1037,18,17,1.0588235294117647,cone,cone
1038,75,75,1.0,lateral,lateral
1039,39,27,1.4444444444444444,cone,cone
1040,66,43,1.5348837209302326,cone,cone
1041,79,75,1.0533333333333332,cone,cone
1042,30,24,1.25,cone,cone
1043,24,23,1.0434782608695652,cone,cone
1044,7,32,0.21875,jl,cone
1045,25,20,1.25,cone,cone
1046,113,33,3.4242424242424243,jl,cone
1047,34,30,1.1333333333333333,lateral,cone
1048,4,21,0.19047619047619047,jl,cone
1049,22,22,1.0,cone,cone
1050,33,30,1.1,collision,cone
1051,54,25,2.16,cone,cone
1052,21,27,0.7777777777777778,jl,jl
1053,78,36,2.1666666666666665,cone,cone
1054,60,60,1.0,lateral,lateral
1055,88,28,3.142857142857143,lateral,cone
1056,12,12,1.0,lateral,lateral
1057,89,33,2.696969696969697,cone,cone
1058,56,43,1.302325581395349,jl,cone
1059,21,18,1.1666666666666667,cone,cone
1060,40,25,1.6,jl,cone
1061,33,18,1.8333333333333333,cone,cone
1062,33,30,1.1,cone,cone
1063,16,16,1.0,lateral,lateral
1064,16,15,1.0666666666666667,cone,cone
1065,39,28,1.3928571428571428,jl,cone
1066,20,16,1.25,cone,cone
1067,30,30,1.0,cone,cone
1068,77,65,1.1846153846153846,cone,cone
1069,27,23,1.173913043478261,cone,cone
1070,15,15,1.0,lateral,lateral
1071,49,29,1.6896551724137931,cone,cone
1072,52,60,0.8666666666666667,jl,cone
1073,21,20,1.05,cone,cone
1074,31,26,1.1923076923076923,cone,cone
1075,75,34,2.2058823529411766,jl,cone
1076,89,37,2.4054054054054053,cone,cone
1077,5,17,0.29411764705882354,jl,jl
1078,12,12,1.0,lateral,lateral
1079,91,48,1.8958333333333333,cone,cone
1080,30,28,1.0714285714285714,cone,cone
1081,45,37,1.2162162162162162,cone,cone
1082,57,62,0.9193548387096774,cone,lateral
1083,60,27,2.2222222222222223,jl,cone
1084,40,34,1.1764705882352942,cone,cone
1085,15,15,1.0,cone,cone
1086,62,51,1.2156862745098038,jl,cone
1087,26,23,1.1304347826086956,collision,cone
1088,42,42,1.0,cone,cone
1089,56,56,1.0,cone,cone
1090,21,21,1.0,jl,jl
1091,39,32,1.21875,cone,cone
1092,56,55,1.018181818181818,cone,cone
1093,23,21,1.0952380952380953,cone,cone
1094,23,22,1.0454545454545454,lateral,lateral
1095,28,28,1.0,lateral,lateral
1096,73,60,1.2166666666666666,cone,cone
1097,59,20,2.95,cone,jl
1098,21,37,0.5675675675675675,jl,jl
1099,16,40,0.4,jl,cone
1100,28,28,1.0,lateral,lateral
1101,16,34,0.47058823529411764,jl,cone
1102,41,42,0.9761904761904762,cone,cone
1103,30,22,1.3636363636363635,cone,cone
1104,30,36,0.8333333333333334,jl,cone
1105,31,28,1.1071428571428572,cone,cone
1106,25,22,1.1363636363636365,cone,cone
1107,34,41,0.8292682926829268,jl,cone
1108,49,39,1.2564102564102564,cone,cone
1109,57,17,3.3529411764705883,jl,cone
1110,64,64,1.0,lateral,lateral
1111,57,41,1.3902439024390243,cone,cone
1112,13,13,1.0,cone,cone
1113,44,45,0.9777777777777777,jl,cone
1114,14,17,0.8235294117647058,jl,jl
1115,28,25,1.12,jl,cone
1116,13,13,1.0,lateral,lateral
1117,21,21,1.0,cone,cone
1118,62,46,1.3478260869565217,cone,cone
1119,18,17,1.0588235294117647,cone,cone
1120,38,31,1.2258064516129032,cone,cone
1121,56,48,1.1666666666666667,lateral,cone
1122,55,35,1.5714285714285714,cone,cone
1123,13,15,0.8666666666666667,jl,jl
1124,11,44,0.25,jl,cone
1125,2,21,0.09523809523809523,jl,jl
1126,71,49,1.4489795918367347,cone,cone
1127,34,53,0.6415094339622641,jl,cone
1128,70,66,1.0606060606060606,cone,cone
1129,66,44,1.5,jl,cone
1130,15,13,1.1538461538461537,cone,cone
1131,46,43,1.069767441860465,cone,cone
1132,38,41,0.926829268292683,jl,cone
1133,61,50,1.22,cone,cone
1134,17,20,0.85,jl,jl
1135,79,44,1.7954545454545454,jl,cone
1136,31,27,1.1481481481481481,cone,cone
1137,85,28,3.0357142857142856,cone,cone
1138,4,11,0.36363636363636365,jl,jl
1139,52,28,1.8571428571428572,cone,cone
1140,93,62,1.5,cone,cone
1141,61,38,1.605263157894737,jl,cone
1142,35,36,0.9722222222222222,cone,cone
1143,33,26,1.2692307692307692,cone,cone
1144,8,47,0.1702127659574468,jl,cone
1145,94,118,0.7966101694915254,jl,cone
1146,11,24,0.4583333333333333,jl,jl
1147,35,29,1.206896551724138,cone,cone
1148,32,26,1.2307692307692308,cone,cone
1149,35,34,1.0294117647058822,lateral,lateral
1150,34,23,1.4782608695652173,cone,cone
1151,54,55,0.9818181818181818,jl,jl
1152,31,42,0.7380952380952381,jl,cone
1153,16,16,1.0,jl,jl
1154,16,16,1.0,cone,cone
1155,27,27,1.0,cone,cone
1156,33,31,1.064516129032258,cone,cone
1157,27,25,1.08,collision,cone
1158,40,35,1.1428571428571428,cone,cone
1159,79,80,0.9875,lateral,lateral
1160,32,32,1.0,jl,cone
1161,32,28,1.1428571428571428,cone,cone
1162,7,14,0.5,collision,collision
1163,39,33,1.1818181818181819,cone,cone
1164,14,21,0.6666666666666666,jl,jl
1165,52,60,0.8666666666666667,jl,cone
1166,41,40,1.025,cone,cone
1167,44,33,1.3333333333333333,cone,cone
1168,49,44,1.1136363636363635,cone,cone
1169,31,27,1.1481481481481481,cone,cone
1170,27,37,0.7297297297297297,jl,jl
1171,14,14,1.0,cone,cone
1172,52,33,1.5757575757575757,jl,cone
1173,69,59,1.1694915254237288,cone,cone
1174,78,67,1.164179104477612,cone,cone
1175,23,25,0.92,jl,cone
1176,12,12,1.0,cone,cone
1177,94,32,2.9375,lateral,cone
1178,39,33,1.1818181818181819,cone,cone
1179,29,21,1.380952380952381,cone,cone
1180,39,29,1.3448275862068966,cone,cone
1181,14,18,0.7777777777777778,jl,jl
1182,24,23,1.0434782608695652,cone,cone
1183,39,36,1.0833333333333333,cone,cone
1184,20,19,1.0526315789473684,cone,cone
1185,69,58,1.1896551724137931,cone,cone
1186,56,53,1.0566037735849056,cone,cone
1187,53,48,1.1041666666666667,cone,cone
1188,42,34,1.2352941176470589,cone,cone
1189,20,29,0.6896551724137931,jl,cone
1190,85,85,1.0,cone,cone
1191,28,25,1.12,cone,cone
1192,31,31,1.0,lateral,lateral
1193,105,83,1.2650602409638554,cone,cone
1194,5,12,0.4166666666666667,jl,jl
1195,19,19,1.0,cone,cone
1196,25,24,1.0416666666666667,jl,jl
1197,24,24,1.0,lateral,lateral
1198,70,52,1.3461538461538463,cone,cone
1199,86,82,1.048780487804878,cone,cone
1200,21,20,1.05,cone,cone
1201,112,33,3.393939393939394,cone,cone
1202,39,31,1.2580645161290323,cone,cone
1203,71,25,2.84,jl,cone
1204,39,35,1.1142857142857143,cone,cone
1205,54,40,1.35,cone,cone
1206,17,17,1.0,lateral,lateral
1207,29,39,0.7435897435897436,jl,cone
1208,20,20,1.0,cone,cone
1209,18,31,0.5806451612903226,jl,lateral
1210,54,37,1.4594594594594594,cone,cone
1211,86,59,1.4576271186440677,cone,cone
1212,25,24,1.0416666666666667,cone,cone
1213,55,55,1.0,lateral,lateral
1214,11,11,1.0,lateral,lateral
1215,16,16,1.0,jl,cone
1216,41,36,1.1388888888888888,cone,cone
1217,24,24,1.0,lateral,lateral
1218,30,29,1.0344827586206897,cone,cone
1219,76,73,1.0410958904109588,cone,cone
1220,46,46,1.0,lateral,lateral
1221,64,47,1.3617021276595744,cone,cone
1222,15,13,1.1538461538461537,jl,collision
1223,41,39,1.0512820512820513,jl,cone
1224,55,50,1.1,cone,cone
1225,15,16,0.9375,cone,cone
1226,11,25,0.44,collision,cone
1227,1,15,0.06666666666666667,jl,lateral
1228,47,41,1.146341463414634,cone,cone
1229,16,16,1.0,cone,cone
1230,65,55,1.1818181818181819,cone,cone
1231,108,21,5.142857142857143,jl,cone
1232,67,49,1.3673469387755102,cone,cone
1233,30,23,1.3043478260869565,cone,cone
1234,13,33,0.3939393939393939,jl,cone
1235,17,17,1.0,cone,cone
1236,39,27,1.4444444444444444,cone,cone
1237,31,27,1.1481481481481481,cone,cone
1238,109,24,4.541666666666667,cone,jl
1239,80,48,1.6666666666666667,lateral,cone
1240,41,25,1.64,cone,cone
1241,24,23,1.0434782608695652,cone,cone
1242,55,56,0.9821428571428571,lateral,lateral
1243,18,42,0.42857142857142855,jl,cone
1244,88,84,1.0476190476190477,cone,cone
1245,69,34,2.0294117647058822,cone,cone
1246,35,30,1.1666666666666667,lateral,cone
1247,29,26,1.1153846153846154,cone,cone
1248,53,48,1.1041666666666667,jl,cone
1249,78,25,3.12,jl,cone
1250,27,24,1.125,cone,cone
1251,44,38,1.1578947368421053,cone,cone
1252,16,42,0.38095238095238093,jl,lateral
1253,66,46,1.434782608695652,cone,cone
1254,39,29,1.3448275862068966,cone,cone
1255,10,13,0.7692307692307693,jl,jl
1256,33,30,1.1,cone,cone
1257,23,29,0.7931034482758621,jl,jl
1258,56,28,2.0,jl,cone
1259,15,14,1.0714285714285714,cone,cone
1260,111,34,3.264705882352941,lateral,cone
1261,17,17,1.0,cone,cone
1262,6,41,0.14634146341463414,jl,cone
1263,87,68,1.2794117647058822,cone,jl
1264,38,37,1.027027027027027,jl,jl
1265,21,21,1.0,lateral,lateral
1266,77,50,1.54,lateral,cone
1267,21,20,1.05,cone,cone
1268,95,40,2.375,lateral,cone
1269,115,91,1.2637362637362637,cone,cone
1270,12,18,0.6666666666666666,jl,jl
1271,29,28,1.0357142857142858,cone,cone
1272,33,81,0.4074074074074074,jl,cone
1273,46,46,1.0,jl,cone
1274,63,55,1.1454545454545455,cone,cone
1275,50,47,1.0638297872340425,lateral,cone
1276,19,18,1.0555555555555556,cone,cone
1277,2,48,0.041666666666666664,jl,cone
1278,12,21,0.5714285714285714,jl,cone
1279,42,30,1.4,cone,cone
1280,71,50,1.42,cone,cone
1281,66,57,1.1578947368421053,cone,cone
1282,17,26,0.6538461538461539,jl,cone
1283,17,16,1.0625,cone,cone
1284,14,14,1.0,lateral,lateral
1285,6,6,1.0,jl,jl
1286,75,67,1.1194029850746268,cone,cone
1287,26,22,1.1818181818181819,cone,cone
1288,26,25,1.04,cone,cone
1289,26,27,0.9629629629629629,jl,cone
1290,34,28,1.2142857142857142,cone,cone
1291,17,18,0.9444444444444444,cone,cone
1292,19,19,1.0,lateral,lateral
1293,71,36,1.9722222222222223,cone,cone
1294,15,15,1.0,cone,cone
1295,70,71,0.9859154929577465,jl,cone
1296,50,42,1.1904761904761905,cone,cone
1297,24,24,1.0,cone,cone
1298,10,46,0.21739130434782608,jl,cone
1299,39,35,1.1142857142857143,jl,jl
1300,39,39,1.0,lateral,lateral
1301,87,74,1.1756756756756757,cone,cone
1302,44,42,1.0476190476190477,lateral,cone
1303,1,18,0.05555555555555555,collision,cone
1304,25,25,1.0,jl,jl
1305,50,48,1.0416666666666667,cone,cone
1306,17,16,1.0625,cone,cone
1307,39,32,1.21875,cone,cone
1308,52,52,1.0,lateral,lateral
1309,10,10,1.0,lateral,lateral
1310,38,37,1.027027027027027,cone,cone
1311,26,22,1.1818181818181819,cone,cone
1312,29,12,2.4166666666666665,jl,jl
1313,14,15,0.9333333333333333,jl,jl
1314,33,32,1.03125,collision,cone
1315,43,22,1.9545454545454546,jl,cone
1316,29,20,1.45,cone,cone
1317,42,45,0.9333333333333333,cone,lateral
1318,33,36,0.9166666666666666,cone,cone
1319,23,22,1.0454545454545454,jl,cone
1320,87,53,1.6415094339622642,cone,cone
1321,41,27,1.5185185185185186,cone,cone
1322,34,32,1.0625,cone,cone
1323,75,35,2.142857142857143,cone,cone
1324,49,51,0.9607843137254902,jl,cone
1325,20,18,1.1111111111111112,cone,cone
1326,19,19,1.0,cone,cone
1327,59,54,1.0925925925925926,cone,cone
1328,33,30,1.1,cone,cone
1329,8,16,0.5,jl,jl
1330,34,34,1.0,cone,cone
1331,17,34,0.5,jl,jl
1332,80,69,1.1594202898550725,cone,cone
1333,61,57,1.0701754385964912,cone,jl
1334,40,56,0.7142857142857143,jl,cone
1335,61,38,1.605263157894737,jl,cone
1336,24,24,1.0,cone,cone
1337,30,29,1.0344827586206897,cone,cone
1338,33,16,2.0625,cone,cone
1339,16,18,0.8888888888888888,jl,cone
1340,100,29,3.4482758620689653,lateral,cone
1341,69,63,1.0952380952380953,cone,cone
1342,21,20,1.05,cone,cone
1343,54,45,1.2,cone,cone
1344,26,27,0.9629629629629629,jl,cone
1345,21,21,1.0,lateral,lateral
1346,74,39,1.8974358974358974,cone,cone
1347,34,29,1.1724137931034482,cone,cone
1348,47,40,1.175,cone,cone
1349,32,29,1.103448275862069,cone,cone
1350,9,18,0.5,jl,jl
1351,23,23,1.0,lateral,lateral
1352,34,33,1.0303030303030303,cone,cone
1353,66,56,1.1785714285714286,cone,cone
1354,54,43,1.255813953488372,cone,cone
1355,50,50,1.0,lateral,lateral
1356,53,46,1.1521739130434783,cone,cone
1357,34,27,1.2592592592592593,cone,cone
1358,23,22,1.0454545454545454,lateral,lateral
1359,21,22,0.9545454545454546,cone,cone
1360,25,24,1.0416666666666667,jl,cone
1361,17,37,0.4594594594594595,jl,cone
1362,46,40,1.15,cone,cone
1363,32,28,1.1428571428571428,cone,cone
1364,37,23,1.608695652173913,cone,cone
1365,16,16,1.0,cone,cone
1366,32,32,1.0,lateral,lateral
1367,42,36,1.1666666666666667,cone,cone
1368,30,29,1.0344827586206897,jl,cone
1369,46,33,1.393939393939394,cone,cone
1370,82,59,1.3898305084745763,jl,cone
1371,28,23,1.2173913043478262,cone,cone
1372,37,34,1.088235294117647,cone,cone
1373,22,19,1.1578947368421053,cone,cone
1374,19,19,1.0,cone,cone
1375,20,18,1.1111111111111112,jl,jl
1376,41,27,1.5185185185185186,cone,cone
1377,42,29,1.4482758620689655,cone,cone
1378,71,77,0.922077922077922,cone,jl
1379,31,28,1.1071428571428572,cone,cone
1380,65,64,1.015625,lateral,lateral
1381,100,25,4.0,cone,cone
1382,15,15,1.0,jl,jl
1383,36,26,1.3846153846153846,cone,cone
1384,14,29,0.4827586206896552,jl,cone
1385,26,29,0.896551724137931,cone,cone
1386,60,22,2.727272727272727,collision,cone
1387,48,48,1.0,cone,cone
1388,24,24,1.0,cone,cone
1389,31,31,1.0,lateral,lateral
1390,6,32,0.1875,jl,cone
1391,27,26,1.0384615384615385,jl,jl
1392,50,40,1.25,lateral,cone
1393,32,30,1.0666666666666667,cone,cone
1394,41,31,1.3225806451612903,cone,cone
1395,49,40,1.225,jl,cone
1396,84,84,1.0,cone,cone
1397,58,37,1.5675675675675675,cone,cone
1398,50,44,1.1363636363636365,cone,cone
1399,56,47,1.1914893617021276,cone,cone
1400,54,37,1.4594594594594594,cone,cone
1401,30,30,1.0,lateral,lateral
1402,38,34,1.1176470588235294,cone,cone
1403,33,25,1.32,collision,cone
1404,45,32,1.40625,cone,cone
1405,21,20,1.05,cone,cone
1406,12,21,0.5714285714285714,jl,cone
1407,36,32,1.125,cone,cone
1408,34,33,1.0303030303030303,cone,cone
1409,59,53,1.1132075471698113,cone,cone
1410,34,24,1.4166666666666667,cone,cone
1411,24,22,1.0909090909090908,jl,jl
1412,38,36,1.0555555555555556,cone,cone
1413,39,34,1.1470588235294117,cone,cone
1414,29,23,1.2608695652173914,cone,cone
1415,19,19,1.0,cone,cone
1416,14,22,0.6363636363636364,jl,cone
1417,28,32,0.875,cone,cone
1418,59,32,1.84375,cone,cone
1419,53,51,1.0392156862745099,cone,cone
1420,82,56,1.4642857142857142,cone,cone
1421,22,21,1.0476190476190477,cone,cone
1422,1,35,0.02857142857142857,jl,jl
1423,24,21,1.1428571428571428,cone,cone
1424,13,13,1.0,jl,jl
1425,22,23,0.9565217391304348,jl,jl
1426,18,40,0.45,jl,jl
1427,17,16,1.0625,jl,jl
1428,97,70,1.3857142857142857,cone,cone
1429,24,25,0.96,cone,cone
1430,18,20,0.9,collision,collision
1431,40,35,1.1428571428571428,cone,cone
1432,18,16,1.125,cone,cone
1433,72,68,1.0588235294117647,jl,jl
1434,42,43,0.9767441860465116,jl,jl
1435,116,35,3.3142857142857145,cone,cone
1436,52,31,1.6774193548387097,cone,cone
1437,68,43,1.5813953488372092,cone,cone
1438,20,19,1.0526315789473684,cone,cone
1439,25,21,1.1904761904761905,jl,cone
1440,20,19,1.0526315789473684,cone,cone
1441,15,15,1.0,cone,cone
1442,76,68,1.1176470588235294,cone,cone
1443,8,28,0.2857142857142857,jl,cone
1444,29,28,1.0357142857142858,cone,cone
1445,40,40,1.0,lateral,lateral
1446,12,12,1.0,cone,cone
1447,18,12,1.5,jl,jl
1448,28,26,1.0769230769230769,jl,cone
1449,27,25,1.08,cone,cone
1450,32,32,1.0,cone,cone
1451,54,54,1.0,lateral,lateral
1452,45,38,1.1842105263157894,cone,cone
1453,10,14,0.7142857142857143,jl,jl
1454,52,45,1.1555555555555554,cone,cone
1455,21,42,0.5,jl,cone
1456,19,19,1.0,lateral,lateral
1457,15,12,1.25,jl,jl
1458,49,41,1.1951219512195121,cone,cone
1459,27,32,0.84375,jl,cone
1460,39,40,0.975,cone,cone
1461,21,32,0.65625,jl,cone
1462,49,29,1.6896551724137931,jl,cone
1463,6,37,0.16216216216216217,jl,lateral
1464,14,14,1.0,lateral,lateral
1465,7,12,0.5833333333333334,jl,jl
1466,15,15,1.0,lateral,lateral
1467,73,27,2.7037037037037037,cone,cone
1468,52,45,1.1555555555555554,cone,cone
1469,18,18,1.0,lateral,lateral
1470,36,31,1.1612903225806452,cone,cone
1471,62,40,1.55,cone,cone
1472,51,38,1.3421052631578947,cone,cone
1473,22,30,0.7333333333333333,jl,cone
1474,39,39,1.0,cone,cone
1475,54,37,1.4594594594594594,cone,cone
1476,4,35,0.11428571428571428,jl,cone
1477,34,28,1.2142857142857142,cone,cone
1478,40,35,1.1428571428571428,cone,cone
1479,57,66,0.8636363636363636,jl,cone
1480,50,50,1.0,cone,cone
1481,12,12,1.0,lateral,lateral
1482,30,22,1.3636363636363635,cone,cone
1483,30,33,0.9090909090909091,jl,cone
1484,12,14,0.8571428571428571,jl,jl
1485,43,43,1.0,cone,cone
1486,82,25,3.28,cone,cone
1487,55,34,1.6176470588235294,cone,cone
1488,28,24,1.1666666666666667,cone,cone
1489,41,30,1.3666666666666667,cone,cone
1490,59,32,1.84375,cone,cone
1491,46,37,1.2432432432432432,cone,cone
1492,35,34,1.0294117647058822,cone,cone
1493,48,37,1.2972972972972974,cone,cone
1494,33,32,1.03125,lateral,lateral
1495,51,39,1.3076923076923077,cone,cone
1496,12,49,0.24489795918367346,jl,lateral
1497,35,31,1.1290322580645162,cone,cone
1498,41,36,1.1388888888888888,cone,cone
1499,14,19,0.7368421052631579,collision,collision
1500,19,18,1.0555555555555556,cone,cone
1501,31,31,1.0,lateral,lateral
1502,10,18,0.5555555555555556,jl,cone
1503,16,15,1.0666666666666667,cone,cone
1504,92,31,2.967741935483871,jl,cone
1505,18,35,0.5142857142857142,jl,cone
1506,48,36,1.3333333333333333,cone,cone
1507,28,32,0.875,cone,cone
1508,16,16,1.0,lateral,lateral
1509,80,63,1.2698412698412698,cone,cone
1510,53,11,4.818181818181818,cone,jl
1511,26,23,1.1304347826086956,jl,cone
1512,36,26,1.3846153846153846,cone,cone
1513,23,23,1.0,cone,cone
1514,25,25,1.0,cone,cone
1515,22,20,1.1,cone,cone
1516,40,40,1.0,lateral,lateral
1517,26,45,0.5777777777777777,jl,jl
1518,50,47,1.0638297872340425,jl,cone
1519,23,22,1.0454545454545454,cone,cone
1520,59,21,2.8095238095238093,jl,cone
1521,28,32,0.875,jl,cone
1522,22,22,1.0,cone,cone
1523,46,29,1.5862068965517242,cone,cone
1524,59,59,1.0,lateral,lateral
1525,31,42,0.7380952380952381,jl,cone
1526,31,26,1.1923076923076923,cone,cone
1527,45,43,1.0465116279069768,cone,cone
1528,25,22,1.1363636363636365,cone,cone
1529,27,18,1.5,cone,cone
1530,19,23,0.8260869565217391,jl,jl
1531,25,24,1.0416666666666667,jl,cone
1532,30,27,1.1111111111111112,cone,cone
1533,100,38,2.6315789473684212,jl,cone
1534,35,35,1.0,lateral,lateral
1535,38,33,1.1515151515151516,cone,cone
1536,40,23,1.7391304347826086,jl,cone
1537,33,25,1.32,cone,cone
1538,30,30,1.0,lateral,lateral
1539,69,43,1.6046511627906976,jl,cone
1540,46,35,1.3142857142857143,cone,cone
1541,42,26,1.6153846153846154,cone,cone
1542,32,31,1.032258064516129,cone,cone
1543,15,15,1.0,lateral,lateral
1544,40,27,1.4814814814814814,cone,cone
1545,18,44,0.4090909090909091,jl,cone
1546,39,40,0.975,jl,jl
1547,39,35,1.1142857142857143,cone,cone
1548,63,59,1.0677966101694916,cone,cone
1549,19,19,1.0,cone,cone
1550,65,44,1.4772727272727273,cone,cone
1551,48,34,1.411764705882353,cone,cone
1552,59,47,1.2553191489361701,cone,cone
1553,31,26,1.1923076923076923,cone,cone
1554,19,17,1.1176470588235294,cone,cone
1555,42,42,1.0,lateral,lateral
1556,28,40,0.7,jl,jl
1557,16,15,1.0666666666666667,jl,cone
1558,24,20,1.2,cone,cone
1559,96,89,1.0786516853932584,cone,cone
1560,11,11,1.0,jl,jl
1561,32,32,1.0,cone,cone
1562,39,37,1.054054054054054,cone,cone
1563,56,61,0.9180327868852459,cone,cone
1564,40,40,1.0,lateral,lateral
1565,23,17,1.3529411764705883,jl,jl
1566,39,39,1.0,cone,cone
1567,57,55,1.0363636363636364,cone,cone
1568,68,21,3.238095238095238,jl,jl
1569,43,39,1.1025641025641026,jl,cone
1570,84,40,2.1,cone,cone
1571,29,26,1.1153846153846154,jl,jl
1572,93,71,1.3098591549295775,cone,cone
1573,52,50,1.04,cone,cone
1574,65,25,2.6,cone,cone
1575,46,43,1.069767441860465,cone,cone
1576,59,35,1.6857142857142857,cone,cone
1577,27,26,1.0384615384615385,cone,cone
1578,104,31,3.3548387096774195,cone,cone
1579,98,30,3.2666666666666666,cone,cone
1580,20,30,0.6666666666666666,jl,cone
1581,21,20,1.05,cone,cone
1582,52,28,1.8571428571428572,cone,cone
1583,7,13,0.5384615384615384,jl,jl
1584,40,40,1.0,cone,cone
1585,79,48,1.6458333333333333,cone,cone
1586,71,59,1.2033898305084745,cone,cone
1587,25,29,0.8620689655172413,jl,cone
1588,89,61,1.459016393442623,cone,cone
1589,40,36,1.1111111111111112,cone,cone
1590,70,41,1.7073170731707317,cone,cone
1591,11,12,0.9166666666666666,lateral,lateral
1592,20,20,1.0,cone,cone
1593,17,17,1.0,lateral,lateral
1594,21,25,0.84,collision,cone
1595,29,25,1.16,cone,cone
1596,68,41,1.6585365853658536,cone,cone
1597,17,28,0.6071428571428571,jl,cone
1598,90,52,1.7307692307692308,cone,cone
1599,68,44,1.5454545454545454,cone,cone
1600,25,21,1.1904761904761905,cone,cone
1601,70,53,1.320754716981132,cone,cone
1602,37,24,1.5416666666666667,cone,cone
1603,17,17,1.0,cone,cone
1604,39,37,1.054054054054054,cone,cone
1605,33,33,1.0,lateral,lateral
1606,40,23,1.7391304347826086,cone,cone
1607,37,38,0.9736842105263158,jl,jl
1608,28,30,0.9333333333333333,cone,cone
1609,1,35,0.02857142857142857,jl,cone
1610,19,19,1.0,jl,lateral
1611,54,42,1.2857142857142858,cone,cone
1612,16,15,1.0666666666666667,cone,cone
1613,38,54,0.7037037037037037,jl,cone
1614,56,28,2.0,cone,cone
1615,14,15,0.9333333333333333,collision,cone
1616,23,19,1.2105263157894737,cone,cone
1617,23,15,1.5333333333333334,jl,jl
1618,43,50,0.86,jl,jl
1619,41,48,0.8541666666666666,jl,cone
1620,8,10,0.8,jl,jl
1621,55,43,1.2790697674418605,cone,cone
1622,29,25,1.16,cone,cone
1623,6,25,0.24,jl,cone
1624,2,10,0.2,jl,collision
1625,15,15,1.0,lateral,lateral
1626,26,23,1.1304347826086956,cone,cone
1627,27,22,1.2272727272727273,lateral,jl
1628,54,54,1.0,lateral,lateral
1629,25,23,1.0869565217391304,cone,cone
1630,41,41,1.0,lateral,lateral
1631,46,35,1.3142857142857143,jl,cone
1632,28,17,1.6470588235294117,cone,cone
1633,44,44,1.0,lateral,lateral
1634,49,48,1.0208333333333333,lateral,cone
1635,51,46,1.108695652173913,cone,cone
1636,36,20,1.8,cone,cone
1637,21,20,1.05,cone,cone
1638,17,17,1.0,cone,cone
1639,55,41,1.3414634146341464,cone,cone
1640,33,22,1.5,jl,cone
1641,80,11,7.2727272727272725,cone,jl
1642,21,22,0.9545454545454546,cone,cone
1643,51,40,1.275,cone,cone
1644,57,54,1.0555555555555556,cone,cone
1645,71,68,1.0441176470588236,cone,cone
1646,47,37,1.2702702702702702,cone,cone
1647,31,30,1.0333333333333334,cone,cone
1648,14,20,0.7,jl,jl
1649,34,31,1.096774193548387,cone,cone
1650,49,31,1.5806451612903225,cone,cone
1651,40,27,1.4814814814814814,cone,cone
1652,35,28,1.25,cone,cone
1653,64,47,1.3617021276595744,cone,cone
1654,24,21,1.1428571428571428,collision,collision
1655,22,32,0.6875,jl,jl
1656,106,29,3.6551724137931036,cone,cone
1657,63,50,1.26,cone,cone
1658,61,61,1.0,lateral,lateral
1659,9,20,0.45,jl,jl
1660,58,41,1.4146341463414633,cone,cone
1661,40,31,1.2903225806451613,cone,cone
1662,43,44,0.9772727272727273,lateral,lateral
1663,20,20,1.0,cone,cone
1664,136,34,4.0,cone,cone
1665,35,32,1.09375,cone,cone
1666,23,32,0.71875,jl,jl
1667,45,39,1.1538461538461537,cone,cone
1668,53,24,2.2083333333333335,cone,cone
1669,47,36,1.3055555555555556,cone,cone
1670,10,12,0.8333333333333334,jl,jl
1671,48,31,1.5483870967741935,cone,cone
1672,51,33,1.5454545454545454,lateral,cone
1673,53,42,1.2619047619047619,jl,cone
1674,31,23,1.3478260869565217,cone,cone
1675,62,63,0.9841269841269841,lateral,lateral
1676,12,13,0.9230769230769231,jl,jl
1677,101,44,2.2954545454545454,jl,cone
1678,21,19,1.105263157894737,lateral,cone
1679,33,33,1.0,cone,cone
1680,40,42,0.9523809523809523,cone,cone
1681,18,18,1.0,cone,cone
1682,89,31,2.870967741935484,cone,cone
1683,39,32,1.21875,cone,cone
1684,82,80,1.025,jl,jl
1685,69,59,1.1694915254237288,cone,cone
1686,48,34,1.411764705882353,cone,cone
1687,31,24,1.2916666666666667,cone,cone
1688,35,39,0.8974358974358975,jl,jl
1689,82,33,2.484848484848485,cone,cone
1690,38,34,1.1176470588235294,cone,cone
1691,26,26,1.0,lateral,lateral
1692,58,37,1.5675675675675675,cone,cone
1693,30,28,1.0714285714285714,cone,cone
1694,17,22,0.7727272727272727,jl,cone
1695,63,50,1.26,cone,cone
1696,19,19,1.0,cone,cone
1697,85,42,2.0238095238095237,jl,cone
1698,48,46,1.0434782608695652,cone,cone
1699,40,35,1.1428571428571428,cone,cone
1700,24,21,1.1428571428571428,cone,cone
1701,20,19,1.0526315789473684,cone,cone
1702,31,30,1.0333333333333334,cone,cone
1703,48,36,1.3333333333333333,cone,cone
1704,37,28,1.3214285714285714,cone,cone
1705,27,28,0.9642857142857143,cone,cone
1706,3,35,0.08571428571428572,jl,jl
1707,9,17,0.5294117647058824,collision,collision
1708,53,44,1.2045454545454546,cone,cone
1709,49,41,1.1951219512195121,cone,cone
1710,39,29,1.3448275862068966,lateral,cone
1711,71,27,2.6296296296296298,cone,cone
1712,47,26,1.8076923076923077,cone,cone
1713,32,29,1.103448275862069,lateral,cone
1714,67,35,1.9142857142857144,cone,cone
1715,21,73,0.2876712328767123,jl,cone
1716,19,19,1.0,lateral,lateral
1717,46,43,1.069767441860465,cone,cone
1718,15,17,0.8823529411764706,jl,jl
1719,24,24,1.0,cone,cone
1720,49,48,1.0208333333333333,cone,cone
1721,42,35,1.2,lateral,cone
1722,20,19,1.0526315789473684,cone,cone
1723,30,25,1.2,cone,cone
1724,56,35,1.6,jl,cone
1725,18,18,1.0,cone,cone
1726,48,40,1.2,cone,cone
1727,32,29,1.103448275862069,cone,cone
1728,13,13,1.0,cone,cone
1729,105,86,1.2209302325581395,cone,cone
1730,50,39,1.2820512820512822,cone,cone
1731,53,43,1.2325581395348837,cone,cone
1732,22,23,0.9565217391304348,cone,cone
1733,34,59,0.576271186440678,jl,cone
1734,23,22,1.0454545454545454,cone,cone
1735,49,39,1.2564102564102564,jl,cone
1736,27,26,1.0384615384615385,cone,cone
1737,16,16,1.0,lateral,lateral
1738,41,22,1.8636363636363635,jl,cone
1739,16,16,1.0,cone,cone
1740,73,51,1.4313725490196079,cone,cone
1741,35,31,1.1290322580645162,cone,cone
1742,75,71,1.056338028169014,jl,cone
1743,50,44,1.1363636363636365,cone,cone
1744,63,36,1.75,cone,cone
1745,48,46,1.0434782608695652,cone,cone
1746,27,21,1.2857142857142858,cone,cone
1747,41,38,1.0789473684210527,cone,cone
1748,52,47,1.1063829787234043,cone,cone
1749,102,73,1.3972602739726028,cone,cone
1750,37,38,0.9736842105263158,jl,cone
1751,22,43,0.5116279069767442,jl,cone
1752,18,15,1.2,jl,jl
1753,35,35,1.0,jl,cone
1754,24,24,1.0,cone,cone
1755,57,35,1.6285714285714286,cone,cone
1756,23,21,1.0952380952380953,cone,cone
1757,75,31,2.4193548387096775,jl,cone
1758,11,29,0.3793103448275862,jl,cone
1759,26,25,1.04,cone,cone
1760,35,32,1.09375,cone,cone
1761,69,63,1.0952380952380953,jl,cone
1762,23,23,1.0,jl,cone
1763,43,37,1.162162162162162,jl,cone
1764,44,34,1.2941176470588236,cone,cone
1765,27,27,1.0,jl,jl
1766,22,20,1.1,cone,cone
1767,49,39,1.2564102564102564,cone,cone
1768,23,25,0.92,cone,cone
1769,20,20,1.0,cone,cone
1770,90,46,1.9565217391304348,jl,cone
1771,23,20,1.15,cone,cone
1772,53,53,1.0,jl,jl
1773,9,14,0.6428571428571429,jl,jl
1774,90,32,2.8125,jl,cone
1775,22,22,1.0,cone,cone
1776,50,23,2.1739130434782608,cone,cone
1777,34,30,1.1333333333333333,jl,jl
1778,19,26,0.7307692307692307,jl,cone
1779,46,46,1.0,jl,cone
1780,57,45,1.2666666666666666,cone,cone
1781,65,28,2.3214285714285716,cone,cone
1782,92,32,2.875,jl,cone
1783,47,43,1.0930232558139534,cone,cone
1784,27,25,1.08,cone,cone
1785,23,21,1.0952380952380953,cone,cone
1786,51,30,1.7,cone,cone
1787,52,41,1.2682926829268293,cone,cone
1788,32,32,1.0,lateral,lateral
1789,14,13,1.0769230769230769,cone,cone
1790,19,18,1.0555555555555556,cone,cone
1791,6,12,0.5,jl,lateral
1792,45,34,1.3235294117647058,jl,cone
1793,10,44,0.22727272727272727,jl,cone
1794,36,34,1.0588235294117647,lateral,cone
1795,24,20,1.2,cone,cone
1796,72,54,1.3333333333333333,cone,cone
1797,18,18,1.0,cone,cone
1798,18,26,0.6923076923076923,jl,jl
1799,24,21,1.1428571428571428,cone,cone
1800,19,18,1.0555555555555556,cone,cone
1801,51,42,1.2142857142857142,jl,cone
1802,44,40,1.1,jl,cone
1803,96,87,1.103448275862069,cone,cone
1804,32,33,0.9696969696969697,jl,jl
1805,63,49,1.2857142857142858,cone,cone
1806,15,15,1.0,cone,cone
1807,11,10,1.1,cone,cone
1808,29,41,0.7073170731707317,jl,cone
1809,51,31,1.6451612903225807,jl,cone
1810,15,14,1.0714285714285714,jl,jl
1811,8,10,0.8,jl,jl
1812,29,24,1.2083333333333333,cone,cone
1813,66,19,3.473684210526316,jl,cone
1814,20,31,0.6451612903225806,jl,cone
1815,76,33,2.303030303030303,jl,cone
1816,17,36,0.4722222222222222,jl,cone
1817,57,57,1.0,lateral,lateral
1818,37,32,1.15625,cone,cone
1819,28,28,1.0,cone,cone
1820,21,20,1.05,cone,cone
1821,41,36,1.1388888888888888,cone,cone
1822,15,18,0.8333333333333334,jl,cone
1823,49,39,1.2564102564102564,cone,cone
1824,46,39,1.1794871794871795,cone,cone
1825,34,33,1.0303030303030303,cone,cone
1826,19,19,1.0,cone,cone
1827,78,28,2.7857142857142856,cone,cone
1828,35,22,1.5909090909090908,cone,cone
1829,30,80,0.375,jl,cone
1830,39,31,1.2580645161290323,cone,cone
1831,31,25,1.24,cone,cone
1832,28,48,0.5833333333333334,jl,jl
1833,36,25,1.44,cone,cone
1834,32,29,1.103448275862069,cone,cone
1835,27,71,0.38028169014084506,cone,cone
1836,36,41,0.8780487804878049,jl,jl
1837,28,25,1.12,cone,cone
1838,22,19,1.1578947368421053,cone,cone
1839,64,38,1.6842105263157894,cone,cone
1840,48,48,1.0,lateral,lateral
1841,52,45,1.1555555555555554,cone,cone
1842,72,38,1.894736842105263,cone,cone
1843,88,55,1.6,cone,cone
1844,40,38,1.0526315789473684,cone,cone
1845,22,22,1.0,cone,cone
1846,35,32,1.09375,jl,jl
1847,14,15,0.9333333333333333,jl,jl
1848,16,16,1.0,cone,cone
1849,18,17,1.0588235294117647,cone,cone
1850,24,23,1.0434782608695652,cone,cone
1851,13,34,0.38235294117647056,jl,cone
1852,47,42,1.119047619047619,lateral,cone
1853,36,32,1.125,lateral,cone
1854,60,58,1.0344827586206897,cone,cone
1855,33,34,0.9705882352941176,lateral,lateral
1856,27,29,0.9310344827586207,cone,cone
1857,50,65,0.7692307692307693,jl,cone
1858,43,43,1.0,lateral,lateral
1859,35,29,1.206896551724138,cone,cone
1860,22,22,1.0,cone,cone
1861,45,38,1.1842105263157894,cone,cone
1862,8,14,0.5714285714285714,jl,jl
1863,111,23,4.826086956521739,cone,cone
1864,38,37,1.027027027027027,cone,cone
1865,13,13,1.0,lateral,lateral
1866,48,46,1.0434782608695652,jl,lateral
1867,25,30,0.8333333333333334,cone,cone
1868,49,38,1.2894736842105263,cone,cone
1869,36,28,1.2857142857142858,cone,cone
1870,102,43,2.372093023255814,cone,cone
1871,68,35,1.9428571428571428,cone,cone
1872,14,14,1.0,lateral,jl
1873,39,28,1.3928571428571428,jl,cone
1874,17,17,1.0,cone,cone
1875,64,47,1.3617021276595744,cone,cone
1876,37,54,0.6851851851851852,jl,cone
1877,15,15,1.0,cone,cone
1878,72,65,1.1076923076923078,jl,jl
1879,51,42,1.2142857142857142,cone,cone
1880,96,40,2.4,jl,cone
1881,19,18,1.0555555555555556,cone,cone
1882,27,21,1.2857142857142858,cone,cone
1883,6,10,0.6,jl,jl
1884,46,30,1.5333333333333334,cone,cone
1885,65,53,1.2264150943396226,cone,cone
1886,36,30,1.2,cone,cone
1887,47,26,1.8076923076923077,cone,cone
1888,21,20,1.05,cone,cone
1889,56,44,1.2727272727272727,lateral,cone
1890,53,27,1.962962962962963,jl,cone
1891,52,33,1.5757575757575757,cone,cone
1892,9,23,0.391304347826087,jl,jl
1893,20,19,1.0526315789473684,cone,cone
1894,21,21,1.0,cone,cone
1895,30,29,1.0344827586206897,jl,cone
1896,96,28,3.4285714285714284,jl,cone
1897,13,27,0.48148148148148145,jl,jl
1898,5,11,0.45454545454545453,jl,jl
1899,105,57,1.8421052631578947,jl,cone
1900,2,14,0.14285714285714285,jl,jl
1901,21,21,1.0,cone,cone
1902,40,63,0.6349206349206349,jl,cone
1903,21,22,0.9545454545454546,cone,cone
1904,23,21,1.0952380952380953,cone,cone
1905,22,25,0.88,cone,cone
1906,34,34,1.0,cone,cone
1907,15,15,1.0,cone,cone
1908,56,56,1.0,cone,cone
1909,53,42,1.2619047619047619,cone,cone
1910,31,26,1.1923076923076923,cone,cone
1911,80,33,2.4242424242424243,cone,cone
1912,32,18,1.7777777777777777,cone,collision
1913,54,54,1.0,lateral,lateral
1914,6,29,0.20689655172413793,jl,cone
1915,15,14,1.0714285714285714,cone,cone
1916,35,31,1.1290322580645162,cone,cone
1917,88,79,1.1139240506329113,cone,cone
1918,48,39,1.2307692307692308,cone,cone
1919,21,34,0.6176470588235294,jl,cone
1920,21,22,0.9545454545454546,cone,cone
1921,52,49,1.0612244897959184,jl,cone
1922,30,26,1.1538461538461537,cone,cone
1923,28,27,1.037037037037037,cone,cone
1924,40,31,1.2903225806451613,cone,cone
1925,20,67,0.29850746268656714,jl,cone
1926,16,16,1.0,cone,cone
1927,22,21,1.0476190476190477,cone,cone
1928,43,26,1.6538461538461537,cone,cone
1929,13,34,0.38235294117647056,jl,cone
1930,40,52,0.7692307692307693,jl,cone
1931,71,64,1.109375,cone,cone
1932,36,29,1.2413793103448276,jl,cone
1933,27,23,1.173913043478261,cone,cone
1934,2,24,0.08333333333333333,jl,cone
1935,25,25,1.0,lateral,lateral
1936,22,20,1.1,cone,cone
1937,73,81,0.9012345679012346,jl,cone
1938,10,19,0.5263157894736842,jl,jl
1939,38,30,1.2666666666666666,jl,cone
1940,49,37,1.3243243243243243,cone,cone
1941,20,21,0.9523809523809523,cone,cone
1942,83,71,1.1690140845070423,cone,cone
1943,19,19,1.0,cone,cone
1944,13,19,0.6842105263157895,jl,cone
1945,46,42,1.0952380952380953,cone,cone
1946,13,21,0.6190476190476191,jl,cone
1947,30,31,0.967741935483871,jl,jl
1948,27,25,1.08,cone,cone
1949,27,23,1.173913043478261,cone,cone
1950,26,25,1.04,jl,cone
1951,21,24,0.875,cone,cone
1952,23,22,1.0454545454545454,cone,cone
1953,26,23,1.1304347826086956,cone,jl
1954,16,15,1.0666666666666667,cone,cone
1955,47,35,1.3428571428571427,cone,cone
1956,45,41,1.0975609756097562,lateral,cone
1957,21,19,1.105263157894737,cone,cone
1958,41,25,1.64,cone,cone
1959,88,34,2.588235294117647,lateral,cone
1960,29,29,1.0,jl,cone
1961,21,17,1.2352941176470589,cone,cone
1962,34,29,1.1724137931034482,cone,cone
1963,70,54,1.2962962962962963,jl,cone
1964,44,37,1.1891891891891893,cone,cone
1965,70,48,1.4583333333333333,cone,cone
1966,68,65,1.0461538461538462,cone,cone
1967,17,57,0.2982456140350877,jl,cone
1968,46,34,1.3529411764705883,jl,jl
1969,20,19,1.0526315789473684,cone,cone
1970,63,46,1.3695652173913044,cone,cone
1971,44,34,1.2941176470588236,cone,cone
1972,117,87,1.3448275862068966,cone,cone
1973,41,36,1.1388888888888888,cone,cone
1974,41,39,1.0512820512820513,cone,cone
1975,65,57,1.1403508771929824,cone,cone
1976,46,46,1.0,lateral,lateral
1977,62,55,1.1272727272727272,cone,cone
1978,37,40,0.925,cone,cone
1979,86,37,2.324324324324324,cone,cone
1980,21,23,0.9130434782608695,jl,cone
1981,18,44,0.4090909090909091,jl,cone
1982,66,57,1.1578947368421053,cone,cone
1983,94,25,3.76,cone,cone
1984,58,41,1.4146341463414633,cone,cone
1985,18,41,0.43902439024390244,jl,cone
1986,42,41,1.024390243902439,cone,cone
1987,38,36,1.0555555555555556,cone,cone
1988,21,19,1.105263157894737,cone,cone
1989,15,15,1.0,lateral,cone
1990,16,27,0.5925925925925926,jl,cone
1991,23,15,1.5333333333333334,cone,cone
1992,37,22,1.6818181818181819,cone,cone
1993,54,34,1.588235294117647,cone,cone
1994,84,82,1.024390243902439,cone,cone
1995,34,24,1.4166666666666667,cone,cone
1996,44,38,1.1578947368421053,lateral,cone
1997,93,84,1.1071428571428572,cone,cone
1998,41,38,1.0789473684210527,jl,cone
1999,10,24,0.4166666666666667,jl,cone
2000,101,12,8.416666666666666,cone,collision
2001,53,28,1.8928571428571428,cone,cone
2002,20,20,1.0,cone,cone
2003,38,33,1.1515151515151516,cone,cone
2004,94,34,2.764705882352941,cone,cone
2005,62,40,1.55,cone,cone
2006,39,34,1.1470588235294117,jl,cone
2007,26,22,1.1818181818181819,cone,cone
2008,67,51,1.3137254901960784,cone,cone
2009,35,34,1.0294117647058822,cone,cone
2010,58,49,1.183673469387755,cone,cone
2011,56,25,2.24,jl,jl
2012,30,47,0.6382978723404256,jl,cone
2013,51,50,1.02,jl,jl
2014,39,43,0.9069767441860465,jl,cone
2015,53,32,1.65625,cone,cone
2016,97,70,1.3857142857142857,cone,cone
2017,72,51,1.411764705882353,cone,cone
2018,91,35,2.6,cone,cone
2019,32,30,1.0666666666666667,cone,cone
2020,32,28,1.1428571428571428,cone,cone
2021,7,22,0.3181818181818182,jl,cone
2022,45,27,1.6666666666666667,cone,cone
2023,70,43,1.627906976744186,cone,cone
2024,22,22,1.0,cone,cone
2025,23,23,1.0,cone,cone
2026,35,35,1.0,jl,jl
2027,54,30,1.8,cone,cone
2028,50,45,1.1111111111111112,cone,cone
2029,14,26,0.5384615384615384,jl,cone
2030,39,29,1.3448275862068966,cone,cone
2031,90,89,1.0112359550561798,cone,cone
2032,16,16,1.0,cone,cone
2033,23,19,1.2105263157894737,cone,cone
2034,95,30,3.1666666666666665,jl,cone
2035,32,29,1.103448275862069,cone,cone
2036,29,34,0.8529411764705882,jl,cone
2037,20,20,1.0,cone,cone
2038,76,63,1.2063492063492063,cone,cone
2039,38,25,1.52,cone,cone
2040,32,32,1.0,cone,cone
2041,19,20,0.95,jl,jl
2042,68,53,1.2830188679245282,cone,cone
2043,20,20,1.0,cone,cone
2044,23,26,0.8846153846153846,jl,jl
2045,19,18,1.0555555555555556,cone,cone
2046,35,36,0.9722222222222222,cone,cone
2047,51,46,1.108695652173913,lateral,cone
2048,67,36,1.8611111111111112,jl,cone
2049,23,23,1.0,cone,cone
2050,26,22,1.1818181818181819,cone,cone
2051,56,75,0.7466666666666667,cone,jl
2052,24,24,1.0,cone,cone
2053,13,13,1.0,cone,cone
2054,35,38,0.9210526315789473,jl,cone
2055,10,12,0.8333333333333334,jl,jl
2056,15,11,1.3636363636363635,jl,jl
2057,15,24,0.625,jl,jl
2058,50,45,1.1111111111111112,cone,cone
2059,109,30,3.6333333333333333,cone,cone
2060,45,36,1.25,cone,cone
2061,29,29,1.0,jl,jl
2062,56,40,1.4,cone,cone
2063,14,13,1.0769230769230769,cone,cone
2064,17,37,0.4594594594594595,jl,cone
2065,12,11,1.0909090909090908,jl,jl
2066,30,26,1.1538461538461537,cone,cone
2067,35,51,0.6862745098039216,jl,cone
2068,47,49,0.9591836734693877,jl,jl
2069,20,19,1.0526315789473684,cone,cone
2070,45,46,0.9782608695652174,cone,cone
2071,40,36,1.1111111111111112,cone,cone
2072,53,36,1.4722222222222223,cone,cone
2073,15,23,0.6521739130434783,jl,cone
2074,41,49,0.8367346938775511,jl,jl
2075,39,39,1.0,lateral,lateral
2076,13,17,0.7647058823529411,jl,jl
2077,20,20,1.0,cone,cone
2078,45,31,1.4516129032258065,cone,cone
2079,30,35,0.8571428571428571,jl,cone
2080,38,29,1.3103448275862069,cone,cone
2081,46,40,1.15,cone,cone
2082,23,23,1.0,jl,cone
2083,50,30,1.6666666666666667,cone,cone
2084,70,49,1.4285714285714286,cone,cone
2085,42,67,0.6268656716417911,jl,lateral
2086,52,36,1.4444444444444444,jl,cone
2087,25,24,1.0416666666666667,cone,cone
2088,47,43,1.0930232558139534,cone,cone
2089,19,18,1.0555555555555556,cone,cone
2090,34,33,1.0303030303030303,cone,cone
2091,84,70,1.2,cone,cone
2092,30,24,1.25,cone,cone
2093,52,38,1.368421052631579,cone,cone
2094,69,62,1.1129032258064515,cone,cone
2095,82,71,1.1549295774647887,cone,cone
2096,25,24,1.0416666666666667,cone,cone
2097,11,10,1.1,lateral,lateral
2098,57,41,1.3902439024390243,cone,cone
2099,51,49,1.0408163265306123,lateral,cone
2100,93,27,3.4444444444444446,cone,cone
2101,11,11,1.0,lateral,lateral
2102,42,40,1.05,cone,cone
2103,20,18,1.1111111111111112,cone,cone
2104,30,35,0.8571428571428571,jl,cone
2105,24,25,0.96,cone,cone
2106,43,28,1.5357142857142858,cone,cone
2107,29,27,1.0740740740740742,cone,cone
2108,45,32,1.40625,cone,cone
2109,22,23,0.9565217391304348,cone,cone
2110,43,41,1.048780487804878,cone,cone
2111,37,30,1.2333333333333334,cone,cone
2112,27,27,1.0,lateral,lateral
2113,64,42,1.5238095238095237,cone,cone
2114,28,20,1.4,cone,cone
2115,37,90,0.4111111111111111,jl,cone
2116,35,23,1.5217391304347827,cone,cone
2117,19,19,1.0,cone,cone
2118,21,21,1.0,cone,cone
2119,16,74,0.21621621621621623,jl,cone
2120,22,22,1.0,cone,cone
2121,40,44,0.9090909090909091,jl,cone
2122,33,29,1.1379310344827587,cone,cone
2123,37,27,1.3703703703703705,cone,cone
2124,10,10,1.0,lateral,lateral
2125,42,41,1.024390243902439,cone,cone
2126,52,36,1.4444444444444444,cone,cone
2127,101,35,2.8857142857142857,cone,cone
2128,21,20,1.05,cone,cone
2129,31,30,1.0333333333333334,cone,cone
2130,40,28,1.4285714285714286,cone,cone
2131,19,19,1.0,cone,cone
2132,86,81,1.0617283950617284,cone,cone
2133,20,16,1.25,cone,cone
2134,67,45,1.488888888888889,cone,cone
2135,39,36,1.0833333333333333,cone,cone
2136,38,38,1.0,lateral,lateral
2137,24,25,0.96,cone,cone
2138,69,64,1.078125,cone,cone
2139,25,88,0.2840909090909091,jl,cone
2140,7,35,0.2,jl,cone
2141,5,22,0.22727272727272727,jl,collision
2142,20,20,1.0,cone,cone
2143,26,27,0.9629629629629629,jl,cone
2144,52,46,1.1304347826086956,jl,cone
2145,59,59,1.0,lateral,lateral
2146,8,15,0.5333333333333333,jl,cone
2147,27,27,1.0,lateral,lateral
2148,42,37,1.135135135135135,cone,cone
2149,16,14,1.1428571428571428,jl,jl
2150,56,41,1.3658536585365855,cone,cone
2151,42,38,1.105263157894737,jl,cone
2152,35,21,1.6666666666666667,jl,jl
2153,47,35,1.3428571428571427,cone,cone
2154,34,32,1.0625,cone,cone
2155,67,36,1.8611111111111112,cone,cone
2156,31,26,1.1923076923076923,cone,cone
2157,17,17,1.0,lateral,lateral
2158,8,10,0.8,jl,jl
2159,41,25,1.64,cone,cone
2160,27,26,1.0384615384615385,cone,cone
2161,12,12,1.0,jl,jl
2162,25,24,1.0416666666666667,cone,cone
2163,23,23,1.0,cone,cone
2164,33,26,1.2692307692307692,cone,cone
2165,27,26,1.0384615384615385,cone,cone
2166,32,31,1.032258064516129,lateral,lateral
2167,52,49,1.0612244897959184,cone,cone
2168,20,20,1.0,lateral,lateral
2169,20,20,1.0,cone,cone
2170,42,25,1.68,cone,cone
2171,16,16,1.0,cone,cone
2172,24,18,1.3333333333333333,cone,cone
2173,73,33,2.212121212121212,cone,cone
2174,48,44,1.0909090909090908,cone,cone
2175,52,52,1.0,jl,jl
2176,45,37,1.2162162162162162,cone,cone
2177,11,14,0.7857142857142857,jl,jl
2178,63,61,1.0327868852459017,cone,cone
2179,23,23,1.0,lateral,lateral
2180,26,24,1.0833333333333333,cone,cone
2181,103,70,1.4714285714285715,cone,cone
2182,27,27,1.0,cone,cone
2183,8,29,0.27586206896551724,jl,cone
2184,13,13,1.0,cone,cone
2185,55,31,1.7741935483870968,cone,cone
2186,43,41,1.048780487804878,cone,cone
2187,85,37,2.2972972972972974,cone,cone
2188,4,25,0.16,jl,lateral
2189,19,19,1.0,cone,cone
2190,35,31,1.1290322580645162,cone,cone
2191,69,47,1.4680851063829787,jl,cone
2192,78,46,1.6956521739130435,jl,cone
2193,45,23,1.9565217391304348,cone,cone
2194,11,28,0.39285714285714285,jl,cone
2195,7,31,0.22580645161290322,jl,jl
2196,46,21,2.1904761904761907,cone,cone
2197,12,12,1.0,lateral,lateral
2198,14,14,1.0,lateral,lateral
2199,64,43,1.4883720930232558,cone,cone
2200,24,22,1.0909090909090908,cone,cone
2201,11,44,0.25,jl,cone
2202,79,22,3.590909090909091,jl,cone
2203,13,13,1.0,cone,cone
2204,66,46,1.434782608695652,cone,cone
2205,11,11,1.0,lateral,lateral
2206,43,30,1.4333333333333333,cone,cone
2207,54,48,1.125,cone,cone
2208,39,25,1.56,cone,cone
2209,53,47,1.127659574468085,jl,cone
2210,23,20,1.15,cone,cone
2211,18,17,1.0588235294117647,jl,cone
2212,58,50,1.16,cone,cone
2213,77,38,2.026315789473684,cone,cone
2214,17,16,1.0625,jl,jl
2215,56,53,1.0566037735849056,cone,cone
2216,26,26,1.0,cone,cone
2217,103,87,1.1839080459770115,cone,cone
2218,44,39,1.1282051282051282,cone,cone
2219,76,71,1.0704225352112675,cone,cone
2220,33,25,1.32,cone,cone
2221,88,80,1.1,cone,cone
2222,74,66,1.121212121212121,cone,cone
2223,80,30,2.6666666666666665,cone,cone
2224,13,13,1.0,cone,cone
2225,51,51,1.0,lateral,lateral
2226,27,27,1.0,lateral,lateral
2227,51,44,1.1590909090909092,cone,cone
2228,19,18,1.0555555555555556,cone,cone
2229,42,24,1.75,cone,cone
2230,66,40,1.65,cone,cone
2231,7,15,0.4666666666666667,collision,collision
2232,17,17,1.0,lateral,lateral
2233,5,18,0.2777777777777778,jl,cone
2234,26,24,1.0833333333333333,cone,cone
2235,106,49,2.163265306122449,cone,cone
2236,50,22,2.272727272727273,jl,cone
2237,33,33,1.0,jl,cone
2238,36,34,1.0588235294117647,cone,cone
2239,48,24,2.0,cone,cone
2240,23,28,0.8214285714285714,cone,cone
2241,38,34,1.1176470588235294,cone,cone
2242,10,10,1.0,cone,cone
2243,69,50,1.38,cone,cone
2244,28,25,1.12,cone,cone
2245,25,24,1.0416666666666667,cone,cone
2246,37,38,0.9736842105263158,cone,cone
2247,17,16,1.0625,cone,cone
2248,43,39,1.1025641025641026,cone,cone
2249,14,18,0.7777777777777778,jl,jl
2250,84,76,1.105263157894737,cone,cone
2251,37,23,1.608695652173913,cone,cone
2252,46,38,1.2105263157894737,cone,cone
2253,42,39,1.0769230769230769,cone,cone
2254,11,10,1.1,collision,collision
2255,85,43,1.9767441860465116,jl,cone
2256,18,17,1.0588235294117647,cone,cone
2257,15,18,0.8333333333333334,jl,jl
2258,22,22,1.0,lateral,lateral
2259,25,32,0.78125,jl,cone
2260,26,24,1.0833333333333333,cone,cone
2261,26,26,1.0,lateral,lateral
2262,14,14,1.0,cone,cone
2263,26,24,1.0833333333333333,cone,cone
2264,18,18,1.0,jl,jl
2265,21,22,0.9545454545454546,cone,cone
2266,117,94,1.2446808510638299,cone,cone
2267,43,34,1.2647058823529411,cone,cone
2268,78,29,2.689655172413793,cone,cone
2269,41,33,1.2424242424242424,jl,cone
2270,35,33,1.0606060606060606,cone,cone
2271,81,27,3.0,cone,cone
2272,63,46,1.3695652173913044,jl,cone
2273,29,25,1.16,cone,cone
2274,26,25,1.04,jl,jl
2275,21,20,1.05,lateral,jl
2276,53,48,1.1041666666666667,cone,cone
2277,32,31,1.032258064516129,cone,cone
2278,29,29,1.0,cone,cone
2279,82,63,1.3015873015873016,jl,cone
2280,47,45,1.0444444444444445,cone,cone
2281,52,44,1.1818181818181819,cone,cone
2282,23,25,0.92,collision,cone
2283,20,18,1.1111111111111112,cone,cone
2284,50,50,1.0,lateral,cone
2285,42,37,1.135135135135135,cone,cone
2286,20,18,1.1111111111111112,cone,cone
2287,11,24,0.4583333333333333,jl,jl
2288,21,20,1.05,cone,cone
2289,22,22,1.0,cone,cone
2290,12,12,1.0,lateral,lateral
2291,63,59,1.0677966101694916,cone,cone
2292,44,44,1.0,lateral,lateral
2293,3,22,0.13636363636363635,jl,jl
2294,53,53,1.0,cone,cone
2295,27,21,1.2857142857142858,cone,cone
2296,48,41,1.170731707317073,cone,cone
2297,68,61,1.1147540983606556,cone,cone
2298,26,23,1.1304347826086956,cone,cone
2299,22,20,1.1,cone,cone
2300,24,24,1.0,jl,cone
2301,47,35,1.3428571428571427,jl,cone
2302,35,28,1.25,cone,cone
2303,30,28,1.0714285714285714,lateral,cone
2304,29,19,1.5263157894736843,cone,cone
2305,14,13,1.0769230769230769,jl,jl
2306,17,24,0.7083333333333334,jl,cone
2307,43,42,1.0238095238095237,cone,cone
2308,36,23,1.565217391304348,cone,cone
2309,31,29,1.0689655172413792,jl,jl
2310,38,36,1.0555555555555556,cone,cone
2311,28,30,0.9333333333333333,jl,cone
2312,68,45,1.511111111111111,cone,cone
2313,50,47,1.0638297872340425,cone,cone
2314,26,26,1.0,lateral,lateral
2315,20,18,1.1111111111111112,cone,cone
2316,22,14,1.5714285714285714,cone,cone
2317,89,69,1.289855072463768,jl,cone
2318,22,20,1.1,cone,cone
2319,39,40,0.975,cone,cone
2320,55,41,1.3414634146341464,jl,jl
2321,53,15,3.533333333333333,cone,jl
2322,13,13,1.0,lateral,lateral
2323,56,55,1.018181818181818,lateral,lateral
2324,43,32,1.34375,cone,cone
2325,25,30,0.8333333333333334,collision,cone
2326,17,10,1.7,jl,jl
2327,38,30,1.2666666666666666,cone,cone
2328,29,29,1.0,lateral,lateral
2329,41,34,1.2058823529411764,cone,cone
2330,33,31,1.064516129032258,cone,cone
2331,9,11,0.8181818181818182,jl,jl
2332,69,71,0.971830985915493,cone,cone
2333,15,32,0.46875,jl,cone
2334,53,39,1.358974358974359,cone,cone
2335,33,33,1.0,lateral,jl
2336,57,36,1.5833333333333333,cone,cone
2337,14,14,1.0,collision,collision
2338,34,31,1.096774193548387,cone,cone
2339,4,28,0.14285714285714285,jl,cone
2340,53,47,1.127659574468085,cone,cone
2341,47,39,1.205128205128205,cone,cone
2342,69,39,1.7692307692307692,jl,cone
2343,26,25,1.04,cone,cone
2344,55,31,1.7741935483870968,cone,cone
2345,38,35,1.0857142857142856,cone,cone
2346,39,39,1.0,lateral,lateral
2347,36,38,0.9473684210526315,cone,cone
2348,62,51,1.2156862745098038,cone,cone
2349,51,25,2.04,collision,cone
2350,28,24,1.1666666666666667,cone,cone
2351,37,37,1.0,cone,cone
2352,39,37,1.054054054054054,lateral,cone
2353,21,25,0.84,cone,cone
2354,33,26,1.2692307692307692,cone,jl
2355,22,25,0.88,jl,cone
2356,53,47,1.127659574468085,cone,cone
2357,77,33,2.3333333333333335,cone,cone
2358,63,36,1.75,cone,cone
2359,82,82,1.0,lateral,lateral
2360,48,48,1.0,lateral,lateral
2361,20,23,0.8695652173913043,jl,cone
2362,42,40,1.05,cone,cone
2363,36,35,1.0285714285714285,cone,cone
2364,20,19,1.0526315789473684,cone,cone
2365,18,18,1.0,cone,cone
2366,43,41,1.048780487804878,cone,cone
2367,33,45,0.7333333333333333,jl,cone
2368,55,51,1.0784313725490196,cone,cone
2369,83,39,2.128205128205128,jl,cone
2370,22,19,1.1578947368421053,cone,cone
2371,23,23,1.0,lateral,lateral
2372,56,35,1.6,cone,jl
2373,17,25,0.68,collision,collision
2374,76,44,1.7272727272727273,cone,cone
2375,52,47,1.1063829787234043,cone,cone
2376,58,45,1.288888888888889,cone,cone
2377,68,37,1.837837837837838,jl,cone
2378,52,38,1.368421052631579,cone,jl
2379,18,18,1.0,cone,cone
2380,81,66,1.2272727272727273,jl,cone
2381,25,24,1.0416666666666667,cone,cone
2382,20,22,0.9090909090909091,jl,jl
2383,53,34,1.5588235294117647,jl,cone
2384,19,18,1.0555555555555556,cone,cone
2385,60,49,1.2244897959183674,cone,cone
2386,19,21,0.9047619047619048,cone,cone
2387,34,35,0.9714285714285714,lateral,lateral
2388,41,31,1.3225806451612903,cone,cone
2389,38,38,1.0,lateral,lateral
2390,20,24,0.8333333333333334,collision,collision
2391,104,104,1.0,cone,cone
2392,49,34,1.4411764705882353,cone,cone
2393,39,32,1.21875,cone,cone
2394,33,33,1.0,lateral,lateral
2395,39,35,1.1142857142857143,jl,cone
2396,76,68,1.1176470588235294,cone,cone
2397,26,36,0.7222222222222222,jl,cone
2398,29,22,1.3181818181818181,cone,cone
2399,17,19,0.8947368421052632,jl,jl
2400,45,37,1.2162162162162162,cone,cone
2401,20,23,0.8695652173913043,cone,cone
2402,31,26,1.1923076923076923,cone,cone
2403,30,29,1.0344827586206897,cone,cone
2404,33,24,1.375,cone,cone
2405,18,17,1.0588235294117647,cone,cone
2406,40,34,1.1764705882352942,cone,cone
2407,33,22,1.5,cone,cone
2408,52,40,1.3,cone,cone
2409,56,35,1.6,jl,cone
2410,25,21,1.1904761904761905,jl,jl
2411,28,24,1.1666666666666667,cone,cone
2412,5,42,0.11904761904761904,jl,cone
2413,20,21,0.9523809523809523,jl,cone
2414,24,24,1.0,jl,jl
2415,56,44,1.2727272727272727,cone,cone
2416,4,24,0.16666666666666666,jl,cone
2417,39,44,0.8863636363636364,jl,cone
2418,21,21,1.0,cone,cone
2419,98,22,4.454545454545454,cone,jl
2420,74,65,1.1384615384615384,cone,cone
2421,35,31,1.1290322580645162,cone,cone
2422,55,55,1.0,lateral,lateral
2423,21,19,1.105263157894737,cone,cone
2424,58,34,1.7058823529411764,jl,cone
2425,45,34,1.3235294117647058,jl,cone
2426,15,15,1.0,cone,cone
2427,21,52,0.40384615384615385,jl,cone
2428,45,31,1.4516129032258065,cone,cone
2429,61,47,1.297872340425532,cone,cone
2430,1,65,0.015384615384615385,jl,cone
2431,44,38,1.1578947368421053,cone,cone
2432,53,44,1.2045454545454546,cone,cone
2433,1,15,0.06666666666666667,jl,jl
2434,19,19,1.0,cone,cone
2435,108,47,2.297872340425532,cone,cone
2436,65,58,1.1206896551724137,cone,cone
2437,24,20,1.2,cone,cone
2438,41,42,0.9761904761904762,cone,cone
2439,16,16,1.0,cone,cone
2440,32,16,2.0,cone,jl
2441,22,21,1.0476190476190477,cone,cone
2442,16,16,1.0,cone,cone
2443,30,22,1.3636363636363635,cone,cone
2444,69,76,0.9078947368421053,cone,lateral
2445,12,12,1.0,jl,jl
2446,38,24,1.5833333333333333,jl,cone
2447,15,19,0.7894736842105263,jl,cone
2448,26,26,1.0,cone,cone
2449,30,30,1.0,lateral,lateral
2450,60,51,1.1764705882352942,cone,cone
2451,37,31,1.1935483870967742,cone,cone
2452,12,12,1.0,lateral,lateral
2453,33,15,2.2,jl,jl
2454,14,14,1.0,cone,cone
2455,26,20,1.3,cone,cone
2456,21,16,1.3125,jl,cone
2457,43,40,1.075,cone,cone
2458,38,35,1.0857142857142856,cone,cone
2459,31,25,1.24,cone,cone
2460,40,34,1.1764705882352942,cone,cone
2461,10,10,1.0,lateral,lateral
2462,23,21,1.0952380952380953,cone,cone
2463,26,24,1.0833333333333333,cone,cone
2464,14,14,1.0,lateral,lateral
2465,10,16,0.625,jl,jl
2466,63,43,1.4651162790697674,cone,cone
2467,81,33,2.4545454545454546,lateral,cone
2468,99,46,2.152173913043478,jl,cone
2469,15,15,1.0,cone,cone
2470,43,38,1.131578947368421,cone,cone
2471,55,35,1.5714285714285714,jl,cone
2472,34,34,1.0,lateral,lateral
2473,56,26,2.1538461538461537,cone,cone
2474,30,30,1.0,jl,cone
2475,53,57,0.9298245614035088,jl,jl
2476,70,63,1.1111111111111112,cone,cone
2477,32,28,1.1428571428571428,cone,cone
2478,85,82,1.0365853658536586,cone,cone
2479,11,11,1.0,lateral,lateral
2480,114,112,1.0178571428571428,cone,cone
2481,15,28,0.5357142857142857,jl,cone
2482,32,81,0.3950617283950617,jl,cone
2483,57,34,1.6764705882352942,jl,cone
2484,28,25,1.12,cone,cone
2485,26,20,1.3,cone,cone
2486,31,31,1.0,lateral,lateral
2487,37,27,1.3703703703703705,cone,cone
2488,32,40,0.8,jl,jl
2489,20,18,1.1111111111111112,cone,cone
2490,17,17,1.0,cone,cone
2491,33,26,1.2692307692307692,cone,jl
2492,22,20,1.1,cone,cone
2493,23,23,1.0,cone,cone
2494,29,35,0.8285714285714286,cone,cone
2495,28,28,1.0,lateral,lateral
2496,100,83,1.2048192771084338,cone,cone
2497,34,26,1.3076923076923077,cone,cone
2498,13,13,1.0,lateral,lateral
2499,37,30,1.2333333333333334,cone,cone
2500,48,31,1.5483870967741935,cone,cone
2501,11,11,1.0,jl,jl
2502,16,15,1.0666666666666667,jl,jl
2503,32,28,1.1428571428571428,jl,cone
2504,22,32,0.6875,collision,cone
2505,19,19,1.0,cone,cone
2506,106,36,2.9444444444444446,cone,cone
2507,17,17,1.0,lateral,lateral
2508,23,22,1.0454545454545454,cone,cone
2509,23,23,1.0,cone,cone
2510,57,61,0.9344262295081968,jl,cone
2511,37,37,1.0,lateral,lateral
2512,24,32,0.75,jl,jl
2513,41,40,1.025,cone,cone
2514,83,38,2.1842105263157894,cone,cone
2515,33,38,0.868421052631579,jl,jl
2516,89,25,3.56,cone,cone
2517,56,36,1.5555555555555556,cone,cone
2518,2,11,0.18181818181818182,jl,jl
2519,24,21,1.1428571428571428,jl,jl
2520,54,52,1.0384615384615385,cone,cone
2521,25,25,1.0,lateral,lateral
2522,32,31,1.032258064516129,lateral,cone
2523,41,35,1.1714285714285715,cone,cone
2524,30,29,1.0344827586206897,cone,cone
2525,3,14,0.21428571428571427,jl,jl
2526,18,25,0.72,jl,jl
2527,74,61,1.2131147540983607,cone,cone
2528,20,18,1.1111111111111112,cone,cone
2529,35,39,0.8974358974358975,jl,cone
2530,58,34,1.7058823529411764,cone,cone
2531,42,30,1.4,cone,cone
2532,79,65,1.2153846153846153,cone,cone
2533,6,38,0.15789473684210525,jl,cone
2534,25,19,1.3157894736842106,cone,cone
2535,75,67,1.1194029850746268,cone,cone
2536,26,22,1.1818181818181819,cone,cone
2537,23,38,0.6052631578947368,jl,cone
2538,14,14,1.0,jl,jl
2539,54,41,1.3170731707317074,cone,cone
2540,39,37,1.054054054054054,cone,cone
2541,12,22,0.5454545454545454,jl,cone
2542,38,24,1.5833333333333333,cone,cone
2543,49,42,1.1666666666666667,cone,cone
2544,24,19,1.263157894736842,cone,cone
2545,47,41,1.146341463414634,cone,cone
2546,47,34,1.3823529411764706,cone,cone
2547,13,36,0.3611111111111111,jl,cone
2548,36,24,1.5,cone,cone
2549,28,20,1.4,cone,cone
2550,93,51,1.8235294117647058,cone,cone
2551,35,34,1.0294117647058822,cone,cone
2552,67,54,1.2407407407407407,cone,cone
2553,14,23,0.6086956521739131,jl,jl
2554,30,26,1.1538461538461537,cone,cone
2555,40,27,1.4814814814814814,cone,cone
2556,62,41,1.5121951219512195,cone,cone
2557,85,11,7.7272727272727275,cone,jl
2558,18,17,1.0588235294117647,cone,cone
2559,57,44,1.2954545454545454,cone,cone
2560,49,42,1.1666666666666667,cone,cone
2561,62,56,1.1071428571428572,cone,cone
2562,13,13,1.0,cone,cone
2563,20,21,0.9523809523809523,cone,cone
2564,39,45,0.8666666666666667,cone,cone
2565,32,30,1.0666666666666667,cone,cone
2566,28,24,1.1666666666666667,cone,cone
2567,59,41,1.4390243902439024,jl,cone
2568,25,21,1.1904761904761905,cone,cone
2569,11,11,1.0,cone,cone
2570,6,19,0.3157894736842105,jl,jl
2571,25,25,1.0,lateral,lateral
2572,41,41,1.0,jl,jl
2573,19,19,1.0,cone,cone
2574,41,33,1.2424242424242424,cone,cone
2575,49,55,0.8909090909090909,cone,lateral
2576,49,30,1.6333333333333333,jl,cone
2577,37,25,1.48,jl,jl
2578,22,17,1.2941176470588236,cone,jl
2579,20,18,1.1111111111111112,cone,cone
2580,38,35,1.0857142857142856,cone,cone
2581,13,12,1.0833333333333333,cone,cone
2582,56,20,2.8,jl,cone
2583,52,45,1.1555555555555554,cone,cone
2584,32,32,1.0,jl,jl
2585,37,59,0.6271186440677966,jl,jl
2586,11,20,0.55,jl,jl
2587,42,33,1.2727272727272727,cone,cone
2588,95,49,1.9387755102040816,lateral,cone
2589,95,41,2.317073170731707,cone,cone
2590,31,30,1.0333333333333334,cone,cone
2591,16,15,1.0666666666666667,cone,cone
2592,78,49,1.5918367346938775,cone,cone
2593,47,34,1.3823529411764706,jl,cone
2594,30,34,0.8823529411764706,jl,lateral
2595,58,23,2.5217391304347827,cone,cone
2596,17,32,0.53125,collision,cone
2597,27,23,1.173913043478261,cone,cone
2598,45,45,1.0,lateral,lateral
2599,86,80,1.075,cone,cone
2600,74,59,1.2542372881355932,cone,cone
2601,21,21,1.0,lateral,lateral
2602,21,21,1.0,cone,cone
2603,19,19,1.0,jl,lateral
2604,109,27,4.037037037037037,cone,cone
2605,103,102,1.0098039215686274,cone,cone
2606,62,54,1.1481481481481481,cone,cone
2607,23,22,1.0454545454545454,cone,cone
2608,43,43,1.0,lateral,lateral
2609,24,23,1.0434782608695652,cone,cone
2610,35,35,1.0,cone,cone
2611,81,13,6.230769230769231,cone,jl
2612,25,24,1.0416666666666667,lateral,lateral
2613,66,34,1.9411764705882353,cone,cone
2614,21,18,1.1666666666666667,cone,cone
2615,17,35,0.4857142857142857,jl,cone
2616,39,40,0.975,lateral,lateral
2617,19,18,1.0555555555555556,collision,cone
2618,30,28,1.0714285714285714,cone,cone
2619,19,19,1.0,cone,cone
2620,11,18,0.6111111111111112,jl,jl
2621,54,49,1.1020408163265305,cone,cone
2622,38,26,1.4615384615384615,cone,cone
2623,34,27,1.2592592592592593,cone,cone
2624,22,22,1.0,cone,cone
2625,32,28,1.1428571428571428,cone,cone
2626,24,21,1.1428571428571428,cone,cone
2627,54,54,1.0,cone,cone
2628,77,33,2.3333333333333335,cone,cone
2629,51,49,1.0408163265306123,jl,jl
2630,29,34,0.8529411764705882,jl,jl
2631,21,17,1.2352941176470589,cone,cone
2632,24,24,1.0,lateral,lateral
2633,54,42,1.2857142857142858,cone,cone
2634,49,45,1.0888888888888888,cone,cone
2635,19,19,1.0,cone,cone
2636,93,39,2.3846153846153846,lateral,cone
2637,46,42,1.0952380952380953,cone,cone
2638,55,55,1.0,lateral,lateral
2639,54,44,1.2272727272727273,cone,cone
2640,47,23,2.0434782608695654,jl,cone
2641,37,27,1.3703703703703705,jl,cone
2642,67,25,2.68,jl,cone
2643,63,64,0.984375,cone,lateral
2644,27,25,1.08,cone,cone
2645,46,15,3.066666666666667,cone,cone
2646,57,40,1.425,cone,cone
2647,34,25,1.36,cone,cone
2648,20,19,1.0526315789473684,cone,cone
2649,51,42,1.2142857142857142,cone,cone
2650,104,14,7.428571428571429,cone,jl
2651,18,18,1.0,lateral,lateral
2652,11,14,0.7857142857142857,jl,jl
2653,28,25,1.12,jl,cone
2654,48,46,1.0434782608695652,cone,cone
2655,10,28,0.35714285714285715,jl,cone
2656,15,15,1.0,cone,cone
2657,41,41,1.0,jl,cone
2658,53,37,1.4324324324324325,cone,cone
2659,15,20,0.75,jl,jl
2660,57,36,1.5833333333333333,jl,cone
2661,77,44,1.75,jl,cone
2662,19,17,1.1176470588235294,jl,jl
2663,13,13,1.0,lateral,lateral
2664,69,69,1.0,lateral,lateral
2665,69,58,1.1896551724137931,cone,cone
2666,27,87,0.3103448275862069,jl,lateral
2667,77,46,1.673913043478261,cone,cone
2668,2,30,0.06666666666666667,jl,lateral
2669,58,56,1.0357142857142858,cone,cone
2670,80,53,1.509433962264151,cone,cone
2671,17,18,0.9444444444444444,cone,cone
2672,54,30,1.8,cone,cone
2673,28,24,1.1666666666666667,cone,cone
2674,20,21,0.9523809523809523,cone,cone
2675,18,17,1.0588235294117647,cone,cone
2676,46,46,1.0,cone,cone
2677,18,20,0.9,jl,jl
2678,53,51,1.0392156862745099,lateral,lateral
2679,55,38,1.4473684210526316,cone,cone
2680,40,41,0.975609756097561,lateral,lateral
2681,21,20,1.05,cone,cone
2682,1,27,0.037037037037037035,jl,cone
2683,17,16,1.0625,cone,cone
2684,50,42,1.1904761904761905,cone,cone
2685,83,65,1.2769230769230768,cone,cone
2686,37,35,1.0571428571428572,cone,cone
2687,31,22,1.4090909090909092,cone,cone
2688,45,43,1.0465116279069768,lateral,cone
2689,50,41,1.2195121951219512,jl,cone
2690,27,28,0.9642857142857143,cone,cone
2691,47,47,1.0,cone,cone
2692,38,30,1.2666666666666666,cone,cone
2693,45,44,1.0227272727272727,cone,cone
2694,21,18,1.1666666666666667,cone,cone
2695,49,27,1.8148148148148149,cone,cone
2696,44,16,2.75,cone,jl
2697,26,24,1.0833333333333333,cone,cone
2698,19,20,0.95,jl,jl
2699,33,25,1.32,cone,cone
2700,15,15,1.0,cone,cone
2701,77,74,1.0405405405405406,cone,cone
2702,55,34,1.6176470588235294,jl,cone
2703,23,31,0.7419354838709677,jl,cone
2704,60,60,1.0,lateral,lateral
2705,29,29,1.0,lateral,lateral
2706,12,12,1.0,jl,jl
2707,8,10,0.8,jl,jl
2708,23,22,1.0454545454545454,cone,cone
2709,7,20,0.35,jl,cone
2710,40,36,1.1111111111111112,cone,cone
2711,47,48,0.9791666666666666,cone,cone
2712,46,44,1.0454545454545454,cone,cone
2713,67,55,1.2181818181818183,cone,cone
2714,67,41,1.6341463414634145,cone,cone
2715,70,52,1.3461538461538463,cone,cone
2716,30,27,1.1111111111111112,cone,cone
2717,24,22,1.0909090909090908,cone,cone
2718,37,32,1.15625,cone,cone
2719,34,31,1.096774193548387,jl,cone
2720,40,35,1.1428571428571428,cone,cone
2721,65,44,1.4772727272727273,cone,cone
2722,24,25,0.96,cone,cone
2723,17,16,1.0625,cone,cone
2724,19,19,1.0,cone,cone
2725,30,26,1.1538461538461537,cone,cone
2726,22,23,0.9565217391304348,collision,cone
2727,11,13,0.8461538461538461,jl,jl
2728,25,25,1.0,cone,cone
2729,42,42,1.0,lateral,lateral
2730,52,14,3.7142857142857144,cone,jl
2731,52,41,1.2682926829268293,cone,cone
2732,21,18,1.1666666666666667,cone,cone
2733,35,27,1.2962962962962963,cone,cone
2734,31,56,0.5535714285714286,jl,lateral
2735,35,35,1.0,lateral,lateral
2736,31,27,1.1481481481481481,cone,cone
2737,18,18,1.0,cone,cone
2738,24,22,1.0909090909090908,cone,cone
2739,41,26,1.5769230769230769,cone,cone
2740,109,22,4.954545454545454,cone,cone
2741,46,23,2.0,cone,cone
2742,50,38,1.3157894736842106,cone,cone
2743,51,45,1.1333333333333333,cone,cone
2744,87,49,1.7755102040816326,cone,cone
2745,12,28,0.42857142857142855,jl,lateral
2746,22,19,1.1578947368421053,cone,cone
2747,1,13,0.07692307692307693,collision,collision
2748,50,36,1.3888888888888888,cone,cone
2749,31,32,0.96875,cone,cone
2750,22,20,1.1,cone,cone
2751,53,30,1.7666666666666666,cone,cone
2752,25,22,1.1363636363636365,cone,cone
2753,18,17,1.0588235294117647,cone,cone
2754,65,52,1.25,jl,cone
2755,64,38,1.6842105263157894,cone,cone
2756,38,38,1.0,cone,cone
2757,23,71,0.323943661971831,jl,cone
2758,38,32,1.1875,cone,cone
2759,55,55,1.0,lateral,lateral
2760,89,72,1.2361111111111112,cone,cone
2761,12,15,0.8,jl,jl
2762,35,31,1.1290322580645162,cone,cone
2763,54,51,1.0588235294117647,cone,cone
2764,74,70,1.0571428571428572,cone,cone
2765,32,28,1.1428571428571428,cone,cone
2766,84,66,1.2727272727272727,cone,cone
2767,40,22,1.8181818181818181,cone,cone
2768,39,28,1.3928571428571428,jl,jl
2769,19,18,1.0555555555555556,cone,cone
2770,30,30,1.0,cone,cone
2771,61,29,2.103448275862069,jl,cone
2772,46,32,1.4375,cone,cone
2773,13,14,0.9285714285714286,jl,jl
2774,33,30,1.1,cone,cone
2775,37,36,1.0277777777777777,jl,jl
2776,64,51,1.2549019607843137,cone,cone
2777,11,16,0.6875,jl,jl
2778,72,24,3.0,cone,cone
2779,14,14,1.0,lateral,lateral
2780,29,23,1.2608695652173914,cone,cone
2781,18,25,0.72,jl,cone
2782,10,26,0.38461538461538464,collision,cone
2783,67,37,1.8108108108108107,cone,cone
2784,10,16,0.625,jl,lateral
2785,9,35,0.2571428571428571,jl,cone
2786,19,20,0.95,cone,cone
2787,74,42,1.7619047619047619,jl,cone
2788,43,25,1.72,cone,cone
2789,95,22,4.318181818181818,cone,jl
2790,60,35,1.7142857142857142,cone,cone
2791,71,64,1.109375,cone,cone
2792,43,38,1.131578947368421,jl,jl
2793,21,21,1.0,lateral,lateral
2794,12,28,0.42857142857142855,jl,cone
2795,11,13,0.8461538461538461,jl,jl
2796,49,37,1.3243243243243243,cone,cone
2797,90,54,1.6666666666666667,cone,cone
2798,54,31,1.7419354838709677,cone,cone
2799,41,42,0.9761904761904762,cone,cone
2800,41,37,1.1081081081081081,cone,cone
2801,96,41,2.341463414634146,jl,cone
2802,55,28,1.9642857142857142,jl,cone
2803,30,22,1.3636363636363635,cone,cone
2804,30,27,1.1111111111111112,cone,cone
2805,26,23,1.1304347826086956,cone,cone
2806,1,36,0.027777777777777776,jl,cone
2807,11,10,1.1,cone,cone
2808,14,17,0.8235294117647058,jl,jl
2809,53,42,1.2619047619047619,cone,cone
2810,25,26,0.9615384615384616,cone,cone
2811,56,41,1.3658536585365855,cone,cone
2812,9,15,0.6,collision,collision
2813,31,27,1.1481481481481481,cone,cone
2814,43,36,1.1944444444444444,cone,cone
2815,99,40,2.475,cone,cone
2816,37,35,1.0571428571428572,cone,cone
2817,26,29,0.896551724137931,jl,jl
2818,35,39,0.8974358974358975,jl,jl
2819,54,54,1.0,lateral,lateral
2820,13,11,1.1818181818181819,jl,jl
2821,11,11,1.0,cone,cone
2822,66,40,1.65,cone,cone
2823,42,39,1.0769230769230769,cone,cone
2824,15,13,1.1538461538461537,cone,cone
2825,38,38,1.0,lateral,lateral
2826,1,12,0.08333333333333333,jl,jl
2827,109,32,3.40625,jl,cone
2828,3,35,0.08571428571428572,jl,cone
2829,87,75,1.16,jl,cone
2830,21,18,1.1666666666666667,cone,cone
2831,18,16,1.125,jl,jl
2832,55,49,1.1224489795918366,cone,cone
2833,31,24,1.2916666666666667,jl,jl
2834,38,11,3.4545454545454546,cone,jl
2835,11,11,1.0,lateral,lateral
2836,6,29,0.20689655172413793,jl,cone
2837,51,27,1.8888888888888888,cone,cone
2838,32,26,1.2307692307692308,cone,cone
2839,56,46,1.2173913043478262,jl,jl
2840,31,29,1.0689655172413792,cone,cone
2841,44,44,1.0,lateral,lateral
2842,28,25,1.12,jl,cone
2843,30,30,1.0,cone,cone
2844,39,34,1.1470588235294117,jl,cone
2845,37,31,1.1935483870967742,cone,cone
2846,8,21,0.38095238095238093,jl,cone
2847,12,18,0.6666666666666666,jl,jl
2848,41,40,1.025,cone,cone
2849,50,44,1.1363636363636365,cone,cone
2850,30,21,1.4285714285714286,cone,cone
2851,13,13,1.0,lateral,lateral
2852,25,43,0.5813953488372093,jl,cone
2853,12,12,1.0,lateral,lateral
2854,22,21,1.0476190476190477,cone,cone
2855,95,36,2.638888888888889,cone,cone
2856,32,23,1.391304347826087,cone,cone
2857,65,65,1.0,cone,cone
2858,42,42,1.0,jl,jl
2859,87,78,1.1153846153846154,cone,cone
2860,25,32,0.78125,jl,jl
2861,42,42,1.0,jl,cone
2862,5,13,0.38461538461538464,jl,jl
2863,41,29,1.4137931034482758,jl,cone
2864,23,21,1.0952380952380953,cone,cone
2865,22,16,1.375,cone,cone
2866,71,28,2.5357142857142856,jl,cone
2867,13,16,0.8125,jl,cone
2868,35,34,1.0294117647058822,cone,cone
2869,33,28,1.1785714285714286,cone,cone
2870,50,32,1.5625,cone,cone
2871,86,77,1.1168831168831168,cone,cone
2872,22,20,1.1,cone,cone
2873,41,30,1.3666666666666667,cone,cone
2874,40,37,1.0810810810810811,cone,cone
2875,22,18,1.2222222222222223,cone,cone
2876,36,31,1.1612903225806452,cone,cone
2877,19,19,1.0,cone,cone
2878,30,28,1.0714285714285714,jl,jl
2879,8,52,0.15384615384615385,jl,lateral
2880,44,42,1.0476190476190477,cone,cone
2881,23,32,0.71875,jl,cone
2882,18,17,1.0588235294117647,cone,cone
2883,21,23,0.9130434782608695,jl,cone
2884,66,47,1.4042553191489362,cone,cone
2885,81,35,2.3142857142857145,cone,cone
2886,18,18,1.0,jl,cone
2887,70,29,2.413793103448276,cone,cone
2888,33,29,1.1379310344827587,cone,cone
2889,22,23,0.9565217391304348,jl,cone
2890,116,68,1.7058823529411764,cone,cone
2891,87,72,1.2083333333333333,cone,cone
2892,81,61,1.3278688524590163,jl,cone
2893,24,24,1.0,lateral,lateral
2894,27,40,0.675,jl,cone
2895,50,41,1.2195121951219512,cone,cone
2896,24,24,1.0,lateral,lateral
2897,64,36,1.7777777777777777,cone,cone
2898,42,32,1.3125,cone,cone
2899,91,50,1.82,cone,cone
2900,43,30,1.4333333333333333,cone,cone
2901,29,29,1.0,cone,cone
2902,14,34,0.4117647058823529,jl,jl
2903,39,40,0.975,jl,jl
2904,19,17,1.1176470588235294,cone,cone
2905,84,31,2.7096774193548385,jl,cone
2906,74,74,1.0,jl,jl
2907,19,18,1.0555555555555556,cone,cone
2908,18,21,0.8571428571428571,jl,jl
2909,24,21,1.1428571428571428,cone,cone
2910,46,42,1.0952380952380953,cone,cone
2911,55,40,1.375,cone,cone
2912,27,52,0.5192307692307693,jl,cone
2913,15,15,1.0,jl,jl
2914,4,28,0.14285714285714285,jl,cone
2915,31,25,1.24,cone,cone
2916,37,50,0.74,jl,cone
2917,30,26,1.1538461538461537,cone,cone
2918,1,15,0.06666666666666667,jl,lateral
2919,68,61,1.1147540983606556,cone,cone
2920,27,21,1.2857142857142858,cone,cone
2921,39,26,1.5,cone,cone
2922,30,26,1.1538461538461537,cone,cone
2923,26,26,1.0,cone,cone
2924,80,70,1.1428571428571428,cone,cone
2925,18,21,0.8571428571428571,jl,cone
2926,63,47,1.3404255319148937,cone,cone
2927,43,36,1.1944444444444444,cone,cone
2928,34,28,1.2142857142857142,cone,cone
2929,58,37,1.5675675675675675,cone,cone
2930,21,20,1.05,cone,cone
2931,48,49,0.9795918367346939,cone,cone
2932,60,54,1.1111111111111112,cone,cone
2933,5,20,0.25,collision,cone
2934,44,25,1.76,jl,cone
2935,36,34,1.0588235294117647,jl,jl
2936,29,25,1.16,cone,cone
2937,28,24,1.1666666666666667,cone,cone
2938,26,23,1.1304347826086956,cone,cone
2939,13,13,1.0,cone,cone
2940,22,21,1.0476190476190477,cone,cone
2941,20,46,0.43478260869565216,jl,cone
2942,26,21,1.2380952380952381,cone,cone
2943,21,21,1.0,cone,cone
2944,31,22,1.4090909090909092,cone,cone
2945,13,26,0.5,jl,cone
2946,67,58,1.1551724137931034,cone,cone
2947,17,17,1.0,cone,cone
2948,22,61,0.36065573770491804,jl,cone
2949,16,15,1.0666666666666667,cone,cone
2950,21,21,1.0,cone,cone
2951,37,36,1.0277777777777777,cone,cone
2952,19,19,1.0,cone,cone
2953,6,78,0.07692307692307693,jl,cone
2954,48,29,1.6551724137931034,cone,cone
2955,28,41,0.6829268292682927,cone,cone
2956,61,41,1.4878048780487805,cone,cone
2957,28,22,1.2727272727272727,cone,cone
2958,34,31,1.096774193548387,cone,cone
2959,91,78,1.1666666666666667,cone,cone
2960,16,15,1.0666666666666667,cone,cone
2961,62,56,1.1071428571428572,cone,cone
2962,98,86,1.1395348837209303,cone,cone
2963,22,21,1.0476190476190477,cone,cone
2964,29,25,1.16,cone,cone
2965,38,33,1.1515151515151516,jl,cone
2966,63,56,1.125,jl,cone
2967,67,67,1.0,jl,jl
2968,29,29,1.0,lateral,lateral
2969,15,15,1.0,lateral,lateral
2970,25,22,1.1363636363636365,cone,cone
2971,21,19,1.105263157894737,cone,cone
2972,25,44,0.5681818181818182,jl,cone
2973,30,23,1.3043478260869565,cone,cone
2974,44,29,1.5172413793103448,cone,cone
2975,104,97,1.0721649484536082,cone,cone
2976,66,43,1.5348837209302326,cone,cone
2977,24,21,1.1428571428571428,cone,cone
2978,41,36,1.1388888888888888,cone,cone
2979,109,40,2.725,cone,cone
2980,18,15,1.2,cone,cone
2981,92,46,2.0,cone,cone
2982,26,24,1.0833333333333333,cone,cone
2983,26,21,1.2380952380952381,cone,cone
2984,21,24,0.875,cone,cone
2985,38,38,1.0,cone,cone
2986,37,34,1.088235294117647,jl,cone
2987,11,11,1.0,jl,jl
2988,60,44,1.3636363636363635,jl,cone
2989,41,38,1.0789473684210527,jl,cone
2990,37,34,1.088235294117647,cone,cone
2991,19,19,1.0,lateral,lateral
2992,31,29,1.0689655172413792,cone,cone
2993,23,24,0.9583333333333334,jl,jl
2994,22,21,1.0476190476190477,cone,cone
2995,28,28,1.0,lateral,lateral
2996,32,32,1.0,cone,cone
2997,63,44,1.4318181818181819,jl,cone
2998,38,30,1.2666666666666666,cone,cone
2999,60,45,1.3333333333333333,cone,cone
3000,28,27,1.037037037037037,cone,cone
3001,32,41,0.7804878048780488,jl,cone
3002,72,63,1.1428571428571428,cone,cone
3003,82,51,1.607843137254902,cone,cone
3004,47,31,1.5161290322580645,cone,cone
3005,19,38,0.5,jl,cone
3006,8,28,0.2857142857142857,jl,jl
3007,17,17,1.0,cone,cone
3008,32,31,1.032258064516129,cone,cone
3009,86,37,2.324324324324324,cone,cone
3010,41,49,0.8367346938775511,jl,jl
3011,17,15,1.1333333333333333,cone,cone
3012,28,30,0.9333333333333333,jl,cone
3013,3,36,0.08333333333333333,jl,jl
3014,32,10,3.2,cone,jl
3015,35,32,1.09375,cone,cone
3016,26,22,1.1818181818181819,cone,cone
3017,87,23,3.782608695652174,lateral,cone
3018,103,42,2.4523809523809526,cone,cone
3019,32,29,1.103448275862069,cone,cone
3020,77,74,1.0405405405405406,cone,cone
3021,31,33,0.9393939393939394,cone,cone
3022,27,24,1.125,cone,cone
3023,44,37,1.1891891891891893,cone,cone
3024,20,20,1.0,cone,cone
3025,17,18,0.9444444444444444,lateral,lateral
3026,10,10,1.0,lateral,lateral
3027,25,22,1.1363636363636365,cone,cone
3028,16,23,0.6956521739130435,jl,jl
3029,62,60,1.0333333333333334,cone,cone
3030,1,57,0.017543859649122806,jl,cone
3031,57,26,2.1923076923076925,jl,cone
3032,8,35,0.22857142857142856,jl,cone
3033,16,26,0.6153846153846154,jl,cone
3034,25,24,1.0416666666666667,cone,cone
3035,22,22,1.0,lateral,lateral
3036,34,83,0.40963855421686746,jl,cone
3037,76,78,0.9743589743589743,jl,lateral
3038,17,16,1.0625,cone,cone
3039,67,40,1.675,cone,cone
3040,18,18,1.0,lateral,lateral
3041,10,32,0.3125,jl,cone
3042,33,29,1.1379310344827587,cone,cone
3043,15,15,1.0,lateral,lateral
3044,23,35,0.6571428571428571,jl,jl
3045,53,49,1.0816326530612246,cone,cone
3046,46,29,1.5862068965517242,cone,cone
3047,54,49,1.1020408163265305,cone,cone
3048,38,38,1.0,lateral,lateral
3049,41,26,1.5769230769230769,cone,cone
3050,26,24,1.0833333333333333,cone,cone
3051,45,36,1.25,cone,cone
3052,52,29,1.793103448275862,cone,cone
3053,8,61,0.13114754098360656,jl,lateral
3054,66,61,1.0819672131147542,cone,cone
3055,61,52,1.1730769230769231,cone,cone
3056,9,35,0.2571428571428571,jl,cone
3057,27,27,1.0,jl,jl
3058,38,23,1.6521739130434783,cone,cone
3059,14,37,0.3783783783783784,jl,cone
3060,51,46,1.108695652173913,cone,cone
3061,34,28,1.2142857142857142,cone,cone
3062,38,38,1.0,jl,jl
3063,35,25,1.4,cone,cone
3064,16,10,1.6,cone,jl
3065,39,24,1.625,cone,cone
3066,48,46,1.0434782608695652,cone,cone
3067,55,37,1.4864864864864864,cone,cone
3068,1,13,0.07692307692307693,jl,lateral
3069,31,30,1.0333333333333334,cone,cone
3070,37,34,1.088235294117647,cone,cone
3071,48,40,1.2,cone,cone
3072,84,83,1.0120481927710843,cone,cone
3073,42,37,1.135135135135135,cone,cone
3074,53,31,1.7096774193548387,cone,cone
3075,48,40,1.2,cone,cone
3076,27,35,0.7714285714285715,jl,jl
3077,41,40,1.025,jl,cone
3078,49,44,1.1136363636363635,cone,cone
3079,41,35,1.1714285714285715,cone,cone
3080,17,16,1.0625,cone,cone
3081,24,20,1.2,cone,cone
3082,51,45,1.1333333333333333,cone,cone
3083,29,32,0.90625,cone,cone
3084,19,19,1.0,cone,cone
3085,20,20,1.0,lateral,lateral
3086,21,31,0.6774193548387096,jl,cone
3087,38,15,2.533333333333333,cone,jl
3088,4,29,0.13793103448275862,jl,cone
3089,50,46,1.0869565217391304,cone,cone
3090,1,15,0.06666666666666667,jl,lateral
3091,54,54,1.0,lateral,lateral
3092,93,38,2.4473684210526314,cone,cone
3093,18,17,1.0588235294117647,cone,cone
3094,27,27,1.0,cone,cone
3095,17,17,1.0,lateral,lateral
3096,40,51,0.7843137254901961,jl,cone
3097,22,24,0.9166666666666666,cone,cone
3098,10,10,1.0,jl,jl
3099,42,34,1.2352941176470589,cone,cone
3100,52,28,1.8571428571428572,cone,cone
3101,21,21,1.0,lateral,lateral
3102,8,18,0.4444444444444444,collision,collision
3103,12,12,1.0,cone,cone
3104,65,60,1.0833333333333333,jl,cone
3105,9,12,0.75,collision,collision
3106,57,50,1.14,jl,jl
3107,28,19,1.4736842105263157,cone,cone
3108,30,25,1.2,jl,cone
3109,17,14,1.2142857142857142,cone,cone
3110,29,29,1.0,lateral,lateral
3111,13,13,1.0,lateral,lateral
3112,25,19,1.3157894736842106,cone,cone
3113,21,21,1.0,cone,cone
3114,9,28,0.32142857142857145,jl,cone
3115,21,21,1.0,lateral,lateral
3116,14,19,0.7368421052631579,jl,jl
3117,42,33,1.2727272727272727,jl,cone
3118,51,46,1.108695652173913,cone,cone
3119,60,50,1.2,cone,cone
3120,2,25,0.08,jl,jl
3121,54,49,1.1020408163265305,jl,cone
3122,55,42,1.3095238095238095,cone,cone
3123,64,59,1.0847457627118644,cone,cone
3124,35,28,1.25,collision,cone
3125,32,25,1.28,cone,cone
3126,31,118,0.2627118644067797,cone,cone
3127,104,31,3.3548387096774195,jl,jl
3128,26,23,1.1304347826086956,cone,cone
3129,37,24,1.5416666666666667,jl,cone
3130,45,41,1.0975609756097562,cone,cone
3131,36,50,0.72,jl,cone
3132,39,34,1.1470588235294117,cone,cone
3133,45,31,1.4516129032258065,cone,cone
3134,50,49,1.0204081632653061,lateral,lateral
3135,15,14,1.0714285714285714,cone,cone
3136,55,54,1.0185185185185186,cone,cone
3137,40,37,1.0810810810810811,cone,cone
3138,54,42,1.2857142857142858,jl,cone
3139,25,22,1.1363636363636365,cone,cone
3140,37,34,1.088235294117647,cone,cone
3141,18,18,1.0,cone,cone
3142,31,27,1.1481481481481481,cone,cone
3143,12,12,1.0,lateral,lateral
3144,50,26,1.9230769230769231,cone,cone
3145,65,24,2.7083333333333335,collision,cone
3146,48,33,1.4545454545454546,cone,cone
3147,82,82,1.0,cone,cone
3148,46,31,1.4838709677419355,cone,cone
3149,75,66,1.1363636363636365,cone,cone
3150,15,20,0.75,jl,cone
3151,34,33,1.0303030303030303,cone,cone
3152,39,29,1.3448275862068966,cone,cone
3153,13,22,0.5909090909090909,jl,cone
3154,23,23,1.0,cone,cone
3155,32,29,1.103448275862069,cone,cone
3156,55,55,1.0,cone,cone
3157,67,16,4.1875,cone,jl
3158,8,32,0.25,jl,jl
3159,47,44,1.0681818181818181,cone,cone
3160,29,27,1.0740740740740742,cone,cone
3161,12,14,0.8571428571428571,jl,jl
3162,61,54,1.1296296296296295,cone,cone
3163,32,21,1.5238095238095237,jl,cone
3164,38,31,1.2258064516129032,cone,cone
3165,44,28,1.5714285714285714,cone,cone
3166,44,45,0.9777777777777777,cone,cone
3167,13,13,1.0,lateral,lateral
3168,107,22,4.863636363636363,cone,cone
3169,25,37,0.6756756756756757,jl,cone
3170,28,38,0.7368421052631579,jl,jl
3171,36,33,1.0909090909090908,cone,cone
3172,30,26,1.1538461538461537,cone,cone
3173,37,33,1.121212121212121,cone,cone
3174,53,39,1.358974358974359,cone,jl
3175,40,37,1.0810810810810811,jl,jl
3176,40,21,1.9047619047619047,cone,cone
3177,62,30,2.066666666666667,cone,cone
3178,18,17,1.0588235294117647,cone,cone
3179,27,27,1.0,cone,cone
3180,2,32,0.0625,jl,jl
3181,74,74,1.0,lateral,lateral
3182,14,14,1.0,lateral,lateral
3183,74,48,1.5416666666666667,lateral,cone
3184,11,15,0.7333333333333333,jl,jl
3185,24,24,1.0,cone,cone
3186,32,50,0.64,jl,cone
3187,91,88,1.0340909090909092,cone,cone
3188,24,23,1.0434782608695652,cone,cone
3189,24,21,1.1428571428571428,cone,cone
3190,9,12,0.75,collision,collision
3191,23,22,1.0454545454545454,jl,cone
3192,27,17,1.588235294117647,cone,jl
3193,24,25,0.96,jl,cone
3194,45,46,0.9782608695652174,cone,cone
3195,54,38,1.4210526315789473,cone,cone
3196,33,25,1.32,cone,cone
3197,56,40,1.4,cone,cone
3198,44,37,1.1891891891891893,cone,cone
3199,17,17,1.0,lateral,lateral
3200,8,33,0.24242424242424243,jl,jl
3201,10,10,1.0,lateral,lateral
3202,26,33,0.7878787878787878,jl,jl
3203,19,38,0.5,jl,cone
3204,52,36,1.4444444444444444,cone,cone
3205,21,21,1.0,cone,cone
3206,20,28,0.7142857142857143,jl,jl
3207,30,29,1.0344827586206897,jl,cone
3208,29,26,1.1153846153846154,cone,cone
3209,52,41,1.2682926829268293,cone,cone
3210,20,19,1.0526315789473684,cone,cone
3211,57,52,1.0961538461538463,cone,cone
3212,34,26,1.3076923076923077,cone,cone
3213,82,40,2.05,lateral,cone
3214,40,27,1.4814814814814814,cone,cone
3215,18,17,1.0588235294117647,cone,cone
3216,36,29,1.2413793103448276,cone,cone
3217,108,46,2.347826086956522,cone,cone
3218,25,24,1.0416666666666667,cone,cone
3219,29,37,0.7837837837837838,jl,cone
3220,65,46,1.4130434782608696,cone,cone
3221,22,21,1.0476190476190477,cone,cone
3222,78,62,1.2580645161290323,jl,cone
3223,34,34,1.0,cone,cone
3224,19,17,1.1176470588235294,cone,cone
3225,49,34,1.4411764705882353,cone,cone
3226,84,58,1.4482758620689655,cone,cone
3227,9,19,0.47368421052631576,jl,jl
3228,87,82,1.0609756097560976,cone,cone
3229,52,40,1.3,jl,cone
3230,27,25,1.08,lateral,cone
3231,39,30,1.3,collision,cone
3232,94,26,3.6153846153846154,cone,cone
3233,37,25,1.48,cone,cone
3234,50,40,1.25,cone,cone
3235,37,29,1.2758620689655173,cone,cone
3236,24,23,1.0434782608695652,cone,cone
3237,10,10,1.0,lateral,lateral
3238,74,38,1.9473684210526316,cone,cone
3239,25,25,1.0,lateral,lateral
3240,37,36,1.0277777777777777,jl,cone
3241,21,19,1.105263157894737,cone,cone
3242,24,23,1.0434782608695652,jl,cone
3243,24,22,1.0909090909090908,cone,cone
3244,11,12,0.9166666666666666,jl,jl
3245,71,58,1.2241379310344827,cone,cone
3246,18,23,0.782608695652174,cone,cone
3247,43,25,1.72,cone,cone
3248,47,40,1.175,lateral,cone
3249,22,20,1.1,cone,cone
3250,17,16,1.0625,cone,cone
3251,25,30,0.8333333333333334,jl,cone
3252,57,44,1.2954545454545454,cone,cone
3253,77,54,1.4259259259259258,cone,cone
3254,69,70,0.9857142857142858,jl,jl
3255,73,39,1.8717948717948718,cone,cone
3256,28,22,1.2727272727272727,cone,cone
3257,40,43,0.9302325581395349,cone,cone
3258,26,25,1.04,cone,cone
3259,42,42,1.0,lateral,lateral
3260,44,24,1.8333333333333333,cone,cone
3261,6,50,0.12,jl,lateral
3262,32,30,1.0666666666666667,cone,cone
3263,82,60,1.3666666666666667,cone,cone
3264,72,47,1.5319148936170213,cone,cone
3265,20,19,1.0526315789473684,cone,cone
3266,58,46,1.2608695652173914,cone,cone
3267,29,33,0.8787878787878788,jl,jl
3268,32,26,1.2307692307692308,cone,cone
3269,90,90,1.0,cone,lateral
3270,40,41,0.975609756097561,jl,jl
3271,68,38,1.7894736842105263,cone,cone
3272,40,26,1.5384615384615385,jl,cone
3273,33,24,1.375,cone,cone
3274,56,50,1.12,cone,cone
3275,25,19,1.3157894736842106,jl,cone
3276,14,14,1.0,lateral,lateral
3277,49,40,1.225,cone,cone
3278,66,44,1.5,cone,cone
3279,8,20,0.4,jl,jl
3280,34,35,0.9714285714285714,jl,cone
3281,84,43,1.9534883720930232,cone,cone
3282,75,31,2.4193548387096775,cone,cone
3283,25,25,1.0,cone,cone
3284,37,21,1.7619047619047619,cone,cone
3285,20,19,1.0526315789473684,cone,cone
3286,30,30,1.0,cone,cone
3287,53,45,1.1777777777777778,cone,cone
3288,25,24,1.0416666666666667,cone,cone
3289,45,40,1.125,cone,cone
3290,5,45,0.1111111111111111,jl,cone
3291,113,98,1.153061224489796,cone,cone
3292,27,27,1.0,cone,cone
3293,43,35,1.2285714285714286,cone,cone
3294,12,12,1.0,lateral,lateral
3295,16,15,1.0666666666666667,cone,cone
3296,59,47,1.2553191489361701,cone,cone
3297,49,24,2.0416666666666665,cone,cone
3298,30,28,1.0714285714285714,cone,cone
3299,24,23,1.0434782608695652,cone,cone
3300,35,24,1.4583333333333333,cone,cone
3301,31,31,1.0,lateral,lateral
3302,35,26,1.3461538461538463,cone,cone
3303,67,27,2.4814814814814814,cone,cone
3304,25,24,1.0416666666666667,cone,cone
3305,42,41,1.024390243902439,jl,jl
3306,16,23,0.6956521739130435,jl,jl
3307,65,44,1.4772727272727273,cone,cone
3308,29,21,1.380952380952381,cone,cone
3309,49,33,1.4848484848484849,jl,cone
3310,35,33,1.0606060606060606,cone,cone
3311,35,30,1.1666666666666667,jl,jl
3312,81,41,1.975609756097561,lateral,cone
3313,59,59,1.0,cone,cone
3314,28,24,1.1666666666666667,cone,cone
3315,99,99,1.0,cone,cone
3316,56,55,1.018181818181818,cone,cone
3317,25,23,1.0869565217391304,lateral,cone
3318,90,26,3.4615384615384617,jl,cone
3319,41,33,1.2424242424242424,cone,cone
3320,80,23,3.4782608695652173,lateral,cone
3321,11,11,1.0,lateral,lateral
3322,40,34,1.1764705882352942,cone,cone
3323,21,43,0.4883720930232558,jl,cone
3324,16,16,1.0,lateral,lateral
3325,31,28,1.1071428571428572,cone,cone
3326,43,39,1.1025641025641026,cone,cone
3327,22,20,1.1,cone,cone
3328,40,39,1.0256410256410255,jl,jl
3329,32,23,1.391304347826087,cone,cone
3330,23,22,1.0454545454545454,cone,cone
3331,16,14,1.1428571428571428,cone,cone
3332,60,54,1.1111111111111112,cone,cone
3333,25,23,1.0869565217391304,cone,cone
3334,25,20,1.25,jl,cone
3335,14,14,1.0,cone,cone
3336,34,33,1.0303030303030303,cone,cone
3337,28,28,1.0,cone,cone
3338,46,40,1.15,cone,cone
3339,70,54,1.2962962962962963,cone,cone
3340,24,23,1.0434782608695652,cone,cone
3341,12,17,0.7058823529411765,jl,jl
3342,50,16,3.125,jl,jl
3343,23,23,1.0,cone,cone
3344,63,30,2.1,jl,cone
3345,45,29,1.5517241379310345,cone,cone
3346,55,34,1.6176470588235294,cone,cone
3347,43,42,1.0238095238095237,cone,cone
3348,75,29,2.586206896551724,jl,cone
3349,48,35,1.3714285714285714,cone,cone
3350,30,25,1.2,cone,cone
3351,32,27,1.1851851851851851,cone,cone
3352,25,22,1.1363636363636365,cone,cone
3353,22,32,0.6875,cone,cone
3354,24,34,0.7058823529411765,collision,cone
3355,16,15,1.0666666666666667,cone,cone
3356,117,36,3.25,cone,cone
3357,58,37,1.5675675675675675,cone,cone
3358,11,19,0.5789473684210527,jl,jl
3359,35,32,1.09375,cone,cone
3360,75,57,1.3157894736842106,cone,cone
3361,28,24,1.1666666666666667,cone,cone
3362,13,11,1.1818181818181819,jl,jl
3363,36,37,0.972972972972973,jl,jl
3364,19,18,1.0555555555555556,cone,cone
3365,46,46,1.0,cone,cone
3366,32,34,0.9411764705882353,cone,cone
3367,10,10,1.0,jl,jl
3368,19,19,1.0,cone,cone
3369,18,17,1.0588235294117647,lateral,cone
3370,16,16,1.0,lateral,lateral
3371,49,49,1.0,jl,cone
3372,89,36,2.4722222222222223,lateral,cone
3373,40,29,1.3793103448275863,jl,cone
3374,55,55,1.0,lateral,lateral
3375,41,38,1.0789473684210527,cone,cone
3376,90,34,2.6470588235294117,cone,cone
3377,14,14,1.0,lateral,lateral
3378,51,38,1.3421052631578947,cone,cone
3379,32,26,1.2307692307692308,cone,cone
3380,37,38,0.9736842105263158,cone,cone
3381,17,21,0.8095238095238095,collision,collision
3382,32,30,1.0666666666666667,cone,cone
3383,90,85,1.0588235294117647,cone,cone
3384,18,17,1.0588235294117647,cone,cone
3385,21,18,1.1666666666666667,cone,cone
3386,64,41,1.5609756097560976,cone,cone
3387,17,17,1.0,cone,cone
3388,46,47,0.9787234042553191,lateral,lateral
3389,48,62,0.7741935483870968,jl,jl
3390,6,45,0.13333333333333333,jl,cone
3391,74,68,1.088235294117647,cone,cone
3392,91,82,1.1097560975609757,cone,cone
3393,44,32,1.375,cone,cone
3394,30,30,1.0,lateral,lateral
3395,33,40,0.825,jl,jl
3396,22,19,1.1578947368421053,cone,cone
3397,46,40,1.15,cone,cone
3398,23,23,1.0,cone,cone
3399,75,72,1.0416666666666667,cone,cone
3400,24,23,1.0434782608695652,cone,cone
3401,20,20,1.0,cone,cone
3402,18,17,1.0588235294117647,cone,cone
3403,13,20,0.65,jl,cone
3404,55,51,1.0784313725490196,cone,cone
3405,40,35,1.1428571428571428,cone,cone
3406,9,10,0.9,jl,jl
3407,17,17,1.0,cone,cone
3408,47,50,0.94,jl,jl
3409,65,32,2.03125,cone,cone
3410,14,13,1.0769230769230769,collision,collision
3411,63,34,1.8529411764705883,cone,cone
3412,61,55,1.1090909090909091,jl,cone
3413,29,29,1.0,lateral,lateral
3414,74,70,1.0571428571428572,cone,cone
3415,15,25,0.6,jl,cone
3416,10,66,0.15151515151515152,jl,cone
3417,67,23,2.9130434782608696,jl,cone
3418,76,57,1.3333333333333333,cone,cone
3419,30,26,1.1538461538461537,cone,cone
3420,29,28,1.0357142857142858,cone,cone
3421,44,29,1.5172413793103448,cone,cone
3422,26,22,1.1818181818181819,cone,cone
3423,62,22,2.8181818181818183,cone,cone
3424,32,30,1.0666666666666667,cone,cone
3425,35,65,0.5384615384615384,jl,cone
3426,17,17,1.0,lateral,lateral
3427,30,31,0.967741935483871,cone,cone
3428,33,33,1.0,jl,cone
3429,21,18,1.1666666666666667,cone,cone
3430,86,31,2.774193548387097,jl,cone
3431,35,35,1.0,lateral,lateral
3432,33,30,1.1,cone,cone
3433,11,13,0.8461538461538461,collision,collision
3434,37,24,1.5416666666666667,cone,cone
3435,18,18,1.0,cone,cone
3436,26,24,1.0833333333333333,cone,cone
3437,12,12,1.0,jl,jl
3438,37,26,1.4230769230769231,cone,cone
3439,49,49,1.0,cone,cone
3440,51,38,1.3421052631578947,cone,cone
3441,85,79,1.0759493670886076,jl,cone
3442,17,17,1.0,cone,cone
3443,6,38,0.15789473684210525,jl,cone
3444,58,25,2.32,cone,cone
3445,33,29,1.1379310344827587,jl,cone
3446,53,41,1.2926829268292683,cone,cone
3447,27,28,0.9642857142857143,cone,cone
3448,66,60,1.1,cone,cone
3449,33,25,1.32,jl,cone
3450,26,26,1.0,lateral,lateral
3451,23,23,1.0,cone,cone
3452,43,36,1.1944444444444444,cone,cone
3453,9,21,0.42857142857142855,collision,cone
3454,38,29,1.3103448275862069,cone,cone
3455,15,14,1.0714285714285714,cone,cone
3456,66,51,1.2941176470588236,jl,cone
3457,23,23,1.0,cone,cone
3458,34,26,1.3076923076923077,cone,cone
3459,51,35,1.457142857142857,cone,cone
3460,43,42,1.0238095238095237,cone,cone
3461,52,33,1.5757575757575757,cone,cone
3462,75,74,1.0135135135135136,cone,cone
3463,31,20,1.55,cone,cone
3464,1,25,0.04,jl,jl
3465,25,23,1.0869565217391304,collision,collision
3466,63,44,1.4318181818181819,cone,cone
3467,22,38,0.5789473684210527,jl,cone
3468,19,19,1.0,lateral,lateral
3469,49,43,1.1395348837209303,cone,jl
3470,64,64,1.0,lateral,lateral
3471,16,34,0.47058823529411764,jl,cone
3472,28,30,0.9333333333333333,jl,cone
3473,13,25,0.52,jl,cone
3474,79,42,1.880952380952381,cone,cone
3475,14,13,1.0769230769230769,cone,cone
3476,53,41,1.2926829268292683,cone,cone
3477,43,43,1.0,lateral,lateral
3478,19,18,1.0555555555555556,cone,cone
3479,30,29,1.0344827586206897,cone,cone
3480,65,65,1.0,lateral,lateral
3481,67,32,2.09375,cone,cone
3482,94,30,3.1333333333333333,cone,cone
3483,94,41,2.292682926829268,cone,cone
3484,10,10,1.0,jl,jl
3485,18,17,1.0588235294117647,cone,cone
3486,24,25,0.96,lateral,lateral
3487,10,10,1.0,cone,cone
3488,20,19,1.0526315789473684,cone,cone
3489,55,56,0.9821428571428571,cone,cone
3490,7,48,0.14583333333333334,jl,cone
3491,33,31,1.064516129032258,cone,cone
3492,52,42,1.2380952380952381,cone,cone
3493,36,28,1.2857142857142858,cone,cone
3494,74,24,3.0833333333333335,cone,cone
3495,26,26,1.0,lateral,lateral
3496,107,42,2.5476190476190474,cone,cone
3497,20,20,1.0,lateral,lateral
3498,21,21,1.0,cone,cone
3499,22,20,1.1,cone,cone
3500,49,48,1.0208333333333333,cone,cone
3501,36,22,1.6363636363636365,collision,cone
3502,21,23,0.9130434782608695,jl,cone
3503,13,40,0.325,jl,cone
3504,23,22,1.0454545454545454,cone,cone
3505,58,49,1.183673469387755,cone,jl
3506,33,30,1.1,cone,cone
3507,15,15,1.0,cone,cone
3508,3,39,0.07692307692307693,jl,cone
3509,23,22,1.0454545454545454,cone,cone
3510,29,35,0.8285714285714286,jl,jl
3511,34,43,0.7906976744186046,jl,cone
3512,2,13,0.15384615384615385,jl,jl
3513,28,28,1.0,lateral,lateral
3514,47,26,1.8076923076923077,cone,cone
3515,22,20,1.1,cone,cone
3516,48,36,1.3333333333333333,cone,cone
3517,76,31,2.4516129032258065,cone,cone
3518,49,31,1.5806451612903225,cone,cone
3519,12,16,0.75,jl,jl
3520,46,59,0.7796610169491526,jl,cone
3521,24,40,0.6,cone,cone
3522,19,21,0.9047619047619048,collision,collision
3523,31,23,1.3478260869565217,cone,cone
3524,54,57,0.9473684210526315,jl,jl
3525,14,13,1.0769230769230769,lateral,lateral
3526,36,31,1.1612903225806452,cone,cone
3527,34,34,1.0,cone,cone
3528,33,29,1.1379310344827587,jl,cone
3529,26,25,1.04,cone,cone
3530,62,39,1.5897435897435896,cone,cone
3531,66,20,3.3,jl,cone
3532,36,32,1.125,cone,cone
3533,33,33,1.0,lateral,lateral
3534,22,19,1.1578947368421053,cone,cone
3535,27,27,1.0,jl,jl
3536,52,52,1.0,jl,jl
3537,33,29,1.1379310344827587,cone,cone
3538,18,18,1.0,jl,jl
3539,66,47,1.4042553191489362,cone,cone
3540,51,51,1.0,lateral,lateral
3541,87,42,2.0714285714285716,cone,cone
3542,19,17,1.1176470588235294,jl,jl
3543,75,52,1.4423076923076923,cone,cone
3544,58,33,1.7575757575757576,lateral,cone
3545,34,34,1.0,lateral,lateral
3546,29,27,1.0740740740740742,cone,cone
3547,48,20,2.4,jl,cone
3548,43,41,1.048780487804878,cone,cone
3549,66,39,1.6923076923076923,jl,cone
3550,14,14,1.0,cone,cone
3551,14,13,1.0769230769230769,cone,cone
3552,36,30,1.2,cone,cone
3553,21,23,0.9130434782608695,cone,cone
3554,83,57,1.456140350877193,cone,cone
3555,31,20,1.55,cone,cone
3556,35,30,1.1666666666666667,cone,cone
3557,66,66,1.0,lateral,lateral
3558,16,16,1.0,cone,cone
3559,28,27,1.037037037037037,cone,cone
3560,26,40,0.65,jl,cone
3561,46,43,1.069767441860465,cone,cone
3562,8,25,0.32,jl,cone
3563,17,39,0.4358974358974359,jl,cone
3564,68,34,2.0,cone,cone
3565,21,21,1.0,cone,cone
3566,12,12,1.0,lateral,lateral
3567,53,52,1.0192307692307692,jl,jl
3568,34,36,0.9444444444444444,jl,cone
3569,9,21,0.42857142857142855,collision,cone
3570,51,36,1.4166666666666667,cone,cone
3571,28,23,1.2173913043478262,cone,cone
3572,22,22,1.0,cone,cone
3573,24,24,1.0,cone,cone
3574,63,41,1.5365853658536586,jl,cone
3575,13,12,1.0833333333333333,cone,cone
3576,38,34,1.1176470588235294,cone,cone
3577,21,21,1.0,cone,cone
3578,42,31,1.3548387096774193,cone,cone
3579,52,33,1.5757575757575757,cone,cone
3580,15,27,0.5555555555555556,jl,cone
3581,60,52,1.1538461538461537,cone,cone
3582,19,18,1.0555555555555556,cone,cone
3583,55,23,2.391304347826087,jl,jl
3584,29,29,1.0,lateral,lateral
3585,17,18,0.9444444444444444,jl,collision
3586,31,38,0.8157894736842105,cone,cone
3587,18,18,1.0,jl,cone
3588,29,21,1.380952380952381,cone,cone
3589,20,39,0.5128205128205128,jl,cone
3590,19,18,1.0555555555555556,cone,cone
3591,42,38,1.105263157894737,jl,cone
3592,58,45,1.288888888888889,cone,cone
3593,45,35,1.2857142857142858,cone,cone
3594,34,19,1.7894736842105263,cone,jl
3595,42,34,1.2352941176470589,cone,cone
3596,82,24,3.4166666666666665,cone,cone
3597,35,55,0.6363636363636364,jl,cone
3598,12,12,1.0,lateral,lateral
3599,95,37,2.5675675675675675,jl,cone
3600,68,28,2.4285714285714284,cone,cone
3601,50,46,1.0869565217391304,cone,cone
3602,27,30,0.9,cone,cone
3603,18,18,1.0,cone,cone
3604,52,26,2.0,jl,cone
3605,12,29,0.41379310344827586,jl,jl
3606,27,27,1.0,cone,cone
3607,25,21,1.1904761904761905,cone,cone
3608,36,32,1.125,cone,cone
3609,71,41,1.7317073170731707,jl,cone
3610,26,20,1.3,jl,cone
3611,27,24,1.125,cone,cone
3612,32,63,0.5079365079365079,jl,cone
3613,18,18,1.0,jl,jl
3614,11,21,0.5238095238095238,jl,jl
3615,42,42,1.0,lateral,lateral
3616,20,27,0.7407407407407407,jl,cone
3617,75,60,1.25,cone,cone
3618,65,32,2.03125,cone,cone
3619,41,32,1.28125,cone,cone
3620,60,47,1.2765957446808511,cone,cone
3621,25,26,0.9615384615384616,cone,cone
3622,30,23,1.3043478260869565,cone,cone
3623,118,43,2.744186046511628,cone,cone
3624,99,43,2.302325581395349,cone,cone
3625,58,39,1.4871794871794872,jl,cone
3626,62,39,1.5897435897435896,jl,cone
3627,25,25,1.0,cone,cone
3628,16,39,0.41025641025641024,jl,cone
3629,57,50,1.14,cone,cone
3630,37,21,1.7619047619047619,cone,cone
3631,64,64,1.0,lateral,lateral
3632,81,25,3.24,cone,cone
3633,54,33,1.6363636363636365,jl,cone
3634,10,19,0.5263157894736842,jl,cone
3635,47,30,1.5666666666666667,cone,cone
3636,39,35,1.1142857142857143,cone,cone
3637,21,18,1.1666666666666667,cone,cone
3638,27,14,1.9285714285714286,jl,jl
3639,25,22,1.1363636363636365,cone,cone
3640,10,10,1.0,jl,jl
3641,15,54,0.2777777777777778,jl,cone
3642,40,28,1.4285714285714286,cone,cone
3643,42,31,1.3548387096774193,cone,cone
3644,63,57,1.105263157894737,cone,cone
3645,55,43,1.2790697674418605,jl,cone
3646,11,36,0.3055555555555556,jl,cone
3647,66,37,1.7837837837837838,cone,cone
3648,30,26,1.1538461538461537,cone,cone
3649,27,26,1.0384615384615385,jl,cone
3650,53,54,0.9814814814814815,lateral,lateral
3651,30,27,1.1111111111111112,cone,cone
3652,17,17,1.0,cone,cone
3653,46,33,1.393939393939394,cone,cone
3654,96,33,2.909090909090909,jl,cone
3655,59,52,1.1346153846153846,cone,cone
3656,30,28,1.0714285714285714,cone,cone
3657,61,45,1.3555555555555556,cone,cone
3658,21,22,0.9545454545454546,jl,jl
3659,39,27,1.4444444444444444,cone,cone
3660,20,27,0.7407407407407407,jl,cone
3661,42,34,1.2352941176470589,lateral,cone
3662,20,20,1.0,cone,cone
3663,74,31,2.3870967741935485,cone,cone
3664,25,23,1.0869565217391304,cone,cone
3665,21,22,0.9545454545454546,cone,cone
3666,20,30,0.6666666666666666,jl,jl
3667,24,24,1.0,cone,cone
3668,49,41,1.1951219512195121,cone,cone
3669,24,23,1.0434782608695652,cone,cone
3670,48,42,1.1428571428571428,lateral,cone
3671,54,45,1.2,cone,cone
3672,23,25,0.92,cone,cone
3673,32,25,1.28,jl,cone
3674,91,83,1.0963855421686748,cone,cone
3675,44,30,1.4666666666666666,cone,cone
3676,24,24,1.0,cone,cone
3677,34,27,1.2592592592592593,cone,cone
3678,29,29,1.0,cone,cone
3679,10,12,0.8333333333333334,collision,collision
3680,104,33,3.1515151515151514,cone,cone
3681,28,27,1.037037037037037,cone,cone
3682,13,13,1.0,cone,cone
3683,20,18,1.1111111111111112,cone,cone
3684,22,20,1.1,jl,jl
3685,22,19,1.1578947368421053,cone,cone
3686,22,22,1.0,jl,jl
3687,54,53,1.0188679245283019,cone,cone
3688,67,59,1.1355932203389831,cone,cone
3689,93,69,1.3478260869565217,cone,cone
3690,37,36,1.0277777777777777,jl,cone
3691,42,38,1.105263157894737,jl,jl
3692,16,28,0.5714285714285714,jl,jl
3693,47,43,1.0930232558139534,jl,cone
3694,29,28,1.0357142857142858,cone,cone
3695,7,10,0.7,jl,jl
3696,46,36,1.2777777777777777,cone,cone
3697,24,30,0.8,collision,cone
3698,45,44,1.0227272727272727,lateral,lateral
3699,17,18,0.9444444444444444,jl,cone
3700,42,34,1.2352941176470589,cone,cone
3701,29,27,1.0740740740740742,cone,cone
3702,24,21,1.1428571428571428,cone,cone
3703,21,17,1.2352941176470589,jl,jl
3704,37,32,1.15625,cone,cone
3705,31,30,1.0333333333333334,cone,cone
3706,8,17,0.47058823529411764,jl,jl
3707,44,38,1.1578947368421053,cone,cone
3708,11,15,0.7333333333333333,jl,jl
3709,38,38,1.0,cone,cone
3710,5,55,0.09090909090909091,jl,cone
3711,41,37,1.1081081081081081,cone,cone
3712,26,26,1.0,cone,cone
3713,81,22,3.6818181818181817,cone,cone
3714,64,49,1.3061224489795917,cone,cone
3715,63,41,1.5365853658536586,jl,cone
3716,33,33,1.0,cone,cone
3717,33,26,1.2692307692307692,cone,cone
3718,24,19,1.263157894736842,jl,cone
3719,63,59,1.0677966101694916,lateral,cone
3720,17,14,1.2142857142857142,jl,jl
3721,24,22,1.0909090909090908,cone,cone
3722,75,59,1.271186440677966,cone,cone
3723,26,19,1.368421052631579,cone,cone
3724,9,27,0.3333333333333333,jl,jl
3725,13,13,1.0,lateral,lateral
3726,98,94,1.0425531914893618,jl,cone
3727,18,39,0.46153846153846156,jl,cone
3728,42,42,1.0,lateral,lateral
3729,21,23,0.9130434782608695,cone,cone
3730,8,13,0.6153846153846154,jl,jl
3731,34,34,1.0,lateral,lateral
3732,67,18,3.7222222222222223,cone,cone
3733,35,31,1.1290322580645162,jl,cone
3734,49,49,1.0,cone,cone
3735,21,25,0.84,jl,cone
3736,51,48,1.0625,cone,cone
3737,15,17,0.8823529411764706,jl,jl
3738,9,21,0.42857142857142855,jl,cone
3739,19,19,1.0,lateral,lateral
3740,21,21,1.0,cone,cone
3741,16,19,0.8421052631578947,jl,jl
3742,36,32,1.125,cone,cone
3743,65,39,1.6666666666666667,lateral,cone
3744,98,81,1.2098765432098766,cone,cone
3745,77,41,1.8780487804878048,cone,cone
3746,29,28,1.0357142857142858,cone,cone
3747,18,18,1.0,cone,cone
3748,71,47,1.5106382978723405,cone,cone
3749,18,18,1.0,cone,cone
3750,54,56,0.9642857142857143,jl,jl
3751,41,32,1.28125,cone,cone
3752,83,49,1.6938775510204083,cone,cone
3753,17,17,1.0,lateral,lateral
3754,40,20,2.0,cone,cone
3755,53,34,1.5588235294117647,cone,cone
3756,47,38,1.236842105263158,cone,cone
3757,36,26,1.3846153846153846,jl,cone
3758,27,27,1.0,lateral,lateral
3759,21,21,1.0,jl,jl
3760,63,56,1.125,cone,cone
3761,1,46,0.021739130434782608,jl,cone
3762,50,41,1.2195121951219512,cone,cone
3763,82,82,1.0,lateral,lateral
3764,37,37,1.0,cone,cone
3765,49,44,1.1136363636363635,cone,cone
3766,30,25,1.2,cone,cone
3767,48,54,0.8888888888888888,cone,lateral
3768,36,30,1.2,cone,cone
3769,61,36,1.6944444444444444,cone,cone
3770,92,28,3.2857142857142856,jl,cone
3771,30,25,1.2,cone,jl
3772,35,32,1.09375,cone,cone
3773,25,49,0.5102040816326531,jl,cone
3774,22,22,1.0,cone,cone
3775,52,50,1.04,jl,cone
3776,41,32,1.28125,cone,cone
3777,17,16,1.0625,cone,cone
3778,35,34,1.0294117647058822,lateral,cone
3779,90,84,1.0714285714285714,cone,cone
3780,41,38,1.0789473684210527,cone,cone
3781,64,60,1.0666666666666667,cone,cone
3782,22,18,1.2222222222222223,lateral,cone
3783,91,87,1.0459770114942528,cone,cone
3784,54,33,1.6363636363636365,cone,cone
3785,62,54,1.1481481481481481,cone,cone
3786,86,36,2.388888888888889,jl,cone
3787,32,30,1.0666666666666667,lateral,cone
3788,41,33,1.2424242424242424,cone,cone
3789,44,40,1.1,cone,cone
3790,51,49,1.0408163265306123,jl,jl
3791,54,56,0.9642857142857143,cone,cone
3792,72,42,1.7142857142857142,cone,cone
3793,26,22,1.1818181818181819,jl,jl
3794,18,17,1.0588235294117647,cone,cone
3795,11,10,1.1,cone,cone
3796,77,48,1.6041666666666667,cone,cone
3797,18,18,1.0,cone,cone
3798,32,26,1.2307692307692308,cone,cone
3799,34,21,1.619047619047619,cone,cone
3800,66,58,1.1379310344827587,lateral,cone
3801,74,35,2.1142857142857143,cone,cone
3802,39,37,1.054054054054054,cone,cone
3803,61,48,1.2708333333333333,cone,cone
3804,16,21,0.7619047619047619,jl,cone
3805,19,23,0.8260869565217391,cone,cone
3806,29,32,0.90625,jl,jl
3807,19,18,1.0555555555555556,cone,cone
3808,59,34,1.7352941176470589,cone,cone
3809,17,44,0.38636363636363635,jl,cone
3810,20,24,0.8333333333333334,jl,cone
3811,25,51,0.49019607843137253,jl,cone
3812,39,35,1.1142857142857143,cone,cone
3813,49,32,1.53125,cone,cone
3814,64,55,1.1636363636363636,cone,cone
3815,66,43,1.5348837209302326,cone,cone
3816,19,19,1.0,cone,cone
3817,92,83,1.108433734939759,cone,cone
3818,13,13,1.0,jl,jl
3819,32,28,1.1428571428571428,cone,cone
3820,20,16,1.25,jl,jl
3821,45,40,1.125,jl,cone
3822,18,20,0.9,jl,cone
3823,37,37,1.0,cone,cone
3824,19,18,1.0555555555555556,cone,cone
3825,66,42,1.5714285714285714,cone,cone
3826,44,37,1.1891891891891893,jl,cone
3827,46,32,1.4375,cone,cone
3828,41,30,1.3666666666666667,cone,cone
3829,24,23,1.0434782608695652,cone,cone
3830,25,22,1.1363636363636365,cone,cone
3831,26,27,0.9629629629629629,cone,cone
3832,42,20,2.1,jl,jl
3833,94,44,2.1363636363636362,cone,cone
3834,40,35,1.1428571428571428,cone,cone
3835,22,20,1.1,cone,cone
3836,81,24,3.375,cone,cone
3837,6,26,0.23076923076923078,collision,cone
3838,38,34,1.1176470588235294,cone,cone
3839,42,28,1.5,cone,cone
3840,61,39,1.564102564102564,jl,cone
3841,28,28,1.0,cone,cone
3842,43,44,0.9772727272727273,cone,cone
3843,35,33,1.0606060606060606,jl,cone
3844,42,35,1.2,cone,cone
3845,33,63,0.5238095238095238,jl,cone
3846,99,100,0.99,cone,cone
3847,15,15,1.0,cone,cone
3848,29,28,1.0357142857142858,cone,cone
3849,41,69,0.5942028985507246,jl,cone
3850,19,20,0.95,cone,cone
3851,20,19,1.0526315789473684,cone,cone
3852,47,47,1.0,lateral,lateral
3853,53,43,1.2325581395348837,jl,cone
3854,31,20,1.55,cone,cone
3855,43,45,0.9555555555555556,jl,cone
3856,31,27,1.1481481481481481,jl,cone
3857,59,43,1.372093023255814,cone,cone
3858,24,23,1.0434782608695652,cone,cone
3859,31,27,1.1481481481481481,lateral,cone
3860,22,20,1.1,cone,cone
3861,60,46,1.3043478260869565,cone,cone
3862,27,31,0.8709677419354839,jl,cone
3863,30,28,1.0714285714285714,cone,cone
3864,86,87,0.9885057471264368,cone,cone
3865,16,15,1.0666666666666667,cone,cone
3866,14,15,0.9333333333333333,jl,jl
3867,69,48,1.4375,cone,cone
3868,54,29,1.8620689655172413,cone,cone
3869,26,25,1.04,cone,cone
3870,32,29,1.103448275862069,cone,cone
3871,67,42,1.5952380952380953,cone,cone
3872,78,64,1.21875,lateral,cone
3873,1,13,0.07692307692307693,jl,cone
3874,9,36,0.25,jl,cone
3875,38,12,3.1666666666666665,cone,jl
3876,49,27,1.8148148148148149,cone,cone
3877,20,51,0.39215686274509803,jl,jl
3878,21,20,1.05,cone,cone
3879,10,10,1.0,cone,cone
3880,23,42,0.5476190476190477,jl,cone
3881,21,22,0.9545454545454546,cone,cone
3882,14,22,0.6363636363636364,jl,cone
3883,23,20,1.15,cone,cone
3884,40,32,1.25,cone,cone
3885,46,41,1.1219512195121952,lateral,cone
3886,38,42,0.9047619047619048,jl,cone
3887,24,24,1.0,cone,cone
3888,68,43,1.5813953488372092,cone,cone
3889,91,38,2.3947368421052633,cone,cone
3890,33,30,1.1,jl,jl
3891,30,30,1.0,cone,cone
3892,57,54,1.0555555555555556,cone,cone
3893,25,22,1.1363636363636365,cone,cone
3894,66,51,1.2941176470588236,cone,cone
3895,10,10,1.0,lateral,lateral
3896,46,42,1.0952380952380953,cone,cone
3897,21,23,0.9130434782608695,jl,cone
3898,28,27,1.037037037037037,cone,cone
3899,51,30,1.7,cone,cone
3900,75,58,1.293103448275862,cone,cone
3901,36,24,1.5,cone,cone
3902,31,22,1.4090909090909092,cone,cone
3903,63,31,2.032258064516129,jl,cone
3904,13,10,1.3,jl,jl
3905,59,33,1.7878787878787878,cone,cone
3906,11,11,1.0,lateral,lateral
3907,19,17,1.1176470588235294,cone,cone
3908,39,34,1.1470588235294117,cone,cone
3909,19,19,1.0,cone,cone
3910,35,38,0.9210526315789473,cone,cone
3911,61,42,1.4523809523809523,cone,cone
3912,94,77,1.2207792207792207,cone,cone
3913,14,14,1.0,cone,cone
3914,21,17,1.2352941176470589,cone,cone
3915,70,50,1.4,cone,cone
3916,69,57,1.2105263157894737,jl,cone
3917,17,25,0.68,jl,jl
3918,2,54,0.037037037037037035,jl,cone
3919,19,25,0.76,jl,jl
3920,71,47,1.5106382978723405,cone,cone
3921,88,43,2.046511627906977,cone,cone
3922,41,107,0.38317757009345793,jl,cone
3923,114,106,1.0754716981132075,cone,cone
3924,8,10,0.8,jl,jl
3925,51,40,1.275,cone,cone
3926,39,24,1.625,cone,cone
3927,41,42,0.9761904761904762,cone,cone
3928,47,41,1.146341463414634,cone,cone
3929,14,27,0.5185185185185185,collision,collision
3930,32,23,1.391304347826087,cone,cone
3931,42,38,1.105263157894737,cone,cone
3932,26,25,1.04,cone,cone
3933,88,39,2.2564102564102564,jl,jl
3934,29,28,1.0357142857142858,cone,cone
3935,45,31,1.4516129032258065,cone,cone
3936,29,21,1.380952380952381,cone,cone
3937,24,41,0.5853658536585366,jl,cone
3938,46,34,1.3529411764705883,cone,cone
3939,34,34,1.0,lateral,lateral
3940,17,17,1.0,lateral,cone
3941,26,23,1.1304347826086956,cone,cone
3942,65,36,1.8055555555555556,cone,cone
3943,84,82,1.024390243902439,cone,cone
3944,44,23,1.9130434782608696,cone,cone
3945,12,12,1.0,lateral,lateral
3946,16,15,1.0666666666666667,cone,cone
3947,81,31,2.6129032258064515,cone,cone
3948,25,23,1.0869565217391304,cone,cone
3949,20,32,0.625,jl,cone
3950,42,58,0.7241379310344828,jl,lateral
3951,83,25,3.32,jl,cone
3952,39,34,1.1470588235294117,jl,jl
3953,17,16,1.0625,jl,jl
3954,39,30,1.3,cone,cone
3955,83,73,1.1369863013698631,cone,cone
3956,16,16,1.0,jl,jl
3957,18,16,1.125,cone,cone
3958,18,17,1.0588235294117647,cone,cone
3959,29,30,0.9666666666666667,cone,cone
3960,23,22,1.0454545454545454,cone,cone
3961,100,45,2.2222222222222223,cone,cone
3962,73,61,1.1967213114754098,cone,cone
3963,28,70,0.4,jl,lateral
3964,63,33,1.9090909090909092,cone,cone
3965,28,28,1.0,lateral,lateral
3966,102,53,1.9245283018867925,jl,cone
3967,35,10,3.5,cone,jl
3968,19,18,1.0555555555555556,cone,cone
3969,35,27,1.2962962962962963,cone,cone
3970,26,26,1.0,lateral,lateral
3971,2,37,0.05405405405405406,jl,cone
3972,15,30,0.5,jl,jl
3973,22,22,1.0,cone,cone
3974,25,21,1.1904761904761905,cone,cone
3975,53,48,1.1041666666666667,cone,cone
3976,33,35,0.9428571428571428,jl,cone
3977,65,55,1.1818181818181819,jl,jl
3978,84,75,1.12,cone,cone
3979,39,44,0.8863636363636364,jl,jl
3980,37,29,1.2758620689655173,cone,cone
3981,101,12,8.416666666666666,cone,collision
3982,17,17,1.0,cone,cone
3983,28,25,1.12,cone,cone
3984,32,27,1.1851851851851851,cone,cone
3985,21,20,1.05,cone,jl
3986,38,30,1.2666666666666666,cone,cone
3987,37,37,1.0,lateral,lateral
3988,38,40,0.95,cone,cone
3989,23,19,1.2105263157894737,cone,cone
3990,45,43,1.0465116279069768,jl,cone
3991,29,32,0.90625,cone,cone
3992,21,19,1.105263157894737,cone,cone
3993,18,37,0.4864864864864865,jl,jl
3994,45,50,0.9,jl,jl
3995,45,40,1.125,jl,jl
3996,100,35,2.857142857142857,cone,cone
3997,15,15,1.0,jl,cone
3998,66,66,1.0,lateral,lateral
3999,21,20,1.05,cone,cone
4000,24,24,1.0,jl,lateral
4001,29,25,1.16,cone,cone
4002,86,72,1.1944444444444444,jl,cone
4003,45,40,1.125,cone,cone
4004,63,60,1.05,cone,cone
4005,48,31,1.5483870967741935,cone,cone
4006,83,118,0.7033898305084746,jl,cone
4007,43,36,1.1944444444444444,cone,cone
4008,28,29,0.9655172413793104,cone,cone
4009,24,23,1.0434782608695652,cone,cone
4010,32,24,1.3333333333333333,jl,jl
4011,75,28,2.6785714285714284,jl,cone
4012,19,19,1.0,cone,cone
4013,58,46,1.2608695652173914,jl,cone
4014,14,14,1.0,lateral,lateral
4015,6,18,0.3333333333333333,jl,cone
4016,89,84,1.0595238095238095,cone,cone
4017,65,108,0.6018518518518519,jl,cone
4018,11,11,1.0,cone,cone
4019,61,27,2.259259259259259,cone,cone
4020,58,45,1.288888888888889,cone,cone
4021,8,11,0.7272727272727273,collision,collision
4022,57,36,1.5833333333333333,cone,cone
4023,5,32,0.15625,jl,cone
4024,27,35,0.7714285714285715,jl,jl
4025,45,45,1.0,lateral,lateral
4026,25,22,1.1363636363636365,cone,cone
4027,23,22,1.0454545454545454,cone,cone
4028,18,18,1.0,lateral,lateral
4029,28,25,1.12,cone,cone
4030,48,44,1.0909090909090908,cone,cone
4031,54,39,1.3846153846153846,cone,cone
4032,42,18,2.3333333333333335,cone,cone
4033,39,27,1.4444444444444444,cone,cone
4034,30,38,0.7894736842105263,jl,cone
4035,34,29,1.1724137931034482,cone,cone
4036,13,15,0.8666666666666667,jl,jl
4037,47,42,1.119047619047619,cone,cone
4038,32,26,1.2307692307692308,cone,cone
4039,42,33,1.2727272727272727,cone,cone
4040,39,29,1.3448275862068966,cone,cone
4041,75,39,1.9230769230769231,lateral,cone
4042,25,22,1.1363636363636365,cone,cone
4043,18,18,1.0,lateral,lateral
4044,54,40,1.35,cone,cone
4045,26,25,1.04,cone,cone
4046,12,14,0.8571428571428571,jl,jl
4047,28,27,1.037037037037037,cone,cone
4048,24,21,1.1428571428571428,cone,cone
4049,28,32,0.875,jl,cone
4050,27,26,1.0384615384615385,cone,cone
4051,33,25,1.32,cone,cone
4052,39,35,1.1142857142857143,cone,cone
4053,42,33,1.2727272727272727,jl,cone
4054,24,24,1.0,cone,cone
4055,32,32,1.0,cone,cone
4056,51,42,1.2142857142857142,cone,cone
4057,28,28,1.0,cone,cone
4058,22,18,1.2222222222222223,cone,cone
4059,73,44,1.6590909090909092,lateral,cone
4060,43,33,1.303030303030303,cone,cone
4061,43,32,1.34375,cone,cone
4062,24,24,1.0,jl,cone
4063,95,88,1.0795454545454546,cone,cone
4064,20,17,1.1764705882352942,cone,cone
4065,14,16,0.875,jl,jl
4066,38,25,1.52,cone,cone
4067,20,17,1.1764705882352942,jl,jl
4068,34,33,1.0303030303030303,lateral,cone
4069,28,28,1.0,lateral,lateral
4070,30,23,1.3043478260869565,cone,cone
4071,20,18,1.1111111111111112,jl,jl
4072,20,20,1.0,cone,cone
4073,46,30,1.5333333333333334,cone,cone
4074,45,14,3.2142857142857144,cone,cone
4075,1,36,0.027777777777777776,jl,cone
4076,61,18,3.388888888888889,cone,cone
4077,14,14,1.0,cone,cone
4078,23,11,2.090909090909091,jl,jl
4079,32,22,1.4545454545454546,cone,cone
4080,22,21,1.0476190476190477,cone,cone
4081,10,16,0.625,collision,collision
4082,20,19,1.0526315789473684,cone,cone
4083,17,16,1.0625,cone,cone
4084,14,25,0.56,collision,cone
4085,40,37,1.0810810810810811,cone,cone
4086,28,28,1.0,lateral,lateral
4087,44,41,1.0731707317073171,lateral,cone
4088,16,16,1.0,lateral,lateral
4089,20,21,0.9523809523809523,jl,cone
4090,32,33,0.9696969696969697,jl,cone
4091,15,15,1.0,cone,cone
4092,59,54,1.0925925925925926,cone,cone
4093,25,20,1.25,cone,cone
4094,29,23,1.2608695652173914,cone,cone
4095,40,26,1.5384615384615385,cone,cone
4096,78,68,1.1470588235294117,cone,cone
4097,31,30,1.0333333333333334,jl,jl
4098,45,38,1.1842105263157894,cone,cone
4099,44,44,1.0,cone,cone
4100,28,28,1.0,lateral,lateral
4101,45,37,1.2162162162162162,cone,jl
4102,102,23,4.434782608695652,jl,cone
4103,32,31,1.032258064516129,lateral,cone
4104,79,79,1.0,cone,cone
4105,66,50,1.32,cone,cone
4106,37,37,1.0,cone,cone
4107,31,31,1.0,lateral,lateral
4108,59,41,1.4390243902439024,cone,cone
4109,17,17,1.0,cone,cone
4110,25,22,1.1363636363636365,cone,cone
4111,43,43,1.0,cone,cone
4112,25,20,1.25,cone,cone
4113,27,26,1.0384615384615385,lateral,lateral
4114,38,28,1.3571428571428572,cone,cone
4115,70,39,1.794871794871795,cone,cone
4116,28,26,1.0769230769230769,cone,cone
4117,63,39,1.6153846153846154,cone,cone
4118,20,19,1.0526315789473684,cone,cone
4119,37,36,1.0277777777777777,cone,cone
4120,44,32,1.375,cone,cone
4121,57,48,1.1875,jl,jl
4122,45,40,1.125,jl,cone
4123,55,64,0.859375,cone,cone
4124,29,20,1.45,cone,cone
4125,21,19,1.105263157894737,jl,jl
4126,9,19,0.47368421052631576,jl,cone
4127,31,27,1.1481481481481481,cone,cone
4128,39,23,1.6956521739130435,cone,cone
4129,41,36,1.1388888888888888,cone,cone
4130,51,42,1.2142857142857142,cone,cone
4131,59,37,1.5945945945945945,cone,cone
4132,23,21,1.0952380952380953,jl,jl
4133,107,44,2.4318181818181817,cone,cone
4134,5,44,0.11363636363636363,jl,cone
4135,7,13,0.5384615384615384,jl,jl
4136,16,16,1.0,cone,cone
4137,62,34,1.8235294117647058,jl,cone
4138,33,28,1.1785714285714286,cone,cone
4139,13,36,0.3611111111111111,jl,cone
4140,14,14,1.0,lateral,lateral
4141,25,25,1.0,lateral,lateral
4142,42,38,1.105263157894737,cone,cone
4143,39,32,1.21875,cone,cone
4144,35,26,1.3461538461538463,cone,cone
4145,31,29,1.0689655172413792,cone,cone
4146,19,19,1.0,cone,cone
4147,27,26,1.0384615384615385,cone,cone
4148,12,18,0.6666666666666666,jl,jl
4149,15,14,1.0714285714285714,cone,cone
4150,3,41,0.07317073170731707,jl,jl
4151,12,12,1.0,lateral,lateral
4152,29,26,1.1153846153846154,cone,cone
4153,86,63,1.3650793650793651,cone,cone
4154,26,26,1.0,cone,cone
4155,12,13,0.9230769230769231,jl,jl
4156,19,37,0.5135135135135135,jl,cone
4157,64,36,1.7777777777777777,jl,cone
4158,95,100,0.95,cone,cone
4159,5,12,0.4166666666666667,jl,lateral
4160,59,34,1.7352941176470589,jl,jl
4161,16,16,1.0,cone,cone
4162,25,23,1.0869565217391304,cone,cone
4163,54,37,1.4594594594594594,cone,cone
4164,44,42,1.0476190476190477,cone,cone
4165,61,47,1.297872340425532,cone,cone
4166,13,18,0.7222222222222222,jl,jl
4167,27,19,1.4210526315789473,cone,cone
4168,15,14,1.0714285714285714,cone,cone
4169,103,33,3.121212121212121,jl,cone
4170,30,29,1.0344827586206897,cone,cone
4171,37,37,1.0,lateral,lateral
4172,18,17,1.0588235294117647,cone,cone
4173,25,23,1.0869565217391304,cone,cone
4174,24,23,1.0434782608695652,lateral,lateral
4175,21,18,1.1666666666666667,cone,cone
4176,42,24,1.75,cone,cone
4177,25,25,1.0,cone,cone
4178,49,36,1.3611111111111112,cone,cone
4179,52,25,2.08,cone,cone
4180,47,26,1.8076923076923077,cone,cone
4181,60,32,1.875,lateral,cone
4182,107,106,1.009433962264151,cone,cone
4183,31,32,0.96875,jl,jl
4184,40,25,1.6,jl,cone
4185,4,28,0.14285714285714285,jl,cone
4186,33,40,0.825,jl,cone
4187,60,45,1.3333333333333333,cone,cone
4188,94,29,3.2413793103448274,cone,cone
4189,50,46,1.0869565217391304,cone,cone
4190,9,35,0.2571428571428571,jl,cone
4191,32,31,1.032258064516129,cone,cone
4192,48,37,1.2972972972972974,cone,cone
4193,17,17,1.0,cone,cone
4194,39,38,1.0263157894736843,cone,cone
4195,8,19,0.42105263157894735,jl,jl
4196,17,30,0.5666666666666667,collision,cone
4197,75,68,1.1029411764705883,cone,cone
4198,41,41,1.0,lateral,lateral
4199,35,34,1.0294117647058822,lateral,lateral
4200,18,16,1.125,cone,cone
4201,44,40,1.1,cone,cone
4202,16,15,1.0666666666666667,cone,cone
4203,35,39,0.8974358974358975,cone,cone
4204,17,16,1.0625,cone,cone
4205,67,53,1.2641509433962264,cone,cone
4206,21,20,1.05,cone,cone
4207,31,29,1.0689655172413792,cone,cone
4208,112,90,1.2444444444444445,cone,cone
4209,1,17,0.058823529411764705,jl,cone
4210,1,74,0.013513513513513514,jl,cone
4211,26,24,1.0833333333333333,cone,cone
4212,46,41,1.1219512195121952,cone,cone
4213,22,20,1.1,cone,cone
4214,23,21,1.0952380952380953,cone,cone
4215,29,24,1.2083333333333333,cone,cone
4216,11,15,0.7333333333333333,collision,jl
4217,72,46,1.565217391304348,jl,cone
4218,36,21,1.7142857142857142,cone,cone
4219,37,27,1.3703703703703705,cone,cone
4220,40,27,1.4814814814814814,cone,cone
4221,21,22,0.9545454545454546,lateral,lateral
4222,18,18,1.0,lateral,lateral
4223,39,34,1.1470588235294117,cone,cone
4224,21,15,1.4,cone,cone
4225,65,56,1.1607142857142858,cone,cone
4226,71,43,1.6511627906976745,cone,cone
4227,47,40,1.175,cone,cone
4228,25,22,1.1363636363636365,jl,cone
4229,41,29,1.4137931034482758,cone,cone
4230,13,14,0.9285714285714286,collision,collision
4231,21,21,1.0,cone,cone
4232,33,20,1.65,jl,cone
4233,36,35,1.0285714285714285,lateral,cone
4234,44,30,1.4666666666666666,cone,cone
4235,69,55,1.2545454545454546,cone,cone
4236,58,37,1.5675675675675675,cone,cone
4237,13,16,0.8125,jl,cone
4238,72,70,1.0285714285714285,cone,cone
4239,57,53,1.0754716981132075,cone,cone
4240,45,39,1.1538461538461537,cone,cone
4241,8,19,0.42105263157894735,jl,jl
4242,61,56,1.0892857142857142,cone,cone
4243,30,26,1.1538461538461537,cone,cone
4244,15,15,1.0,cone,cone
4245,46,28,1.6428571428571428,cone,cone
4246,105,28,3.75,cone,jl
4247,31,39,0.7948717948717948,jl,jl
4248,33,33,1.0,lateral,lateral
4249,27,23,1.173913043478261,cone,cone
4250,19,18,1.0555555555555556,lateral,lateral
4251,98,26,3.769230769230769,cone,cone
4252,44,31,1.4193548387096775,cone,cone
4253,99,64,1.546875,cone,cone
4254,47,31,1.5161290322580645,cone,cone
4255,70,59,1.1864406779661016,cone,cone
4256,66,46,1.434782608695652,cone,cone
4257,39,28,1.3928571428571428,cone,cone
4258,21,21,1.0,cone,cone
4259,17,31,0.5483870967741935,collision,cone
4260,26,26,1.0,lateral,lateral
4261,125,28,4.464285714285714,cone,cone
4262,26,25,1.04,cone,cone
4263,10,10,1.0,lateral,lateral
4264,118,32,3.6875,cone,cone
4265,25,23,1.0869565217391304,cone,jl
4266,30,30,1.0,cone,cone
4267,34,30,1.1333333333333333,jl,cone
4268,72,32,2.25,cone,cone
4269,60,46,1.3043478260869565,cone,cone
4270,42,32,1.3125,cone,cone
4271,72,39,1.8461538461538463,cone,cone
4272,19,18,1.0555555555555556,cone,cone
4273,53,50,1.06,cone,cone
4274,69,42,1.6428571428571428,cone,cone
4275,24,24,1.0,cone,cone
4276,21,19,1.105263157894737,cone,cone
4277,12,18,0.6666666666666666,jl,jl
4278,105,50,2.1,cone,cone
4279,46,44,1.0454545454545454,cone,cone
4280,59,42,1.4047619047619047,cone,cone
4281,67,41,1.6341463414634145,cone,cone
4282,35,32,1.09375,cone,cone
4283,16,51,0.3137254901960784,jl,cone
4284,20,28,0.7142857142857143,jl,jl
4285,58,17,3.411764705882353,cone,jl
4286,50,31,1.6129032258064515,cone,cone
4287,19,29,0.6551724137931034,jl,cone
4288,52,34,1.5294117647058822,cone,cone
4289,21,34,0.6176470588235294,collision,cone
4290,9,10,0.9,jl,lateral
4291,59,51,1.1568627450980393,cone,cone
4292,60,37,1.6216216216216217,cone,cone
4293,27,26,1.0384615384615385,lateral,jl
4294,70,56,1.25,cone,cone
4295,26,21,1.2380952380952381,cone,cone
4296,17,17,1.0,cone,cone
4297,11,11,1.0,lateral,lateral
4298,55,33,1.6666666666666667,cone,cone
4299,51,51,1.0,lateral,lateral
4300,37,37,1.0,lateral,lateral
4301,10,14,0.7142857142857143,jl,jl
4302,19,17,1.1176470588235294,cone,cone
4303,24,27,0.8888888888888888,cone,cone
4304,17,17,1.0,cone,cone
4305,65,43,1.5116279069767442,jl,cone
4306,15,15,1.0,cone,cone
4307,31,28,1.1071428571428572,lateral,cone
4308,20,24,0.8333333333333334,jl,jl
4309,19,19,1.0,lateral,lateral
4310,36,37,0.972972972972973,jl,cone
4311,36,29,1.2413793103448276,cone,cone
4312,94,51,1.8431372549019607,cone,cone
4313,37,32,1.15625,cone,cone
4314,102,19,5.368421052631579,cone,cone
4315,48,30,1.6,jl,cone
4316,29,25,1.16,cone,cone
4317,50,35,1.4285714285714286,jl,cone
4318,30,84,0.35714285714285715,collision,cone
4319,25,14,1.7857142857142858,jl,jl
4320,14,14,1.0,cone,cone
4321,30,20,1.5,cone,cone
4322,32,30,1.0666666666666667,cone,cone
4323,15,15,1.0,cone,cone
4324,6,12,0.5,jl,jl
4325,56,57,0.9824561403508771,cone,cone
4326,25,24,1.0416666666666667,cone,cone
4327,48,36,1.3333333333333333,cone,cone
4328,10,19,0.5263157894736842,jl,jl
4329,19,30,0.6333333333333333,jl,cone
4330,30,28,1.0714285714285714,cone,cone
4331,40,31,1.2903225806451613,cone,cone
4332,55,30,1.8333333333333333,jl,cone
4333,52,40,1.3,cone,cone
4334,22,18,1.2222222222222223,cone,cone
4335,39,35,1.1142857142857143,cone,cone
4336,36,33,1.0909090909090908,cone,cone
4337,25,28,0.8928571428571429,jl,cone
4338,16,24,0.6666666666666666,jl,jl
4339,28,34,0.8235294117647058,jl,jl
4340,82,30,2.7333333333333334,cone,cone
4341,62,56,1.1071428571428572,jl,cone
4342,19,14,1.3571428571428572,jl,jl
4343,90,40,2.25,cone,cone
4344,32,32,1.0,lateral,lateral
4345,8,11,0.7272727272727273,jl,jl
4346,29,35,0.8285714285714286,jl,cone
4347,38,31,1.2258064516129032,jl,cone
4348,96,41,2.341463414634146,cone,cone
4349,36,34,1.0588235294117647,cone,cone
4350,14,20,0.7,jl,jl
4351,44,41,1.0731707317073171,jl,cone
4352,36,32,1.125,jl,jl
4353,68,68,1.0,lateral,lateral
4354,23,12,1.9166666666666667,jl,jl
4355,13,36,0.3611111111111111,collision,cone
4356,17,39,0.4358974358974359,jl,cone
4357,94,38,2.473684210526316,cone,cone
4358,15,15,1.0,cone,cone
4359,77,32,2.40625,cone,cone
4360,38,24,1.5833333333333333,jl,cone
4361,18,24,0.75,jl,cone
4362,27,27,1.0,lateral,lateral
4363,42,32,1.3125,cone,cone
4364,57,43,1.3255813953488371,cone,cone
4365,19,20,0.95,cone,cone
4366,68,50,1.36,cone,cone
4367,20,19,1.0526315789473684,cone,cone
4368,15,20,0.75,jl,jl
4369,79,57,1.3859649122807018,cone,cone
4370,51,48,1.0625,lateral,cone
4371,16,31,0.5161290322580645,jl,cone
4372,72,42,1.7142857142857142,cone,cone
4373,43,41,1.048780487804878,cone,cone
4374,35,33,1.0606060606060606,cone,cone
4375,87,77,1.12987012987013,cone,cone
4376,73,58,1.2586206896551724,cone,cone
4377,77,83,0.927710843373494,cone,cone
4378,129,39,3.3076923076923075,cone,cone
4379,38,38,1.0,lateral,lateral
4380,37,36,1.0277777777777777,cone,cone
4381,24,23,1.0434782608695652,cone,cone
4382,10,29,0.3448275862068966,jl,cone
4383,28,26,1.0769230769230769,cone,cone
4384,33,34,0.9705882352941176,lateral,lateral
4385,19,27,0.7037037037037037,jl,jl
4386,83,72,1.1527777777777777,cone,cone
4387,30,29,1.0344827586206897,cone,cone
4388,79,51,1.5490196078431373,cone,cone
4389,30,26,1.1538461538461537,jl,jl
4390,22,20,1.1,cone,cone
4391,7,17,0.4117647058823529,jl,jl
4392,14,14,1.0,lateral,lateral
4393,51,33,1.5454545454545454,cone,cone
4394,16,20,0.8,cone,cone
4395,38,33,1.1515151515151516,cone,cone
4396,75,29,2.586206896551724,cone,cone
4397,65,43,1.5116279069767442,cone,cone
4398,22,22,1.0,cone,cone
4399,56,53,1.0566037735849056,cone,cone
4400,20,19,1.0526315789473684,cone,cone
4401,10,21,0.47619047619047616,jl,jl
4402,35,36,0.9722222222222222,cone,cone
4403,57,33,1.7272727272727273,cone,cone
4404,48,31,1.5483870967741935,jl,cone
4405,18,18,1.0,cone,cone
4406,7,12,0.5833333333333334,jl,jl
4407,43,36,1.1944444444444444,cone,cone
4408,55,45,1.2222222222222223,cone,cone
4409,54,46,1.173913043478261,cone,cone
4410,19,17,1.1176470588235294,jl,jl
4411,14,47,0.2978723404255319,jl,cone
4412,45,21,2.142857142857143,collision,cone
4413,23,23,1.0,cone,cone
4414,60,20,3.0,cone,cone
4415,14,14,1.0,cone,cone
4416,53,53,1.0,lateral,lateral
4417,42,39,1.0769230769230769,lateral,cone
4418,71,27,2.6296296296296298,cone,cone
4419,24,24,1.0,cone,cone
4420,67,56,1.1964285714285714,cone,cone
4421,38,34,1.1176470588235294,cone,cone
4422,22,22,1.0,cone,cone
4423,100,47,2.127659574468085,cone,cone
4424,22,21,1.0476190476190477,cone,cone
4425,42,40,1.05,lateral,cone
4426,10,24,0.4166666666666667,jl,jl
4427,55,38,1.4473684210526316,cone,cone
4428,59,34,1.7352941176470589,cone,cone
4429,47,51,0.9215686274509803,jl,jl
4430,49,45,1.0888888888888888,cone,cone
4431,58,55,1.0545454545454545,cone,cone
4432,26,20,1.3,cone,cone
4433,45,43,1.0465116279069768,cone,cone
4434,23,22,1.0454545454545454,cone,cone
4435,5,20,0.25,jl,cone
4436,97,31,3.129032258064516,cone,cone
4437,75,46,1.6304347826086956,cone,cone
4438,33,48,0.6875,jl,cone
4439,25,29,0.8620689655172413,cone,cone
4440,44,41,1.0731707317073171,cone,cone
4441,115,26,4.423076923076923,jl,cone
4442,41,43,0.9534883720930233,jl,jl
4443,64,30,2.1333333333333333,cone,cone
4444,56,46,1.2173913043478262,cone,cone
4445,29,26,1.1153846153846154,cone,cone
4446,16,16,1.0,lateral,lateral
4447,64,43,1.4883720930232558,cone,cone
4448,38,38,1.0,lateral,lateral
4449,48,40,1.2,cone,cone
4450,21,15,1.4,jl,jl
4451,39,32,1.21875,cone,cone
4452,41,33,1.2424242424242424,cone,cone
4453,25,18,1.3888888888888888,cone,cone
4454,7,12,0.5833333333333334,jl,lateral
4455,35,34,1.0294117647058822,cone,cone
4456,54,37,1.4594594594594594,cone,cone
4457,22,21,1.0476190476190477,cone,jl
4458,55,36,1.5277777777777777,lateral,cone
4459,40,25,1.6,cone,cone
4460,58,31,1.8709677419354838,cone,cone
4461,61,23,2.652173913043478,jl,cone
4462,63,46,1.3695652173913044,cone,cone
4463,65,30,2.1666666666666665,cone,cone
4464,37,37,1.0,cone,cone
4465,12,29,0.41379310344827586,jl,cone
4466,36,65,0.5538461538461539,jl,cone
4467,39,26,1.5,jl,cone
4468,107,58,1.8448275862068966,cone,cone
4469,18,20,0.9,collision,collision
4470,34,30,1.1333333333333333,cone,cone
4471,23,23,1.0,jl,jl
4472,57,44,1.2954545454545454,cone,cone
4473,16,13,1.2307692307692308,cone,jl
4474,39,41,0.9512195121951219,cone,cone
4475,32,36,0.8888888888888888,jl,jl
4476,38,29,1.3103448275862069,cone,cone
4477,39,35,1.1142857142857143,cone,cone
4478,84,75,1.12,cone,cone
4479,32,27,1.1851851851851851,jl,cone
4480,46,23,2.0,cone,cone
4481,28,26,1.0769230769230769,jl,cone
4482,31,37,0.8378378378378378,jl,jl
4483,106,21,5.0476190476190474,jl,cone
4484,49,33,1.4848484848484849,cone,cone
4485,33,32,1.03125,cone,cone
4486,81,60,1.35,cone,cone
4487,101,94,1.074468085106383,cone,cone
4488,44,36,1.2222222222222223,cone,cone
4489,87,26,3.3461538461538463,jl,cone
4490,12,12,1.0,cone,cone
4491,18,17,1.0588235294117647,cone,cone
4492,13,15,0.8666666666666667,jl,cone
4493,30,28,1.0714285714285714,cone,cone
4494,37,35,1.0571428571428572,cone,cone
4495,37,31,1.1935483870967742,cone,cone
4496,37,24,1.5416666666666667,cone,cone
4497,42,42,1.0,lateral,lateral
4498,21,18,1.1666666666666667,cone,cone
4499,37,37,1.0,cone,cone
4500,21,33,0.6363636363636364,jl,cone
4501,11,15,0.7333333333333333,jl,jl
4502,32,25,1.28,cone,cone
4503,44,35,1.2571428571428571,cone,cone
4504,7,20,0.35,jl,cone
4505,19,19,1.0,cone,cone
4506,35,32,1.09375,cone,cone
4507,22,42,0.5238095238095238,jl,cone
4508,19,24,0.7916666666666666,jl,cone
4509,93,34,2.735294117647059,jl,cone
4510,38,24,1.5833333333333333,cone,cone
4511,94,89,1.0561797752808988,cone,cone
4512,14,24,0.5833333333333334,jl,cone
4513,5,29,0.1724137931034483,jl,cone
4514,1,19,0.05263157894736842,jl,cone
4515,58,43,1.3488372093023255,cone,cone
4516,62,37,1.6756756756756757,lateral,cone
4517,61,35,1.7428571428571429,cone,cone
4518,20,20,1.0,cone,cone
4519,18,18,1.0,cone,cone
4520,31,25,1.24,cone,cone
4521,34,34,1.0,collision,cone
4522,61,32,1.90625,cone,cone
4523,22,20,1.1,cone,cone
4524,48,42,1.1428571428571428,cone,cone
4525,16,20,0.8,cone,cone
4526,7,11,0.6363636363636364,jl,jl
4527,21,21,1.0,cone,cone
4528,27,26,1.0384615384615385,jl,cone
4529,79,28,2.8214285714285716,jl,cone
4530,103,27,3.814814814814815,lateral,cone
4531,29,40,0.725,jl,jl
4532,80,26,3.076923076923077,jl,cone
4533,95,77,1.2337662337662338,cone,cone
4534,1,53,0.018867924528301886,jl,cone
4535,25,24,1.0416666666666667,cone,cone
4536,91,84,1.0833333333333333,cone,cone
4537,14,27,0.5185185185185185,jl,jl
4538,28,28,1.0,cone,cone
4539,28,27,1.037037037037037,cone,cone
4540,27,24,1.125,cone,cone
4541,55,42,1.3095238095238095,cone,cone
4542,57,49,1.163265306122449,cone,cone
4543,31,23,1.3478260869565217,jl,cone
4544,25,19,1.3157894736842106,cone,cone
4545,27,24,1.125,cone,cone
4546,44,42,1.0476190476190477,cone,cone
4547,20,32,0.625,jl,cone
4548,47,37,1.2702702702702702,cone,cone
4549,56,26,2.1538461538461537,cone,cone
4550,56,48,1.1666666666666667,cone,cone
4551,25,34,0.7352941176470589,jl,cone
4552,43,31,1.3870967741935485,cone,cone
4553,41,41,1.0,lateral,lateral
4554,60,31,1.935483870967742,cone,cone
4555,57,29,1.9655172413793103,lateral,cone
4556,28,29,0.9655172413793104,jl,cone
4557,32,26,1.2307692307692308,cone,cone
4558,25,29,0.8620689655172413,jl,jl
4559,26,24,1.0833333333333333,cone,cone
4560,21,20,1.05,cone,cone
4561,22,17,1.2941176470588236,cone,cone
4562,21,77,0.2727272727272727,jl,cone
4563,15,14,1.0714285714285714,jl,jl
4564,23,21,1.0952380952380953,cone,cone
4565,19,18,1.0555555555555556,cone,cone
4566,69,65,1.0615384615384615,cone,cone
4567,26,23,1.1304347826086956,cone,cone
4568,42,39,1.0769230769230769,lateral,cone
4569,63,52,1.2115384615384615,cone,cone
4570,24,18,1.3333333333333333,cone,cone
4571,40,29,1.3793103448275863,cone,cone
4572,16,15,1.0666666666666667,cone,cone
4573,84,74,1.135135135135135,cone,cone
4574,36,24,1.5,jl,cone
4575,37,29,1.2758620689655173,cone,cone
4576,8,10,0.8,jl,jl
4577,36,28,1.2857142857142858,cone,cone
4578,46,35,1.3142857142857143,cone,cone
4579,13,11,1.1818181818181819,jl,jl
4580,10,10,1.0,lateral,lateral
4581,18,17,1.0588235294117647,jl,jl
4582,77,62,1.2419354838709677,cone,cone
4583,39,31,1.2580645161290323,cone,cone
4584,22,23,0.9565217391304348,jl,jl
4585,65,62,1.0483870967741935,cone,cone
4586,88,25,3.52,cone,cone
4587,41,34,1.2058823529411764,cone,cone
4588,36,30,1.2,cone,cone
4589,112,96,1.1666666666666667,cone,cone
4590,53,52,1.0192307692307692,lateral,cone
4591,16,17,0.9411764705882353,cone,cone
4592,70,26,2.6923076923076925,jl,cone
4593,16,15,1.0666666666666667,cone,cone
4594,15,30,0.5,collision,cone
4595,12,23,0.5217391304347826,jl,cone
4596,39,35,1.1142857142857143,cone,cone
4597,73,46,1.5869565217391304,cone,cone
4598,39,23,1.6956521739130435,cone,cone
4599,31,24,1.2916666666666667,cone,cone
4600,25,23,1.0869565217391304,cone,cone
4601,33,24,1.375,cone,cone
4602,45,49,0.9183673469387755,cone,cone
4603,19,18,1.0555555555555556,cone,cone
4604,30,24,1.25,cone,cone
4605,44,26,1.6923076923076923,cone,cone
4606,32,31,1.032258064516129,cone,cone
4607,45,41,1.0975609756097562,cone,cone
4608,3,32,0.09375,jl,cone
4609,32,29,1.103448275862069,cone,cone
4610,14,14,1.0,lateral,lateral
4611,65,53,1.2264150943396226,cone,cone
4612,57,41,1.3902439024390243,cone,cone
4613,85,73,1.1643835616438356,cone,cone
4614,19,19,1.0,cone,cone
4615,29,21,1.380952380952381,cone,cone
4616,21,19,1.105263157894737,cone,cone
4617,17,19,0.8947368421052632,cone,cone
4618,14,29,0.4827586206896552,jl,cone
4619,66,55,1.2,lateral,cone
4620,25,20,1.25,cone,cone
4621,39,31,1.2580645161290323,cone,cone
4622,24,24,1.0,cone,cone
4623,26,37,0.7027027027027027,jl,jl
4624,17,16,1.0625,cone,cone
4625,39,44,0.8863636363636364,jl,cone
4626,51,26,1.9615384615384615,jl,cone
4627,25,23,1.0869565217391304,cone,cone
4628,16,16,1.0,lateral,lateral
4629,22,25,0.88,cone,cone
4630,36,24,1.5,cone,cone
4631,66,64,1.03125,cone,cone
4632,35,28,1.25,cone,cone
4633,27,28,0.9642857142857143,jl,cone
4634,21,21,1.0,cone,cone
4635,59,42,1.4047619047619047,cone,cone
4636,44,37,1.1891891891891893,cone,cone
4637,9,14,0.6428571428571429,jl,jl
4638,38,38,1.0,cone,cone
4639,17,24,0.7083333333333334,jl,cone
4640,58,45,1.288888888888889,cone,cone
4641,34,45,0.7555555555555555,jl,cone
4642,102,105,0.9714285714285714,cone,cone
4643,54,54,1.0,lateral,lateral
4644,45,46,0.9782608695652174,jl,jl
4645,34,31,1.096774193548387,cone,cone
4646,31,31,1.0,lateral,lateral
4647,12,40,0.3,jl,cone
4648,63,49,1.2857142857142858,cone,cone
4649,42,37,1.135135135135135,cone,cone
4650,39,38,1.0263157894736843,jl,cone
4651,73,42,1.7380952380952381,cone,cone
4652,72,25,2.88,cone,cone
4653,59,56,1.0535714285714286,cone,cone
4654,24,23,1.0434782608695652,cone,cone
4655,9,15,0.6,jl,jl
4656,73,73,1.0,lateral,lateral
4657,18,18,1.0,lateral,lateral
4658,13,15,0.8666666666666667,jl,jl
4659,26,24,1.0833333333333333,cone,cone
4660,24,24,1.0,cone,cone
4661,76,42,1.8095238095238095,cone,cone
4662,34,36,0.9444444444444444,jl,jl
4663,55,50,1.1,cone,cone
4664,19,17,1.1176470588235294,cone,cone
4665,21,21,1.0,cone,cone
4666,22,20,1.1,cone,cone
4667,41,41,1.0,lateral,lateral
4668,22,22,1.0,cone,cone
4669,12,12,1.0,lateral,lateral
4670,44,112,0.39285714285714285,cone,cone
4671,56,47,1.1914893617021276,cone,cone
4672,31,29,1.0689655172413792,cone,cone
4673,29,21,1.380952380952381,cone,cone
4674,27,23,1.173913043478261,cone,cone
4675,54,50,1.08,lateral,cone
4676,74,57,1.2982456140350878,cone,cone
4677,34,31,1.096774193548387,jl,cone
4678,57,36,1.5833333333333333,cone,cone
4679,17,18,0.9444444444444444,cone,cone
4680,84,20,4.2,cone,cone
4681,20,46,0.43478260869565216,jl,cone
4682,35,24,1.4583333333333333,cone,cone
4683,61,43,1.4186046511627908,cone,cone
4684,37,32,1.15625,cone,cone
4685,30,30,1.0,cone,cone
4686,91,82,1.1097560975609757,cone,cone
4687,66,20,3.3,cone,jl
4688,20,20,1.0,lateral,lateral
4689,35,30,1.1666666666666667,jl,cone
4690,38,39,0.9743589743589743,cone,cone
4691,20,35,0.5714285714285714,collision,collision
4692,21,18,1.1666666666666667,cone,cone
4693,23,21,1.0952380952380953,cone,cone
4694,5,26,0.19230769230769232,jl,cone
4695,51,30,1.7,cone,cone
4696,27,45,0.6,jl,cone
4697,42,39,1.0769230769230769,cone,cone
4698,52,49,1.0612244897959184,cone,cone
4699,83,32,2.59375,cone,cone
4700,53,55,0.9636363636363636,cone,cone
4701,26,26,1.0,lateral,lateral
4702,72,58,1.2413793103448276,cone,cone
4703,46,41,1.1219512195121952,cone,cone
4704,47,41,1.146341463414634,cone,cone
4705,6,37,0.16216216216216217,jl,lateral
4706,47,44,1.0681818181818181,cone,cone
4707,51,51,1.0,lateral,lateral
4708,11,26,0.4230769230769231,jl,cone
4709,33,32,1.03125,cone,cone
4710,20,21,0.9523809523809523,jl,jl
4711,30,27,1.1111111111111112,cone,cone
4712,23,24,0.9583333333333334,jl,jl
4713,54,43,1.255813953488372,cone,cone
4714,52,51,1.0196078431372548,cone,cone
4715,24,26,0.9230769230769231,cone,cone
4716,43,30,1.4333333333333333,cone,cone
4717,18,17,1.0588235294117647,cone,cone
4718,53,48,1.1041666666666667,cone,cone
4719,25,25,1.0,cone,cone
4720,42,45,0.9333333333333333,jl,jl
4721,45,29,1.5517241379310345,cone,cone
4722,16,17,0.9411764705882353,collision,cone
4723,36,33,1.0909090909090908,cone,cone
4724,42,40,1.05,lateral,cone
4725,83,74,1.1216216216216217,cone,cone
4726,32,30,1.0666666666666667,cone,cone
4727,60,60,1.0,lateral,lateral
4728,15,13,1.1538461538461537,cone,jl
4729,29,21,1.380952380952381,cone,cone
4730,23,24,0.9583333333333334,lateral,lateral
4731,31,22,1.4090909090909092,cone,cone
4732,21,21,1.0,cone,cone
4733,32,31,1.032258064516129,cone,cone
4734,35,20,1.75,cone,cone
4735,85,69,1.2318840579710144,cone,cone
4736,15,26,0.5769230769230769,jl,jl
4737,61,61,1.0,lateral,lateral
4738,42,42,1.0,lateral,lateral
4739,25,22,1.1363636363636365,lateral,cone
4740,34,26,1.3076923076923077,jl,cone
4741,27,26,1.0384615384615385,cone,cone
4742,78,56,1.3928571428571428,cone,cone
4743,67,42,1.5952380952380953,cone,cone
4744,69,41,1.6829268292682926,cone,cone
4745,21,21,1.0,lateral,lateral
4746,37,31,1.1935483870967742,jl,cone
4747,59,54,1.0925925925925926,cone,cone
4748,76,27,2.814814814814815,jl,cone
4749,27,26,1.0384615384615385,jl,jl
4750,82,40,2.05,cone,cone
4751,19,17,1.1176470588235294,cone,cone
4752,37,37,1.0,cone,cone
4753,57,41,1.3902439024390243,cone,cone
4754,54,40,1.35,cone,cone
4755,18,18,1.0,cone,cone
4756,9,19,0.47368421052631576,jl,jl
4757,78,40,1.95,jl,cone
4758,65,31,2.096774193548387,cone,cone
4759,44,44,1.0,lateral,lateral
4760,19,24,0.7916666666666666,jl,jl
4761,27,27,1.0,lateral,lateral
4762,22,22,1.0,cone,cone
4763,13,22,0.5909090909090909,jl,cone
4764,23,23,1.0,cone,cone
4765,27,31,0.8709677419354839,cone,cone
4766,49,37,1.3243243243243243,cone,cone
4767,51,44,1.1590909090909092,jl,cone
4768,40,40,1.0,jl,cone
4769,26,23,1.1304347826086956,cone,cone
4770,42,30,1.4,cone,cone
4771,24,22,1.0909090909090908,cone,cone
4772,79,74,1.0675675675675675,cone,cone
4773,19,21,0.9047619047619048,cone,cone
4774,14,11,1.2727272727272727,cone,jl
4775,42,59,0.711864406779661,jl,jl
4776,6,17,0.35294117647058826,jl,lateral
4777,52,52,1.0,lateral,lateral
4778,38,34,1.1176470588235294,cone,cone
4779,44,29,1.5172413793103448,cone,cone
4780,29,21,1.380952380952381,cone,cone
4781,76,41,1.853658536585366,cone,cone
4782,53,41,1.2926829268292683,lateral,cone
4783,44,41,1.0731707317073171,cone,cone
4784,68,39,1.7435897435897436,cone,cone
4785,27,43,0.627906976744186,jl,cone
4786,21,33,0.6363636363636364,jl,cone
4787,63,30,2.1,cone,cone
4788,29,28,1.0357142857142858,cone,cone
4789,26,25,1.04,cone,cone
4790,65,40,1.625,cone,cone
4791,19,19,1.0,lateral,lateral
4792,25,21,1.1904761904761905,cone,cone
4793,48,28,1.7142857142857142,cone,cone
4794,36,31,1.1612903225806452,jl,cone
4795,32,36,0.8888888888888888,cone,cone
4796,58,50,1.16,cone,cone
4797,59,47,1.2553191489361701,cone,cone
4798,53,52,1.0192307692307692,cone,cone
4799,49,40,1.225,cone,cone
4800,51,42,1.2142857142857142,jl,cone
4801,13,12,1.0833333333333333,jl,jl
4802,20,20,1.0,cone,cone
4803,17,21,0.8095238095238095,jl,cone
4804,23,26,0.8846153846153846,jl,cone
4805,82,39,2.1025641025641026,cone,cone
4806,34,49,0.6938775510204082,jl,jl
4807,32,38,0.8421052631578947,cone,cone
4808,37,26,1.4230769230769231,cone,cone
4809,32,25,1.28,cone,cone
4810,40,34,1.1764705882352942,cone,cone
4811,44,23,1.9130434782608696,cone,cone
4812,25,23,1.0869565217391304,cone,cone
4813,18,18,1.0,cone,cone
4814,57,52,1.0961538461538463,cone,cone
4815,107,37,2.891891891891892,cone,cone
4816,10,10,1.0,jl,jl
4817,21,19,1.105263157894737,cone,cone
4818,29,27,1.0740740740740742,cone,cone
4819,27,27,1.0,lateral,lateral
4820,42,31,1.3548387096774193,cone,cone
4821,37,34,1.088235294117647,cone,cone
4822,32,25,1.28,cone,cone
4823,27,22,1.2272727272727273,cone,cone
4824,52,55,0.9454545454545454,jl,jl
4825,33,25,1.32,cone,cone
4826,63,44,1.4318181818181819,cone,cone
4827,24,18,1.3333333333333333,jl,jl
4828,88,43,2.046511627906977,cone,cone
4829,52,43,1.2093023255813953,cone,cone
4830,11,10,1.1,jl,jl
4831,20,36,0.5555555555555556,jl,cone
4832,21,20,1.05,cone,cone
4833,79,45,1.7555555555555555,cone,cone
4834,35,26,1.3461538461538463,jl,jl
4835,14,14,1.0,cone,cone
4836,30,22,1.3636363636363635,cone,cone
4837,50,28,1.7857142857142858,cone,cone
4838,22,24,0.9166666666666666,cone,cone
4839,22,25,0.88,cone,cone
4840,43,33,1.303030303030303,cone,cone
4841,45,38,1.1842105263157894,cone,cone
4842,47,38,1.236842105263158,cone,cone
4843,11,17,0.6470588235294118,jl,jl
4844,22,21,1.0476190476190477,cone,cone
4845,36,37,0.972972972972973,cone,cone
4846,47,32,1.46875,jl,jl
4847,82,57,1.4385964912280702,cone,cone
4848,64,53,1.2075471698113207,cone,cone
4849,16,20,0.8,jl,jl
4850,48,38,1.263157894736842,cone,cone
4851,26,26,1.0,lateral,lateral
4852,17,28,0.6071428571428571,jl,lateral
4853,31,22,1.4090909090909092,cone,cone
4854,21,19,1.105263157894737,jl,jl
4855,34,33,1.0303030303030303,cone,cone
4856,89,70,1.2714285714285714,cone,cone
4857,47,32,1.46875,jl,jl
4858,7,11,0.6363636363636364,jl,jl
4859,6,30,0.2,jl,lateral
4860,30,21,1.4285714285714286,cone,cone
4861,21,20,1.05,cone,cone
4862,100,95,1.0526315789473684,cone,cone
4863,54,44,1.2272727272727273,cone,cone
4864,65,46,1.4130434782608696,cone,cone
4865,19,18,1.0555555555555556,cone,cone
4866,20,19,1.0526315789473684,jl,jl
4867,15,15,1.0,lateral,lateral
4868,36,32,1.125,cone,cone
4869,31,27,1.1481481481481481,cone,cone
4870,8,19,0.42105263157894735,jl,cone
4871,33,28,1.1785714285714286,cone,cone
4872,64,60,1.0666666666666667,cone,cone
4873,25,24,1.0416666666666667,cone,cone
4874,59,45,1.3111111111111111,cone,cone
4875,1,23,0.043478260869565216,jl,cone
4876,68,52,1.3076923076923077,cone,cone
4877,15,19,0.7894736842105263,jl,cone
4878,62,51,1.2156862745098038,cone,cone
4879,53,42,1.2619047619047619,cone,cone
4880,52,43,1.2093023255813953,cone,cone
4881,82,56,1.4642857142857142,cone,cone
4882,45,36,1.25,cone,cone
4883,31,32,0.96875,lateral,lateral
4884,68,54,1.2592592592592593,lateral,cone
4885,22,22,1.0,cone,cone
4886,73,44,1.6590909090909092,cone,cone
4887,85,92,0.9239130434782609,jl,cone
4888,27,20,1.35,cone,cone
4889,28,29,0.9655172413793104,cone,cone
4890,63,57,1.105263157894737,cone,cone
4891,32,29,1.103448275862069,cone,cone
4892,4,30,0.13333333333333333,jl,cone
4893,43,20,2.15,cone,cone
4894,74,35,2.1142857142857143,cone,cone
4895,40,40,1.0,lateral,lateral
4896,34,91,0.37362637362637363,jl,cone
4897,29,35,0.8285714285714286,cone,lateral
4898,41,41,1.0,lateral,lateral
4899,24,21,1.1428571428571428,cone,cone
4900,93,30,3.1,cone,cone
4901,52,46,1.1304347826086956,cone,cone
4902,47,35,1.3428571428571427,cone,cone
4903,31,22,1.4090909090909092,cone,cone
4904,67,63,1.0634920634920635,cone,cone
4905,91,38,2.3947368421052633,lateral,cone
4906,22,21,1.0476190476190477,cone,cone
4907,22,21,1.0476190476190477,cone,cone
4908,79,76,1.0394736842105263,jl,cone
4909,50,49,1.0204081632653061,lateral,lateral
4910,37,27,1.3703703703703705,cone,cone
4911,33,25,1.32,cone,cone
4912,41,74,0.5540540540540541,jl,jl
4913,44,33,1.3333333333333333,cone,cone
4914,57,52,1.0961538461538463,cone,cone
4915,40,40,1.0,lateral,lateral
4916,60,53,1.1320754716981132,lateral,cone
4917,30,30,1.0,lateral,lateral
4918,17,17,1.0,cone,cone
4919,68,47,1.446808510638298,cone,cone
4920,66,41,1.6097560975609757,cone,cone
4921,26,20,1.3,cone,cone
4922,27,23,1.173913043478261,cone,cone
4923,63,31,2.032258064516129,jl,cone
4924,49,37,1.3243243243243243,cone,cone
4925,15,14,1.0714285714285714,cone,cone
4926,61,54,1.1296296296296295,lateral,cone
4927,4,19,0.21052631578947367,jl,jl
4928,19,17,1.1176470588235294,jl,jl
4929,23,33,0.696969696969697,jl,jl
4930,29,23,1.2608695652173914,cone,cone
4931,38,28,1.3571428571428572,cone,cone
4932,17,17,1.0,cone,cone
4933,20,19,1.0526315789473684,cone,cone
4934,21,20,1.05,cone,cone
4935,88,94,0.9361702127659575,cone,cone
4936,80,78,1.0256410256410255,cone,cone
4937,24,24,1.0,lateral,lateral
4938,48,29,1.6551724137931034,cone,cone
4939,64,63,1.0158730158730158,cone,cone
4940,30,26,1.1538461538461537,cone,cone
4941,33,30,1.1,jl,cone
4942,51,24,2.125,cone,cone
4943,27,24,1.125,cone,cone
4944,19,19,1.0,cone,cone
4945,34,28,1.2142857142857142,cone,cone
4946,10,10,1.0,lateral,lateral
4947,6,10,0.6,jl,jl
4948,14,14,1.0,cone,cone
4949,32,24,1.3333333333333333,cone,cone
4950,78,56,1.3928571428571428,cone,cone
4951,46,52,0.8846153846153846,cone,lateral
4952,53,50,1.06,cone,cone
4953,39,77,0.5064935064935064,jl,cone
4954,59,57,1.0350877192982457,cone,cone
4955,23,20,1.15,cone,cone
4956,27,25,1.08,cone,cone
4957,19,18,1.0555555555555556,cone,cone
4958,40,30,1.3333333333333333,cone,cone
4959,91,61,1.4918032786885247,lateral,cone
4960,23,30,0.7666666666666667,collision,collision
4961,56,31,1.8064516129032258,jl,cone
4962,70,50,1.4,cone,cone
4963,31,27,1.1481481481481481,cone,cone
4964,57,37,1.5405405405405406,cone,cone
4965,21,23,0.9130434782608695,jl,jl
4966,64,65,0.9846153846153847,cone,cone
4967,18,19,0.9473684210526315,cone,cone
4968,35,32,1.09375,cone,cone
4969,53,50,1.06,cone,cone
4970,40,32,1.25,cone,cone
4971,45,41,1.0975609756097562,cone,cone
4972,26,23,1.1304347826086956,cone,cone
4973,43,37,1.162162162162162,cone,cone
4974,12,21,0.5714285714285714,jl,jl
4975,40,38,1.0526315789473684,cone,cone
4976,30,28,1.0714285714285714,cone,cone
4977,27,28,0.9642857142857143,cone,cone
4978,61,36,1.6944444444444444,cone,cone
4979,31,25,1.24,cone,cone
4980,7,17,0.4117647058823529,jl,cone
4981,47,34,1.3823529411764706,cone,cone
4982,21,21,1.0,lateral,lateral
4983,22,22,1.0,lateral,lateral
4984,25,25,1.0,cone,cone
4985,27,20,1.35,jl,jl
4986,49,30,1.6333333333333333,cone,jl
4987,56,55,1.018181818181818,cone,cone
4988,31,25,1.24,cone,cone
4989,56,47,1.1914893617021276,cone,cone
4990,46,44,1.0454545454545454,cone,cone
4991,46,23,2.0,cone,cone
4992,93,56,1.6607142857142858,cone,cone
4993,24,64,0.375,jl,lateral
4994,4,14,0.2857142857142857,jl,lateral
4995,71,46,1.5434782608695652,cone,cone
4996,47,48,0.9791666666666666,cone,cone
4997,14,16,0.875,jl,jl
4998,11,12,0.9166666666666666,lateral,lateral
4999,21,22,0.9545454545454546,jl,cone
5000,33,33,1.0,lateral,lateral
5001,80,41,1.951219512195122,cone,cone
5002,15,25,0.6,jl,jl
5003,57,45,1.2666666666666666,cone,cone
5004,37,31,1.1935483870967742,cone,cone
5005,65,54,1.2037037037037037,jl,cone
5006,47,51,0.9215686274509803,jl,cone
5007,40,28,1.4285714285714286,cone,cone
5008,92,59,1.5593220338983051,jl,cone
5009,60,33,1.8181818181818181,cone,cone
5010,26,25,1.04,cone,cone
5011,14,17,0.8235294117647058,jl,jl
5012,83,19,4.368421052631579,cone,cone
5013,31,26,1.1923076923076923,cone,cone
5014,22,22,1.0,cone,cone
5015,32,23,1.391304347826087,cone,cone
5016,67,55,1.2181818181818183,cone,cone
5017,52,24,2.1666666666666665,cone,cone
5018,59,40,1.475,cone,cone
5019,28,18,1.5555555555555556,cone,cone
5020,25,22,1.1363636363636365,cone,cone
5021,31,32,0.96875,jl,cone
5022,30,26,1.1538461538461537,cone,cone
5023,34,27,1.2592592592592593,cone,cone
5024,70,34,2.0588235294117645,jl,cone
5025,69,42,1.6428571428571428,cone,cone
5026,36,31,1.1612903225806452,cone,cone
5027,96,39,2.4615384615384617,cone,cone
5028,21,20,1.05,cone,cone
5029,10,10,1.0,jl,jl
5030,20,20,1.0,cone,cone
5031,73,40,1.825,cone,cone
5032,88,39,2.2564102564102564,cone,cone
5033,12,12,1.0,cone,cone
5034,59,49,1.2040816326530612,cone,cone
5035,15,15,1.0,jl,cone
5036,11,11,1.0,lateral,lateral
5037,34,33,1.0303030303030303,cone,cone
5038,8,30,0.26666666666666666,jl,cone
5039,16,16,1.0,jl,cone
5040,19,18,1.0555555555555556,cone,cone
5041,17,17,1.0,cone,cone
5042,8,17,0.47058823529411764,jl,jl
5043,42,36,1.1666666666666667,cone,cone
5044,14,19,0.7368421052631579,jl,jl
5045,37,37,1.0,cone,cone
5046,18,19,0.9473684210526315,cone,cone
5047,54,46,1.173913043478261,cone,cone
5048,24,19,1.263157894736842,lateral,cone
5049,18,48,0.375,jl,cone
5050,106,23,4.608695652173913,cone,cone
5051,24,23,1.0434782608695652,cone,cone
5052,28,26,1.0769230769230769,cone,cone
5053,12,23,0.5217391304347826,jl,jl
5054,60,36,1.6666666666666667,jl,cone
5055,61,32,1.90625,jl,cone
5056,22,18,1.2222222222222223,cone,cone
5057,47,41,1.146341463414634,cone,cone
5058,16,17,0.9411764705882353,cone,cone
5059,27,27,1.0,cone,cone
5060,1,38,0.02631578947368421,jl,cone
5061,40,40,1.0,lateral,lateral
5062,11,11,1.0,lateral,lateral
5063,53,41,1.2926829268292683,cone,cone
5064,46,27,1.7037037037037037,cone,cone
5065,34,26,1.3076923076923077,cone,cone
5066,65,60,1.0833333333333333,lateral,cone
5067,13,12,1.0833333333333333,cone,cone
5068,21,18,1.1666666666666667,cone,cone
5069,62,24,2.5833333333333335,cone,cone
5070,31,27,1.1481481481481481,cone,cone
5071,50,40,1.25,cone,cone
5072,17,16,1.0625,cone,cone
5073,50,34,1.4705882352941178,cone,cone
5074,26,25,1.04,cone,cone
5075,57,49,1.163265306122449,jl,cone
5076,22,20,1.1,cone,cone
5077,47,42,1.119047619047619,jl,cone
5078,26,23,1.1304347826086956,cone,cone
5079,20,19,1.0526315789473684,cone,cone
5080,44,40,1.1,jl,jl
5081,30,51,0.5882352941176471,jl,cone
5082,30,24,1.25,jl,cone
5083,40,38,1.0526315789473684,cone,cone
5084,30,32,0.9375,cone,cone
5085,20,19,1.0526315789473684,cone,cone
5086,21,22,0.9545454545454546,cone,cone
5087,23,34,0.6764705882352942,jl,cone
5088,115,32,3.59375,cone,cone
5089,13,15,0.8666666666666667,jl,jl
5090,18,18,1.0,cone,cone
5091,49,46,1.065217391304348,lateral,cone
5092,23,20,1.15,cone,cone
5093,27,24,1.125,cone,cone
5094,72,62,1.1612903225806452,lateral,cone
5095,82,45,1.8222222222222222,jl,cone
5096,62,49,1.2653061224489797,cone,cone
5097,50,41,1.2195121951219512,cone,cone
5098,27,27,1.0,lateral,lateral
5099,54,33,1.6363636363636365,cone,cone
5100,59,51,1.1568627450980393,cone,cone
5101,21,21,1.0,jl,jl
5102,50,67,0.746268656716418,jl,jl
5103,15,15,1.0,lateral,lateral
5104,37,41,0.9024390243902439,cone,cone
5105,33,26,1.2692307692307692,cone,cone
5106,59,45,1.3111111111111111,cone,cone
5107,21,24,0.875,cone,cone
5108,29,23,1.2608695652173914,cone,cone
5109,37,37,1.0,lateral,lateral
5110,49,27,1.8148148148148149,cone,cone
5111,21,22,0.9545454545454546,cone,cone
5112,23,23,1.0,lateral,lateral
5113,24,22,1.0909090909090908,cone,cone
5114,54,41,1.3170731707317074,cone,cone
5115,32,26,1.2307692307692308,cone,cone
5116,59,54,1.0925925925925926,cone,cone
5117,29,32,0.90625,lateral,cone
5118,51,35,1.457142857142857,jl,jl
5119,39,41,0.9512195121951219,cone,cone
5120,21,17,1.2352941176470589,cone,cone
5121,19,18,1.0555555555555556,lateral,jl
5122,47,43,1.0930232558139534,cone,cone
5123,24,21,1.1428571428571428,cone,cone
5124,4,20,0.2,jl,cone
5125,68,54,1.2592592592592593,cone,cone
5126,115,111,1.0360360360360361,cone,cone
5127,23,22,1.0454545454545454,cone,cone
5128,15,21,0.7142857142857143,jl,cone
5129,58,35,1.6571428571428573,jl,cone
5130,53,53,1.0,lateral,lateral
5131,69,43,1.6046511627906976,lateral,cone
5132,55,40,1.375,cone,cone
5133,18,18,1.0,cone,cone
5134,31,26,1.1923076923076923,cone,cone
5135,106,44,2.409090909090909,jl,cone
5136,16,16,1.0,jl,jl
5137,17,17,1.0,cone,cone
5138,37,26,1.4230769230769231,cone,cone
5139,55,56,0.9821428571428571,cone,cone
5140,58,58,1.0,cone,cone
5141,84,45,1.8666666666666667,cone,cone
5142,70,50,1.4,cone,cone
5143,29,28,1.0357142857142858,cone,cone
5144,9,18,0.5,jl,cone
5145,46,41,1.1219512195121952,cone,cone
5146,33,19,1.736842105263158,jl,jl
5147,26,26,1.0,lateral,lateral
5148,18,31,0.5806451612903226,jl,cone
5149,91,39,2.3333333333333335,cone,cone
5150,5,40,0.125,jl,cone
5151,57,34,1.6764705882352942,jl,cone
5152,22,22,1.0,cone,cone
5153,14,24,0.5833333333333334,jl,jl
5154,36,49,0.7346938775510204,jl,jl
5155,35,29,1.206896551724138,cone,cone
5156,37,25,1.48,cone,cone
5157,79,39,2.0256410256410255,cone,cone
5158,64,65,0.9846153846153847,cone,cone
5159,47,36,1.3055555555555556,cone,cone
5160,19,15,1.2666666666666666,jl,cone
5161,17,16,1.0625,cone,cone
5162,31,27,1.1481481481481481,cone,cone
5163,14,13,1.0769230769230769,cone,cone
5164,64,43,1.4883720930232558,jl,cone
5165,21,28,0.75,jl,jl
5166,17,22,0.7727272727272727,jl,jl
5167,22,20,1.1,cone,cone
5168,38,24,1.5833333333333333,cone,cone
5169,36,36,1.0,lateral,lateral
5170,45,45,1.0,lateral,lateral
5171,44,44,1.0,jl,cone
5172,27,23,1.173913043478261,cone,cone
5173,26,20,1.3,cone,cone
5174,114,49,2.326530612244898,cone,cone
5175,68,49,1.3877551020408163,cone,cone
5176,28,23,1.2173913043478262,cone,cone
5177,59,31,1.903225806451613,cone,cone
5178,56,39,1.435897435897436,cone,cone
5179,9,20,0.45,jl,cone
5180,14,38,0.3684210526315789,jl,cone
5181,19,19,1.0,cone,cone
5182,23,24,0.9583333333333334,cone,cone
5183,50,49,1.0204081632653061,cone,cone
5184,23,24,0.9583333333333334,cone,cone
5185,12,24,0.5,jl,lateral
5186,15,14,1.0714285714285714,cone,cone
5187,22,22,1.0,jl,jl
5188,40,28,1.4285714285714286,cone,cone
5189,32,32,1.0,cone,cone
5190,5,23,0.21739130434782608,jl,cone
5191,29,29,1.0,lateral,lateral
5192,20,20,1.0,jl,cone
5193,18,17,1.0588235294117647,cone,cone
5194,21,20,1.05,cone,cone
5195,55,55,1.0,lateral,lateral
5196,39,34,1.1470588235294117,cone,cone
5197,16,23,0.6956521739130435,jl,jl
5198,11,11,1.0,jl,jl
5199,55,47,1.1702127659574468,cone,cone
5200,20,79,0.25316455696202533,jl,cone
5201,55,35,1.5714285714285714,cone,cone
5202,37,38,0.9736842105263158,jl,jl
5203,45,37,1.2162162162162162,jl,jl
5204,29,26,1.1153846153846154,cone,cone
5205,56,37,1.5135135135135136,cone,cone
5206,16,26,0.6153846153846154,jl,cone
5207,68,48,1.4166666666666667,cone,cone
5208,50,47,1.0638297872340425,cone,cone
5209,59,49,1.2040816326530612,cone,cone
5210,60,43,1.3953488372093024,cone,cone
5211,51,48,1.0625,cone,cone
5212,39,41,0.9512195121951219,jl,cone
5213,45,41,1.0975609756097562,cone,cone
5214,71,34,2.088235294117647,cone,cone
5215,22,22,1.0,cone,cone
5216,72,29,2.4827586206896552,cone,cone
5217,50,30,1.6666666666666667,cone,cone
5218,42,39,1.0769230769230769,cone,cone
5219,102,43,2.372093023255814,jl,cone
5220,62,50,1.24,cone,cone
5221,2,40,0.05,jl,cone
5222,25,23,1.0869565217391304,cone,cone
5223,15,15,1.0,cone,cone
5224,14,15,0.9333333333333333,cone,cone
5225,33,48,0.6875,jl,cone
5226,59,44,1.3409090909090908,cone,cone
5227,45,34,1.3235294117647058,jl,cone
5228,61,50,1.22,cone,cone
5229,13,36,0.3611111111111111,jl,cone
5230,16,14,1.1428571428571428,jl,jl
5231,44,33,1.3333333333333333,cone,cone
5232,37,47,0.7872340425531915,jl,cone
5233,19,41,0.4634146341463415,jl,cone
5234,47,45,1.0444444444444445,cone,cone
5235,30,17,1.7647058823529411,cone,cone
5236,12,12,1.0,jl,jl
5237,24,25,0.96,jl,cone
5238,54,36,1.5,cone,cone
5239,20,17,1.1764705882352942,cone,cone
5240,37,36,1.0277777777777777,cone,cone
5241,76,65,1.1692307692307693,cone,cone
5242,74,65,1.1384615384615384,cone,cone
5243,48,46,1.0434782608695652,cone,cone
5244,27,25,1.08,cone,cone
5245,7,14,0.5,collision,jl
5246,21,22,0.9545454545454546,cone,cone
5247,23,23,1.0,lateral,lateral
5248,55,55,1.0,lateral,lateral
5249,29,26,1.1153846153846154,cone,cone
5250,24,25,0.96,cone,cone
5251,58,51,1.1372549019607843,cone,cone
5252,52,32,1.625,jl,cone
5253,1,15,0.06666666666666667,jl,cone
5254,24,36,0.6666666666666666,jl,cone
5255,39,36,1.0833333333333333,cone,cone
5256,21,21,1.0,lateral,lateral
5257,33,23,1.434782608695652,cone,cone
5258,49,29,1.6896551724137931,cone,cone
5259,14,13,1.0769230769230769,cone,cone
5260,68,32,2.125,cone,cone
5261,8,10,0.8,collision,collision
5262,42,24,1.75,cone,cone
5263,12,41,0.2926829268292683,jl,lateral
5264,44,44,1.0,cone,cone
5265,48,47,1.0212765957446808,cone,cone
5266,47,48,0.9791666666666666,lateral,lateral
5267,5,14,0.35714285714285715,jl,jl
5268,23,33,0.696969696969697,jl,jl
5269,81,77,1.051948051948052,cone,cone
5270,7,22,0.3181818181818182,jl,cone
5271,2,34,0.058823529411764705,jl,cone
5272,34,34,1.0,lateral,lateral
5273,16,16,1.0,cone,cone
5274,41,41,1.0,cone,cone
5275,20,20,1.0,cone,cone
5276,23,23,1.0,lateral,lateral
5277,25,23,1.0869565217391304,cone,cone
5278,30,30,1.0,lateral,cone
5279,38,33,1.1515151515151516,collision,cone
5280,13,13,1.0,lateral,lateral
5281,15,13,1.1538461538461537,jl,cone
5282,68,59,1.152542372881356,cone,cone
5283,49,40,1.225,cone,cone
5284,37,31,1.1935483870967742,cone,cone
5285,24,23,1.0434782608695652,cone,cone
5286,17,17,1.0,lateral,lateral
5287,30,24,1.25,cone,cone
5288,56,47,1.1914893617021276,cone,cone
5289,11,10,1.1,jl,jl
5290,32,23,1.391304347826087,cone,cone
5291,67,63,1.0634920634920635,cone,cone
5292,84,62,1.3548387096774193,cone,cone
5293,74,26,2.8461538461538463,jl,cone
5294,61,33,1.8484848484848484,jl,cone
5295,15,28,0.5357142857142857,jl,cone
5296,20,20,1.0,cone,cone
5297,19,19,1.0,lateral,lateral
5298,57,53,1.0754716981132075,cone,cone
5299,19,25,0.76,jl,cone
5300,42,62,0.6774193548387096,jl,cone
5301,30,21,1.4285714285714286,jl,jl
5302,35,30,1.1666666666666667,cone,cone
5303,48,40,1.2,cone,cone
5304,29,22,1.3181818181818181,cone,cone
5305,64,53,1.2075471698113207,cone,cone
5306,16,29,0.5517241379310345,jl,cone
5307,7,39,0.1794871794871795,jl,cone
5308,38,32,1.1875,cone,cone
5309,54,43,1.255813953488372,cone,cone
5310,30,41,0.7317073170731707,jl,lateral
5311,53,49,1.0816326530612246,cone,cone
5312,30,24,1.25,cone,cone
5313,23,23,1.0,lateral,lateral
5314,14,14,1.0,lateral,lateral
5315,58,43,1.3488372093023255,jl,cone
5316,70,53,1.320754716981132,cone,cone
5317,18,34,0.5294117647058824,jl,cone
5318,28,27,1.037037037037037,cone,cone
5319,21,21,1.0,collision,collision
5320,83,30,2.7666666666666666,jl,cone
5321,10,15,0.6666666666666666,jl,jl
5322,56,55,1.018181818181818,cone,cone
5323,33,33,1.0,lateral,lateral
5324,12,28,0.42857142857142855,jl,cone
5325,29,27,1.0740740740740742,cone,cone
5326,113,32,3.53125,cone,cone
5327,53,29,1.8275862068965518,jl,cone
5328,29,31,0.9354838709677419,cone,cone
5329,26,25,1.04,cone,cone
5330,24,24,1.0,cone,cone
5331,68,59,1.152542372881356,jl,cone
5332,63,47,1.3404255319148937,jl,cone
5333,18,18,1.0,cone,cone
5334,88,31,2.838709677419355,lateral,cone
5335,20,28,0.7142857142857143,jl,cone
5336,36,60,0.6,cone,cone
5337,14,35,0.4,jl,jl
5338,41,41,1.0,cone,cone
5339,12,11,1.0909090909090908,jl,jl
5340,43,37,1.162162162162162,cone,cone
5341,33,30,1.1,jl,cone
5342,44,44,1.0,lateral,lateral
5343,69,56,1.2321428571428572,cone,cone
5344,43,36,1.1944444444444444,cone,jl
5345,16,16,1.0,lateral,lateral
5346,30,31,0.967741935483871,cone,cone
5347,47,48,0.9791666666666666,cone,cone
5348,17,17,1.0,cone,cone
5349,109,108,1.0092592592592593,cone,cone
5350,22,20,1.1,cone,cone
5351,39,35,1.1142857142857143,cone,cone
5352,10,32,0.3125,jl,cone
5353,34,32,1.0625,cone,cone
5354,28,22,1.2727272727272727,jl,cone
5355,15,39,0.38461538461538464,jl,cone
5356,27,27,1.0,cone,cone
5357,10,10,1.0,lateral,lateral
5358,53,38,1.394736842105263,cone,cone
5359,26,24,1.0833333333333333,cone,cone
5360,67,58,1.1551724137931034,cone,jl
5361,12,14,0.8571428571428571,jl,jl
5362,40,42,0.9523809523809523,cone,cone
5363,52,28,1.8571428571428572,cone,cone
5364,27,28,0.9642857142857143,cone,cone
5365,10,10,1.0,collision,collision
5366,36,36,1.0,cone,cone
5367,28,28,1.0,collision,cone
5368,38,27,1.4074074074074074,cone,cone
5369,9,10,0.9,lateral,lateral
5370,17,17,1.0,cone,cone
5371,69,49,1.4081632653061225,cone,cone
5372,62,61,1.0163934426229508,lateral,lateral
5373,30,26,1.1538461538461537,cone,cone
5374,24,37,0.6486486486486487,jl,jl
5375,71,33,2.1515151515151514,cone,cone
5376,19,19,1.0,cone,cone
5377,29,27,1.0740740740740742,cone,cone
5378,48,42,1.1428571428571428,cone,cone
5379,59,44,1.3409090909090908,cone,cone
5380,73,45,1.6222222222222222,cone,jl
5381,18,34,0.5294117647058824,jl,jl
5382,69,69,1.0,lateral,lateral
5383,50,36,1.3888888888888888,cone,cone
5384,1,28,0.03571428571428571,jl,jl
5385,21,19,1.105263157894737,cone,cone
5386,50,52,0.9615384615384616,jl,jl
5387,83,65,1.2769230769230768,cone,cone
5388,31,31,1.0,lateral,lateral
5389,63,44,1.4318181818181819,jl,jl
5390,72,25,2.88,jl,cone
5391,25,24,1.0416666666666667,lateral,lateral
5392,44,35,1.2571428571428571,cone,cone
5393,63,59,1.0677966101694916,cone,cone
5394,65,59,1.1016949152542372,jl,cone
5395,27,26,1.0384615384615385,cone,cone
5396,24,20,1.2,cone,cone
5397,80,27,2.962962962962963,jl,cone
5398,48,29,1.6551724137931034,cone,cone
5399,34,29,1.1724137931034482,cone,cone
5400,47,36,1.3055555555555556,jl,cone
5401,48,41,1.170731707317073,cone,cone
5402,32,32,1.0,jl,jl
5403,35,29,1.206896551724138,cone,cone
5404,38,36,1.0555555555555556,cone,cone
5405,57,48,1.1875,cone,cone
5406,19,24,0.7916666666666666,jl,cone
5407,57,43,1.3255813953488371,cone,cone
5408,40,30,1.3333333333333333,cone,cone
5409,20,90,0.2222222222222222,jl,cone
5410,17,20,0.85,cone,cone
5411,20,21,0.9523809523809523,jl,cone
5412,57,42,1.3571428571428572,cone,cone
5413,25,15,1.6666666666666667,jl,jl
5414,24,23,1.0434782608695652,cone,cone
5415,43,36,1.1944444444444444,cone,cone
5416,43,36,1.1944444444444444,cone,cone
5417,47,38,1.236842105263158,cone,cone
5418,21,19,1.105263157894737,cone,cone
5419,87,29,3.0,lateral,cone
5420,63,46,1.3695652173913044,cone,cone
5421,42,38,1.105263157894737,lateral,cone
5422,13,12,1.0833333333333333,jl,jl
5423,19,17,1.1176470588235294,cone,cone
5424,21,30,0.7,jl,cone
5425,22,21,1.0476190476190477,cone,cone
5426,31,31,1.0,lateral,lateral
5427,72,32,2.25,cone,cone
5428,22,20,1.1,cone,cone
5429,34,28,1.2142857142857142,cone,cone
5430,88,45,1.9555555555555555,cone,cone
5431,58,58,1.0,lateral,lateral
5432,36,28,1.2857142857142858,cone,cone
5433,61,76,0.8026315789473685,cone,cone
5434,38,38,1.0,lateral,lateral
5435,20,19,1.0526315789473684,lateral,lateral
5436,69,51,1.3529411764705883,cone,cone
5437,79,78,1.0128205128205128,jl,cone
5438,81,38,2.1315789473684212,cone,cone
5439,95,49,1.9387755102040816,cone,cone
5440,63,40,1.575,cone,cone
5441,24,24,1.0,jl,lateral
5442,26,29,0.896551724137931,cone,cone
5443,37,29,1.2758620689655173,cone,cone
5444,18,68,0.2647058823529412,jl,cone
5445,36,36,1.0,lateral,lateral
5446,34,25,1.36,cone,cone
5447,8,12,0.6666666666666666,jl,jl
5448,50,40,1.25,cone,cone
5449,52,34,1.5294117647058822,cone,cone
5450,40,40,1.0,lateral,lateral
5451,27,23,1.173913043478261,cone,cone
5452,63,47,1.3404255319148937,cone,cone
5453,1,34,0.029411764705882353,jl,cone
5454,59,47,1.2553191489361701,cone,cone
5455,30,24,1.25,cone,cone
5456,42,25,1.68,cone,cone
5457,43,33,1.303030303030303,cone,cone
5458,22,26,0.8461538461538461,cone,cone
5459,92,31,2.967741935483871,cone,cone
5460,29,29,1.0,cone,cone
5461,53,33,1.606060606060606,cone,cone
5462,22,23,0.9565217391304348,jl,cone
5463,10,19,0.5263157894736842,collision,collision
5464,26,47,0.5531914893617021,jl,cone
5465,1,27,0.037037037037037035,jl,jl
5466,39,39,1.0,cone,cone
5467,9,12,0.75,jl,jl
5468,21,21,1.0,cone,cone
5469,53,34,1.5588235294117647,cone,cone
5470,56,19,2.9473684210526314,jl,jl
5471,22,19,1.1578947368421053,collision,cone
5472,24,23,1.0434782608695652,cone,cone
5473,48,34,1.411764705882353,cone,cone
5474,39,27,1.4444444444444444,cone,cone
5475,48,40,1.2,cone,cone
5476,44,39,1.1282051282051282,cone,cone
5477,27,23,1.173913043478261,cone,cone
5478,46,46,1.0,cone,cone
5479,14,17,0.8235294117647058,jl,lateral
5480,45,34,1.3235294117647058,cone,cone
5481,46,42,1.0952380952380953,cone,cone
5482,13,14,0.9285714285714286,jl,jl
5483,21,19,1.105263157894737,cone,cone
5484,126,26,4.846153846153846,cone,cone
5485,69,63,1.0952380952380953,cone,cone
5486,50,39,1.2820512820512822,cone,cone
5487,24,23,1.0434782608695652,cone,cone
5488,29,24,1.2083333333333333,cone,cone
5489,4,22,0.18181818181818182,jl,cone
5490,25,23,1.0869565217391304,cone,cone
5491,58,48,1.2083333333333333,cone,cone
5492,38,28,1.3571428571428572,cone,cone
5493,20,27,0.7407407407407407,jl,jl
5494,51,51,1.0,cone,cone
5495,45,46,0.9782608695652174,cone,cone
5496,23,25,0.92,jl,cone
5497,84,75,1.12,cone,cone
5498,76,31,2.4516129032258065,cone,cone
5499,17,18,0.9444444444444444,cone,cone
5500,47,42,1.119047619047619,cone,cone
5501,41,24,1.7083333333333333,cone,cone
5502,38,26,1.4615384615384615,cone,cone
5503,46,40,1.15,cone,cone
5504,21,20,1.05,cone,cone
5505,43,23,1.8695652173913044,cone,cone
5506,8,12,0.6666666666666666,jl,jl
5507,16,16,1.0,cone,cone
5508,17,22,0.7727272727272727,jl,cone
5509,59,49,1.2040816326530612,cone,cone
5510,26,36,0.7222222222222222,jl,cone
5511,8,11,0.7272727272727273,jl,jl
5512,28,23,1.2173913043478262,cone,cone
5513,24,23,1.0434782608695652,cone,cone
5514,30,27,1.1111111111111112,cone,cone
5515,45,29,1.5517241379310345,cone,cone
5516,22,22,1.0,cone,cone
5517,65,55,1.1818181818181819,jl,cone
5518,24,24,1.0,cone,cone
5519,97,82,1.1829268292682926,cone,cone
5520,122,28,4.357142857142857,cone,cone
5521,22,22,1.0,cone,cone
5522,57,63,0.9047619047619048,cone,lateral
5523,21,20,1.05,cone,cone
5524,43,37,1.162162162162162,lateral,cone
5525,34,26,1.3076923076923077,cone,cone
5526,48,48,1.0,lateral,lateral
5527,67,44,1.5227272727272727,cone,cone
5528,25,23,1.0869565217391304,cone,cone
5529,11,11,1.0,cone,cone
5530,46,45,1.0222222222222221,cone,cone
5531,13,16,0.8125,collision,collision
5532,18,18,1.0,lateral,lateral
5533,22,22,1.0,cone,cone
5534,19,13,1.4615384615384615,lateral,jl
5535,30,39,0.7692307692307693,jl,cone
5536,55,57,0.9649122807017544,jl,jl
5537,32,24,1.3333333333333333,cone,cone
5538,27,22,1.2272727272727273,cone,cone
5539,24,24,1.0,lateral,lateral
5540,59,11,5.363636363636363,cone,jl
5541,72,67,1.0746268656716418,cone,cone
5542,25,21,1.1904761904761905,cone,cone
5543,47,19,2.473684210526316,cone,cone
5544,16,16,1.0,cone,cone
5545,48,39,1.2307692307692308,cone,cone
5546,50,43,1.1627906976744187,lateral,cone
5547,38,29,1.3103448275862069,cone,cone
5548,17,16,1.0625,cone,cone
5549,11,17,0.6470588235294118,jl,lateral
5550,55,23,2.391304347826087,cone,jl
5551,25,20,1.25,cone,cone
5552,16,18,0.8888888888888888,jl,cone
5553,18,24,0.75,cone,cone
5554,74,55,1.3454545454545455,cone,cone
5555,53,34,1.5588235294117647,cone,cone
5556,81,52,1.5576923076923077,cone,cone
5557,39,30,1.3,cone,cone
5558,42,48,0.875,jl,jl
5559,11,11,1.0,lateral,lateral
5560,39,33,1.1818181818181819,jl,cone
5561,14,14,1.0,lateral,lateral
5562,70,26,2.6923076923076925,jl,cone
5563,24,24,1.0,jl,cone
5564,65,44,1.4772727272727273,cone,cone
5565,17,16,1.0625,cone,cone
5566,21,21,1.0,lateral,lateral
5567,69,57,1.2105263157894737,cone,cone
5568,13,19,0.6842105263157895,jl,lateral
5569,39,54,0.7222222222222222,cone,cone
5570,16,15,1.0666666666666667,cone,cone
5571,25,25,1.0,lateral,lateral
5572,24,24,1.0,lateral,lateral
5573,41,22,1.8636363636363635,cone,cone
5574,48,32,1.5,jl,cone
5575,17,17,1.0,cone,jl
5576,26,28,0.9285714285714286,jl,cone
5577,56,44,1.2727272727272727,cone,cone
5578,39,87,0.4482758620689655,jl,jl
5579,28,23,1.2173913043478262,cone,cone
5580,28,55,0.509090909090909,jl,cone
5581,44,28,1.5714285714285714,jl,jl
5582,16,25,0.64,jl,jl
5583,21,20,1.05,cone,cone
5584,26,54,0.48148148148148145,jl,cone
5585,18,18,1.0,cone,cone
5586,16,21,0.7619047619047619,jl,jl
5587,12,12,1.0,lateral,lateral
5588,32,29,1.103448275862069,cone,cone
5589,12,25,0.48,jl,cone
5590,27,24,1.125,cone,cone
5591,21,21,1.0,cone,cone
5592,51,39,1.3076923076923077,jl,cone
5593,50,48,1.0416666666666667,cone,cone
5594,64,48,1.3333333333333333,cone,cone
5595,40,33,1.2121212121212122,cone,cone
5596,109,28,3.892857142857143,cone,cone
5597,58,52,1.1153846153846154,cone,cone
5598,10,27,0.37037037037037035,jl,cone
5599,62,55,1.1272727272727272,cone,cone
5600,23,28,0.8214285714285714,jl,lateral
5601,18,17,1.0588235294117647,cone,cone
5602,34,32,1.0625,cone,cone
5603,21,19,1.105263157894737,cone,cone
5604,51,43,1.186046511627907,cone,cone
5605,49,42,1.1666666666666667,cone,cone
5606,16,12,1.3333333333333333,jl,jl
5607,23,21,1.0952380952380953,jl,jl
5608,32,31,1.032258064516129,cone,cone
5609,15,15,1.0,cone,cone
5610,14,17,0.8235294117647058,jl,jl
5611,51,39,1.3076923076923077,cone,cone
5612,28,24,1.1666666666666667,cone,cone
5613,95,78,1.2179487179487178,cone,cone
5614,23,23,1.0,lateral,lateral
5615,28,31,0.9032258064516129,jl,cone
5616,26,26,1.0,cone,cone
5617,50,37,1.3513513513513513,cone,cone
5618,15,14,1.0714285714285714,cone,cone
5619,44,44,1.0,lateral,lateral
5620,18,17,1.0588235294117647,cone,cone
5621,104,42,2.4761904761904763,jl,cone
5622,102,56,1.8214285714285714,cone,cone
5623,45,26,1.7307692307692308,jl,cone
5624,71,60,1.1833333333333333,cone,cone
5625,9,18,0.5,jl,cone
5626,63,39,1.6153846153846154,cone,cone
5627,20,18,1.1111111111111112,cone,cone
5628,13,13,1.0,lateral,lateral
5629,48,35,1.3714285714285714,cone,cone
5630,39,35,1.1142857142857143,cone,cone
5631,25,22,1.1363636363636365,cone,cone
5632,37,22,1.6818181818181819,jl,cone
5633,51,51,1.0,lateral,lateral
5634,25,22,1.1363636363636365,lateral,cone
5635,15,25,0.6,jl,cone
5636,20,24,0.8333333333333334,jl,cone
5637,40,27,1.4814814814814814,jl,cone
5638,111,39,2.8461538461538463,cone,cone
5639,2,29,0.06896551724137931,jl,cone
5640,18,18,1.0,lateral,lateral
5641,74,66,1.121212121212121,cone,cone
5642,14,13,1.0769230769230769,jl,jl
5643,80,22,3.6363636363636362,cone,cone
5644,53,35,1.5142857142857142,cone,cone
5645,52,43,1.2093023255813953,cone,cone
5646,50,42,1.1904761904761905,cone,cone
5647,1,15,0.06666666666666667,jl,jl
5648,42,35,1.2,cone,cone
5649,23,29,0.7931034482758621,jl,cone
5650,14,15,0.9333333333333333,jl,jl
5651,28,36,0.7777777777777778,jl,jl
5652,19,18,1.0555555555555556,cone,cone
5653,68,61,1.1147540983606556,cone,cone
5654,24,22,1.0909090909090908,cone,cone
5655,57,38,1.5,cone,cone
5656,12,17,0.7058823529411765,jl,jl
5657,69,73,0.9452054794520548,cone,cone
5658,13,14,0.9285714285714286,cone,cone
5659,37,27,1.3703703703703705,cone,cone
5660,41,54,0.7592592592592593,jl,cone
5661,57,44,1.2954545454545454,jl,cone
5662,19,20,0.95,jl,cone
5663,12,12,1.0,lateral,lateral
5664,55,55,1.0,lateral,lateral
5665,8,10,0.8,jl,jl
5666,21,18,1.1666666666666667,cone,cone
5667,11,10,1.1,jl,jl
5668,51,44,1.1590909090909092,cone,cone
5669,44,31,1.4193548387096775,jl,cone
5670,100,38,2.6315789473684212,cone,cone
5671,61,44,1.3863636363636365,cone,cone
5672,31,31,1.0,cone,cone
5673,16,16,1.0,lateral,lateral
5674,49,34,1.4411764705882353,cone,cone
5675,45,29,1.5517241379310345,cone,cone
5676,23,23,1.0,lateral,lateral
5677,35,25,1.4,collision,cone
5678,23,19,1.2105263157894737,cone,cone
5679,64,65,0.9846153846153847,jl,jl
5680,66,49,1.346938775510204,cone,cone
5681,54,51,1.0588235294117647,cone,cone
5682,24,23,1.0434782608695652,cone,cone
5683,14,41,0.34146341463414637,jl,cone
5684,39,40,0.975,cone,cone
5685,19,19,1.0,cone,cone
5686,14,10,1.4,collision,collision
5687,42,36,1.1666666666666667,cone,cone
5688,30,27,1.1111111111111112,cone,cone
5689,24,21,1.1428571428571428,cone,cone
5690,25,29,0.8620689655172413,jl,cone
5691,29,23,1.2608695652173914,jl,jl
5692,48,40,1.2,cone,cone
5693,32,28,1.1428571428571428,cone,cone
5694,33,31,1.064516129032258,cone,cone
5695,16,27,0.5925925925925926,jl,cone
5696,4,22,0.18181818181818182,jl,lateral
5697,31,52,0.5961538461538461,jl,cone
5698,14,14,1.0,lateral,lateral
5699,21,19,1.105263157894737,cone,cone
5700,91,23,3.9565217391304346,jl,cone
5701,58,41,1.4146341463414633,cone,cone
5702,60,47,1.2765957446808511,cone,cone
5703,23,24,0.9583333333333334,cone,cone
5704,34,52,0.6538461538461539,jl,cone
5705,41,32,1.28125,cone,cone
5706,13,13,1.0,lateral,lateral
5707,16,15,1.0666666666666667,jl,jl
5708,84,55,1.5272727272727273,cone,cone
5709,48,41,1.170731707317073,cone,cone
5710,15,15,1.0,cone,cone
5711,49,58,0.8448275862068966,jl,cone
5712,16,15,1.0666666666666667,cone,cone
5713,55,34,1.6176470588235294,jl,cone
5714,12,12,1.0,cone,cone
5715,20,22,0.9090909090909091,cone,cone
5716,21,21,1.0,lateral,lateral
5717,19,19,1.0,cone,cone
5718,42,41,1.024390243902439,cone,cone
5719,95,33,2.878787878787879,cone,cone
5720,6,24,0.25,jl,cone
5721,87,23,3.782608695652174,lateral,cone
5722,61,67,0.9104477611940298,jl,cone
5723,42,32,1.3125,cone,cone
5724,73,38,1.9210526315789473,cone,cone
5725,43,32,1.34375,cone,cone
5726,58,58,1.0,cone,cone
5727,14,38,0.3684210526315789,jl,cone
5728,57,56,1.0178571428571428,lateral,lateral
5729,23,23,1.0,cone,cone
5730,42,35,1.2,cone,cone
5731,14,14,1.0,lateral,lateral
5732,88,36,2.4444444444444446,jl,cone
5733,35,35,1.0,cone,cone
5734,61,51,1.196078431372549,cone,cone
5735,4,10,0.4,jl,jl
5736,65,31,2.096774193548387,jl,cone
5737,13,13,1.0,lateral,lateral
5738,118,110,1.0727272727272728,cone,cone
5739,1,28,0.03571428571428571,jl,cone
5740,45,41,1.0975609756097562,cone,cone
5741,48,49,0.9795918367346939,cone,cone
5742,83,58,1.4310344827586208,cone,cone
5743,49,40,1.225,cone,cone
5744,42,39,1.0769230769230769,cone,cone
5745,15,20,0.75,jl,cone
5746,17,52,0.3269230769230769,jl,lateral
5747,19,19,1.0,lateral,lateral
5748,18,18,1.0,cone,cone
5749,33,27,1.2222222222222223,lateral,cone
5750,32,30,1.0666666666666667,cone,cone
5751,30,31,0.967741935483871,cone,cone
5752,26,24,1.0833333333333333,cone,cone
5753,16,20,0.8,jl,jl
5754,32,26,1.2307692307692308,jl,cone
5755,38,35,1.0857142857142856,jl,jl
5756,35,35,1.0,cone,cone
5757,23,21,1.0952380952380953,cone,cone
5758,41,40,1.025,cone,cone
5759,2,20,0.1,jl,cone
5760,62,53,1.169811320754717,cone,cone
5761,57,29,1.9655172413793103,cone,cone
5762,8,18,0.4444444444444444,jl,jl
5763,27,22,1.2272727272727273,cone,cone
5764,4,11,0.36363636363636365,jl,jl
5765,14,21,0.6666666666666666,jl,jl
5766,24,83,0.2891566265060241,jl,cone
5767,16,16,1.0,lateral,lateral
5768,46,40,1.15,cone,cone
5769,23,32,0.71875,jl,jl
5770,10,12,0.8333333333333334,jl,jl
5771,24,21,1.1428571428571428,cone,cone
5772,78,67,1.164179104477612,cone,cone
5773,18,18,1.0,cone,cone
5774,72,68,1.0588235294117647,cone,cone
5775,26,24,1.0833333333333333,cone,cone
5776,90,83,1.0843373493975903,cone,cone
5777,48,49,0.9795918367346939,lateral,lateral
5778,26,24,1.0833333333333333,jl,jl
5779,15,15,1.0,lateral,lateral
5780,61,56,1.0892857142857142,cone,cone
5781,54,38,1.4210526315789473,jl,cone
5782,38,35,1.0857142857142856,cone,cone
5783,39,33,1.1818181818181819,lateral,cone
5784,56,48,1.1666666666666667,cone,cone
5785,55,48,1.1458333333333333,jl,cone
5786,68,59,1.152542372881356,cone,cone
5787,24,24,1.0,cone,cone
5788,79,62,1.2741935483870968,cone,cone
5789,24,21,1.1428571428571428,cone,cone
5790,48,40,1.2,cone,cone
5791,9,16,0.5625,jl,jl
5792,31,32,0.96875,cone,cone
5793,32,32,1.0,cone,cone
5794,59,54,1.0925925925925926,cone,cone
5795,21,19,1.105263157894737,cone,cone
5796,27,27,1.0,lateral,lateral
5797,19,19,1.0,cone,cone
5798,61,43,1.4186046511627908,cone,cone
5799,21,22,0.9545454545454546,cone,cone
5800,49,33,1.4848484848484849,cone,cone
5801,18,18,1.0,cone,cone
5802,69,66,1.0454545454545454,cone,cone
5803,22,20,1.1,cone,cone
5804,54,56,0.9642857142857143,cone,cone
5805,59,59,1.0,lateral,lateral
5806,69,24,2.875,jl,cone
5807,18,18,1.0,cone,cone
5808,31,31,1.0,cone,cone
5809,26,18,1.4444444444444444,jl,cone
5810,13,31,0.41935483870967744,jl,jl
5811,21,20,1.05,cone,cone
5812,98,100,0.98,cone,cone
5813,21,21,1.0,lateral,lateral
5814,9,20,0.45,jl,jl
5815,60,54,1.1111111111111112,cone,cone
5816,92,91,1.010989010989011,cone,cone
5817,34,27,1.2592592592592593,cone,cone
5818,21,21,1.0,jl,cone
5819,38,39,0.9743589743589743,cone,cone
5820,28,30,0.9333333333333333,cone,cone
5821,25,25,1.0,cone,cone
5822,15,13,1.1538461538461537,jl,cone
5823,60,43,1.3953488372093024,cone,cone
5824,61,24,2.5416666666666665,cone,cone
5825,4,59,0.06779661016949153,jl,jl
5826,45,41,1.0975609756097562,cone,cone
5827,23,23,1.0,cone,cone
5828,46,27,1.7037037037037037,cone,cone
5829,23,23,1.0,cone,cone
5830,40,29,1.3793103448275863,collision,cone
5831,36,30,1.2,cone,cone
5832,53,32,1.65625,cone,cone
5833,17,34,0.5,jl,jl
5834,19,18,1.0555555555555556,cone,cone
5835,12,18,0.6666666666666666,jl,jl
5836,6,20,0.3,jl,jl
5837,14,13,1.0769230769230769,cone,cone
5838,40,40,1.0,jl,cone
5839,31,32,0.96875,cone,cone
5840,21,21,1.0,lateral,lateral
5841,70,38,1.8421052631578947,cone,cone
5842,19,18,1.0555555555555556,cone,cone
5843,82,71,1.1549295774647887,cone,cone
5844,46,48,0.9583333333333334,cone,cone
5845,25,25,1.0,cone,cone
5846,74,50,1.48,cone,cone
5847,51,26,1.9615384615384615,jl,cone
5848,53,68,0.7794117647058824,cone,cone
5849,33,32,1.03125,cone,cone
5850,49,37,1.3243243243243243,cone,cone
5851,18,18,1.0,cone,cone
5852,25,21,1.1904761904761905,collision,collision
5853,100,32,3.125,cone,cone
5854,24,22,1.0909090909090908,cone,cone
5855,14,14,1.0,lateral,lateral
5856,15,19,0.7894736842105263,jl,cone
5857,24,22,1.0909090909090908,cone,cone
5858,32,26,1.2307692307692308,cone,cone
5859,58,54,1.0740740740740742,cone,cone
5860,59,42,1.4047619047619047,cone,cone
5861,43,45,0.9555555555555556,cone,cone
5862,45,25,1.8,cone,cone
5863,60,54,1.1111111111111112,cone,cone
5864,55,48,1.1458333333333333,jl,cone
5865,7,11,0.6363636363636364,jl,jl
5866,40,42,0.9523809523809523,cone,cone
5867,42,32,1.3125,cone,cone
5868,26,26,1.0,collision,cone
5869,20,28,0.7142857142857143,jl,jl
5870,23,24,0.9583333333333334,cone,cone
5871,19,15,1.2666666666666666,cone,jl
5872,30,28,1.0714285714285714,cone,cone
5873,126,38,3.3157894736842106,cone,jl
5874,23,23,1.0,lateral,lateral
5875,22,27,0.8148148148148148,jl,cone
5876,36,23,1.565217391304348,cone,cone
5877,52,38,1.368421052631579,cone,cone
5878,57,52,1.0961538461538463,cone,cone
5879,25,21,1.1904761904761905,jl,jl
5880,83,42,1.9761904761904763,jl,cone
5881,54,69,0.782608695652174,jl,cone
5882,44,23,1.9130434782608696,cone,cone
5883,59,65,0.9076923076923077,cone,lateral
5884,42,32,1.3125,jl,cone
5885,40,41,0.975609756097561,lateral,lateral
5886,48,24,2.0,jl,cone
5887,18,18,1.0,cone,cone
5888,43,42,1.0238095238095237,cone,cone
5889,24,24,1.0,lateral,lateral
5890,34,27,1.2592592592592593,cone,cone
5891,31,20,1.55,cone,cone
5892,22,20,1.1,cone,cone
5893,84,24,3.5,jl,cone
5894,9,15,0.6,jl,jl
5895,48,48,1.0,lateral,lateral
5896,49,44,1.1136363636363635,cone,cone
5897,51,37,1.3783783783783783,cone,cone
5898,19,20,0.95,cone,cone
5899,20,42,0.47619047619047616,jl,jl
5900,47,33,1.4242424242424243,cone,cone
5901,21,43,0.4883720930232558,jl,cone
5902,25,24,1.0416666666666667,lateral,cone
5903,59,30,1.9666666666666666,cone,cone
5904,49,40,1.225,cone,cone
5905,38,37,1.027027027027027,cone,cone
5906,47,47,1.0,lateral,lateral
5907,22,20,1.1,cone,cone
5908,45,36,1.25,cone,cone
5909,19,18,1.0555555555555556,cone,cone
5910,27,28,0.9642857142857143,cone,jl
5911,59,58,1.0172413793103448,jl,cone
5912,62,58,1.0689655172413792,jl,cone
5913,23,23,1.0,cone,cone
5914,33,32,1.03125,cone,cone
5915,30,29,1.0344827586206897,cone,cone
5916,23,18,1.2777777777777777,cone,cone
5917,20,20,1.0,cone,cone
5918,55,42,1.3095238095238095,lateral,cone
5919,23,23,1.0,cone,cone
5920,12,14,0.8571428571428571,jl,jl
5921,29,24,1.2083333333333333,cone,cone
5922,25,22,1.1363636363636365,cone,cone
5923,22,22,1.0,cone,cone
5924,25,20,1.25,jl,cone
5925,9,23,0.391304347826087,jl,jl
5926,54,50,1.08,cone,cone
5927,28,26,1.0769230769230769,cone,cone
5928,27,26,1.0384615384615385,cone,cone
5929,18,18,1.0,cone,cone
5930,12,12,1.0,jl,jl
5931,74,25,2.96,cone,cone
5932,34,34,1.0,lateral,lateral
5933,58,44,1.3181818181818181,cone,cone
5934,25,20,1.25,cone,cone
5935,54,41,1.3170731707317074,cone,cone
5936,63,63,1.0,lateral,lateral
5937,27,28,0.9642857142857143,jl,jl
5938,24,22,1.0909090909090908,cone,cone
5939,18,18,1.0,cone,cone
5940,60,37,1.6216216216216217,cone,cone
5941,63,29,2.1724137931034484,cone,cone
5942,35,32,1.09375,cone,cone
5943,47,48,0.9791666666666666,jl,cone
5944,18,17,1.0588235294117647,cone,cone
5945,73,53,1.3773584905660377,cone,cone
5946,67,36,1.8611111111111112,jl,cone
5947,44,45,0.9777777777777777,cone,cone
5948,18,17,1.0588235294117647,cone,cone
5949,16,35,0.45714285714285713,jl,cone
5950,36,36,1.0,lateral,lateral
5951,62,23,2.6956521739130435,cone,cone
5952,79,67,1.1791044776119404,cone,cone
5953,117,44,2.659090909090909,cone,cone
5954,25,23,1.0869565217391304,cone,cone
5955,41,41,1.0,cone,cone
5956,22,20,1.1,cone,cone
5957,70,50,1.4,cone,cone
5958,13,16,0.8125,jl,jl
5959,38,17,2.235294117647059,cone,cone
5960,91,26,3.5,cone,cone
5961,29,17,1.7058823529411764,cone,cone
5962,34,26,1.3076923076923077,jl,jl
5963,29,25,1.16,cone,cone
5964,18,17,1.0588235294117647,jl,jl
5965,56,52,1.0769230769230769,cone,cone
5966,4,17,0.23529411764705882,jl,jl
5967,94,66,1.4242424242424243,cone,cone
5968,56,43,1.302325581395349,cone,cone
5969,25,67,0.373134328358209,jl,cone
5970,69,56,1.2321428571428572,cone,cone
5971,23,31,0.7419354838709677,jl,jl
5972,40,40,1.0,lateral,lateral
5973,19,28,0.6785714285714286,jl,jl
5974,54,43,1.255813953488372,jl,cone
5975,35,21,1.6666666666666667,cone,cone
5976,91,49,1.8571428571428572,jl,cone
5977,75,51,1.4705882352941178,cone,cone
5978,20,19,1.0526315789473684,cone,cone
5979,7,40,0.175,jl,jl
5980,23,32,0.71875,jl,cone
5981,8,13,0.6153846153846154,jl,jl
5982,20,19,1.0526315789473684,cone,cone
5983,57,65,0.8769230769230769,jl,cone
5984,74,34,2.176470588235294,cone,cone
5985,27,24,1.125,cone,cone
5986,27,27,1.0,cone,cone
5987,14,13,1.0769230769230769,lateral,lateral
5988,50,47,1.0638297872340425,cone,cone
5989,65,65,1.0,lateral,lateral
5990,64,26,2.4615384615384617,cone,cone
5991,20,19,1.0526315789473684,cone,cone
5992,32,27,1.1851851851851851,cone,cone
5993,26,31,0.8387096774193549,collision,cone
5994,54,43,1.255813953488372,cone,cone
5995,23,22,1.0454545454545454,cone,cone
5996,16,15,1.0666666666666667,cone,cone
5997,23,21,1.0952380952380953,cone,cone
5998,104,34,3.0588235294117645,cone,cone
5999,18,22,0.8181818181818182,jl,lateral
6000,37,34,1.088235294117647,cone,cone
6001,42,31,1.3548387096774193,cone,cone
6002,32,28,1.1428571428571428,lateral,cone
6003,23,27,0.8518518518518519,cone,cone
6004,30,18,1.6666666666666667,cone,cone
6005,81,79,1.0253164556962024,cone,cone
6006,90,80,1.125,cone,cone
6007,52,42,1.2380952380952381,cone,cone
6008,40,53,0.7547169811320755,jl,jl
6009,60,50,1.2,cone,cone
6010,19,19,1.0,lateral,lateral
6011,61,39,1.564102564102564,cone,cone
6012,76,47,1.6170212765957446,cone,cone
6013,32,36,0.8888888888888888,jl,cone
6014,53,52,1.0192307692307692,lateral,cone
6015,17,17,1.0,lateral,lateral
6016,51,41,1.2439024390243902,cone,cone
6017,32,32,1.0,lateral,lateral
6018,74,42,1.7619047619047619,cone,cone
6019,10,35,0.2857142857142857,jl,jl
6020,55,40,1.375,jl,cone
6021,43,40,1.075,cone,cone
6022,30,30,1.0,lateral,lateral
6023,49,49,1.0,lateral,lateral
6024,25,25,1.0,lateral,lateral
6025,46,30,1.5333333333333334,cone,cone
6026,42,45,0.9333333333333333,jl,cone
6027,63,55,1.1454545454545455,cone,cone
6028,19,19,1.0,lateral,lateral
6029,15,18,0.8333333333333334,jl,cone
6030,56,33,1.696969696969697,cone,cone
6031,54,44,1.2272727272727273,cone,cone
6032,72,60,1.2,cone,cone
6033,8,12,0.6666666666666666,jl,jl
6034,38,38,1.0,jl,jl
6035,67,47,1.425531914893617,cone,cone
6036,37,37,1.0,lateral,lateral
6037,44,36,1.2222222222222223,cone,cone
6038,24,22,1.0909090909090908,cone,cone
6039,53,43,1.2325581395348837,jl,cone
6040,28,27,1.037037037037037,cone,cone
6041,40,37,1.0810810810810811,cone,cone
6042,30,27,1.1111111111111112,cone,cone
6043,48,46,1.0434782608695652,jl,jl
6044,43,30,1.4333333333333333,cone,cone
6045,17,22,0.7727272727272727,jl,jl
6046,24,18,1.3333333333333333,cone,cone
6047,61,49,1.2448979591836735,cone,cone
6048,64,65,0.9846153846153847,lateral,lateral
6049,54,40,1.35,cone,cone
6050,47,47,1.0,cone,cone
6051,57,29,1.9655172413793103,cone,cone
6052,43,44,0.9772727272727273,lateral,lateral
6053,35,29,1.206896551724138,cone,cone
6054,24,24,1.0,cone,cone
6055,21,20,1.05,cone,cone
6056,9,16,0.5625,jl,jl
6057,36,40,0.9,jl,cone
6058,19,19,1.0,cone,cone
6059,51,33,1.5454545454545454,cone,cone
6060,38,54,0.7037037037037037,jl,jl
6061,39,38,1.0263157894736843,cone,cone
6062,75,41,1.829268292682927,cone,cone
6063,12,13,0.9230769230769231,jl,jl
6064,40,21,1.9047619047619047,jl,cone
6065,64,50,1.28,cone,cone
6066,27,47,0.574468085106383,jl,cone
6067,55,53,1.0377358490566038,cone,cone
6068,38,31,1.2258064516129032,cone,cone
6069,20,22,0.9090909090909091,cone,cone
6070,21,21,1.0,lateral,lateral
6071,55,44,1.25,cone,cone
6072,81,64,1.265625,cone,cone
6073,17,20,0.85,jl,cone
6074,16,15,1.0666666666666667,cone,cone
6075,24,23,1.0434782608695652,cone,cone
6076,38,42,0.9047619047619048,jl,jl
6077,32,27,1.1851851851851851,cone,cone
6078,19,19,1.0,lateral,lateral
6079,11,16,0.6875,jl,jl
6080,9,14,0.6428571428571429,jl,jl
6081,35,30,1.1666666666666667,cone,cone
6082,129,42,3.0714285714285716,cone,cone
6083,23,25,0.92,jl,jl
6084,19,19,1.0,cone,cone
6085,56,36,1.5555555555555556,jl,cone
6086,26,26,1.0,lateral,lateral
6087,46,23,2.0,cone,cone
6088,79,40,1.975,cone,cone
6089,101,12,8.416666666666666,cone,collision
6090,17,16,1.0625,cone,cone
6091,13,13,1.0,lateral,lateral
6092,16,27,0.5925925925925926,jl,cone
6093,37,30,1.2333333333333334,cone,cone
6094,10,24,0.4166666666666667,jl,cone
6095,20,18,1.1111111111111112,cone,cone
6096,31,23,1.3478260869565217,cone,cone
6097,30,29,1.0344827586206897,cone,cone
6098,5,31,0.16129032258064516,jl,cone
6099,31,23,1.3478260869565217,cone,cone
6100,15,16,0.9375,collision,collision
6101,41,36,1.1388888888888888,jl,cone
6102,49,49,1.0,lateral,lateral
6103,19,38,0.5,jl,cone
6104,22,33,0.6666666666666666,jl,cone
6105,83,69,1.2028985507246377,cone,cone
6106,17,13,1.3076923076923077,collision,collision
6107,46,36,1.2777777777777777,cone,cone
6108,21,21,1.0,lateral,lateral
6109,17,17,1.0,jl,cone
6110,30,29,1.0344827586206897,cone,cone
6111,14,32,0.4375,jl,cone
6112,1,18,0.05555555555555555,jl,cone
6113,25,23,1.0869565217391304,cone,cone
6114,8,13,0.6153846153846154,jl,jl
6115,7,15,0.4666666666666667,jl,jl
6116,11,23,0.4782608695652174,jl,jl
6117,103,32,3.21875,cone,cone
6118,105,23,4.565217391304348,cone,cone
6119,47,35,1.3428571428571427,jl,jl
6120,46,36,1.2777777777777777,cone,cone
6121,21,27,0.7777777777777778,cone,cone
6122,19,25,0.76,jl,cone
6123,24,22,1.0909090909090908,jl,jl
6124,83,52,1.5961538461538463,cone,cone
6125,26,43,0.6046511627906976,collision,cone
6126,34,30,1.1333333333333333,cone,cone
6127,76,50,1.52,cone,cone
6128,26,27,0.9629629629629629,cone,cone
6129,27,22,1.2272727272727273,cone,cone
6130,17,25,0.68,jl,jl
6131,20,46,0.43478260869565216,jl,jl
6132,66,41,1.6097560975609757,cone,cone
6133,18,19,0.9473684210526315,cone,cone
6134,27,27,1.0,cone,cone
6135,35,35,1.0,lateral,lateral
6136,81,51,1.588235294117647,cone,cone
6137,20,20,1.0,lateral,lateral
6138,29,27,1.0740740740740742,cone,cone
6139,25,33,0.7575757575757576,jl,cone
6140,17,13,1.3076923076923077,jl,jl
6141,34,19,1.7894736842105263,cone,jl
6142,37,27,1.3703703703703705,cone,cone
6143,69,47,1.4680851063829787,cone,cone
6144,19,25,0.76,jl,cone
6145,51,37,1.3783783783783783,jl,jl
6146,44,44,1.0,lateral,lateral
6147,52,41,1.2682926829268293,cone,cone
6148,29,28,1.0357142857142858,jl,lateral
6149,11,11,1.0,lateral,lateral
6150,37,24,1.5416666666666667,cone,cone
6151,62,47,1.3191489361702127,cone,cone
6152,37,25,1.48,cone,cone
6153,63,54,1.1666666666666667,cone,cone
6154,7,15,0.4666666666666667,jl,jl
6155,1,22,0.045454545454545456,jl,collision
6156,33,23,1.434782608695652,cone,cone
6157,40,36,1.1111111111111112,cone,cone
6158,23,21,1.0952380952380953,cone,cone
6159,31,27,1.1481481481481481,collision,cone
6160,34,16,2.125,cone,cone
6161,17,17,1.0,jl,jl
6162,42,41,1.024390243902439,lateral,lateral
6163,27,22,1.2272727272727273,cone,cone
6164,64,60,1.0666666666666667,cone,cone
6165,35,26,1.3461538461538463,cone,cone
6166,10,11,0.9090909090909091,jl,jl
6167,31,37,0.8378378378378378,jl,cone
6168,27,27,1.0,lateral,lateral
6169,21,21,1.0,lateral,lateral
6170,69,37,1.864864864864865,jl,cone
6171,46,47,0.9787234042553191,cone,cone
6172,6,20,0.3,jl,cone
6173,26,24,1.0833333333333333,cone,cone
6174,68,45,1.511111111111111,jl,cone
6175,53,33,1.606060606060606,jl,cone
6176,21,21,1.0,cone,cone
6177,33,24,1.375,cone,cone
6178,92,28,3.2857142857142856,cone,cone
6179,10,11,0.9090909090909091,jl,jl
6180,54,51,1.0588235294117647,cone,cone
6181,42,41,1.024390243902439,cone,cone
6182,49,48,1.0208333333333333,cone,cone
6183,13,14,0.9285714285714286,jl,jl
6184,29,28,1.0357142857142858,cone,cone
6185,33,30,1.1,cone,cone
6186,30,31,0.967741935483871,cone,cone
6187,1,31,0.03225806451612903,jl,cone
6188,20,20,1.0,lateral,lateral
6189,37,21,1.7619047619047619,cone,cone
6190,21,19,1.105263157894737,cone,cone
6191,16,16,1.0,jl,jl
6192,33,27,1.2222222222222223,cone,cone
6193,56,35,1.6,jl,cone
6194,25,17,1.4705882352941178,cone,cone
6195,21,20,1.05,cone,cone
6196,114,110,1.0363636363636364,cone,cone
6197,5,11,0.45454545454545453,jl,jl
6198,64,62,1.032258064516129,cone,cone
6199,52,43,1.2093023255813953,lateral,cone
6200,29,27,1.0740740740740742,cone,cone
6201,11,16,0.6875,jl,jl
6202,28,32,0.875,jl,cone
6203,33,30,1.1,cone,cone
6204,63,49,1.2857142857142858,cone,cone
6205,9,11,0.8181818181818182,collision,collision
6206,46,30,1.5333333333333334,cone,cone
6207,76,32,2.375,cone,cone
6208,49,41,1.1951219512195121,cone,cone
6209,98,24,4.083333333333333,cone,cone
6210,58,52,1.1153846153846154,jl,cone
6211,30,30,1.0,cone,cone
6212,25,24,1.0416666666666667,cone,cone
6213,20,28,0.7142857142857143,collision,cone
6214,13,23,0.5652173913043478,jl,jl
6215,23,32,0.71875,cone,cone
6216,35,28,1.25,cone,cone
6217,20,21,0.9523809523809523,jl,cone
6218,62,69,0.8985507246376812,jl,cone
6219,46,39,1.1794871794871795,cone,cone
6220,53,54,0.9814814814814815,lateral,lateral
6221,31,23,1.3478260869565217,cone,cone
6222,20,18,1.1111111111111112,cone,cone
6223,21,17,1.2352941176470589,cone,cone
6224,65,51,1.2745098039215685,cone,cone
6225,38,27,1.4074074074074074,jl,jl
6226,15,15,1.0,cone,cone
6227,86,75,1.1466666666666667,lateral,cone
6228,25,22,1.1363636363636365,cone,cone
6229,25,25,1.0,cone,cone
6230,54,48,1.125,cone,cone
6231,13,41,0.3170731707317073,jl,cone
6232,44,34,1.2941176470588236,cone,cone
6233,15,15,1.0,lateral,lateral
6234,23,23,1.0,cone,cone
6235,22,22,1.0,cone,cone
6236,18,18,1.0,lateral,lateral
6237,35,32,1.09375,cone,cone
6238,4,27,0.14814814814814814,jl,cone
6239,37,37,1.0,jl,cone
6240,47,48,0.9791666666666666,cone,cone
6241,74,44,1.6818181818181819,cone,cone
6242,24,34,0.7058823529411765,collision,cone
6243,46,39,1.1794871794871795,cone,cone
6244,12,22,0.5454545454545454,jl,cone
6245,66,25,2.64,cone,cone
6246,12,12,1.0,jl,jl
6247,48,52,0.9230769230769231,jl,jl
6248,44,44,1.0,lateral,lateral
6249,55,56,0.9821428571428571,cone,cone
6250,82,80,1.025,cone,cone
6251,52,37,1.4054054054054055,cone,cone
6252,23,22,1.0454545454545454,cone,cone
6253,20,18,1.1111111111111112,cone,cone
6254,28,22,1.2727272727272727,cone,cone
6255,48,35,1.3714285714285714,jl,cone
6256,27,27,1.0,cone,cone
6257,8,31,0.25806451612903225,jl,cone
6258,21,22,0.9545454545454546,cone,cone
6259,60,61,0.9836065573770492,cone,cone
6260,28,35,0.8,jl,cone
6261,23,15,1.5333333333333334,jl,jl
6262,13,24,0.5416666666666666,jl,cone
6263,15,15,1.0,cone,cone
6264,23,20,1.15,cone,cone
6265,18,18,1.0,cone,cone
6266,54,53,1.0188679245283019,jl,cone
6267,33,30,1.1,cone,cone
6268,73,43,1.697674418604651,cone,cone
6269,96,25,3.84,cone,cone
6270,118,24,4.916666666666667,cone,cone
6271,56,47,1.1914893617021276,cone,cone
6272,18,18,1.0,cone,cone
6273,14,11,1.2727272727272727,cone,jl
6274,69,58,1.1896551724137931,cone,cone
6275,26,23,1.1304347826086956,cone,cone
6276,13,13,1.0,cone,cone
6277,30,22,1.3636363636363635,cone,cone
6278,44,42,1.0476190476190477,cone,cone
6279,24,25,0.96,cone,cone
6280,28,23,1.2173913043478262,jl,jl
6281,54,50,1.08,cone,cone
6282,13,31,0.41935483870967744,jl,cone
6283,62,43,1.441860465116279,jl,cone
6284,72,57,1.263157894736842,cone,cone
6285,47,39,1.205128205128205,cone,cone
6286,54,42,1.2857142857142858,cone,cone
6287,24,23,1.0434782608695652,lateral,lateral
6288,65,40,1.625,cone,cone
6289,46,31,1.4838709677419355,cone,cone
6290,42,32,1.3125,cone,cone
6291,29,24,1.2083333333333333,cone,cone
6292,13,29,0.4482758620689655,jl,cone
6293,61,61,1.0,lateral,lateral
6294,33,30,1.1,cone,cone
6295,64,45,1.4222222222222223,cone,cone
6296,60,61,0.9836065573770492,cone,cone
6297,30,30,1.0,cone,cone
6298,18,21,0.8571428571428571,jl,cone
6299,5,36,0.1388888888888889,jl,cone
6300,58,46,1.2608695652173914,cone,cone
6301,24,26,0.9230769230769231,jl,cone
6302,28,20,1.4,cone,jl
6303,50,41,1.2195121951219512,cone,cone
6304,29,28,1.0357142857142858,cone,cone
6305,46,40,1.15,cone,cone
6306,26,25,1.04,cone,cone
6307,63,40,1.575,cone,cone
6308,79,55,1.4363636363636363,cone,cone
6309,55,57,0.9649122807017544,cone,cone
6310,55,53,1.0377358490566038,jl,jl
6311,20,20,1.0,cone,cone
6312,55,55,1.0,lateral,lateral
6313,18,18,1.0,cone,cone
6314,74,34,2.176470588235294,jl,cone
6315,26,18,1.4444444444444444,cone,jl
6316,26,26,1.0,lateral,lateral
6317,47,36,1.3055555555555556,cone,cone
6318,40,40,1.0,lateral,lateral
6319,58,35,1.6571428571428573,jl,cone
6320,20,18,1.1111111111111112,cone,cone
6321,11,22,0.5,jl,cone
6322,20,18,1.1111111111111112,cone,cone
6323,24,27,0.8888888888888888,jl,cone
6324,19,37,0.5135135135135135,jl,cone
6325,17,17,1.0,lateral,lateral
6326,45,19,2.3684210526315788,cone,cone
6327,13,16,0.8125,jl,cone
6328,13,25,0.52,jl,cone
6329,68,44,1.5454545454545454,cone,cone
6330,92,29,3.1724137931034484,cone,cone
6331,82,26,3.1538461538461537,cone,cone
6332,20,20,1.0,cone,cone
6333,77,48,1.6041666666666667,cone,cone
6334,46,43,1.069767441860465,cone,cone
6335,32,32,1.0,cone,cone
6336,48,47,1.0212765957446808,cone,cone
6337,37,35,1.0571428571428572,cone,cone
6338,70,43,1.627906976744186,cone,cone
6339,56,53,1.0566037735849056,cone,cone
6340,44,39,1.1282051282051282,cone,cone
6341,18,18,1.0,cone,cone
6342,43,32,1.34375,cone,cone
6343,63,64,0.984375,lateral,lateral
6344,37,37,1.0,lateral,lateral
6345,21,21,1.0,lateral,lateral
6346,19,18,1.0555555555555556,cone,cone
6347,41,28,1.4642857142857142,cone,cone
6348,14,14,1.0,lateral,lateral
6349,14,15,0.9333333333333333,jl,jl
6350,13,20,0.65,jl,cone
6351,23,22,1.0454545454545454,cone,cone
6352,27,60,0.45,jl,lateral
6353,41,30,1.3666666666666667,jl,cone
6354,43,37,1.162162162162162,cone,cone
6355,41,35,1.1714285714285715,lateral,cone
6356,46,40,1.15,cone,cone
6357,19,20,0.95,cone,cone
6358,32,66,0.48484848484848486,jl,cone
6359,25,23,1.0869565217391304,cone,cone
6360,12,14,0.8571428571428571,jl,jl
6361,41,38,1.0789473684210527,jl,cone
6362,46,30,1.5333333333333334,cone,cone
6363,33,23,1.434782608695652,cone,cone
6364,21,23,0.9130434782608695,jl,jl
6365,30,30,1.0,cone,cone
6366,28,27,1.037037037037037,cone,cone
6367,20,27,0.7407407407407407,jl,cone
6368,52,53,0.9811320754716981,cone,cone
6369,17,16,1.0625,cone,cone
6370,22,20,1.1,cone,cone
6371,29,26,1.1153846153846154,cone,cone
6372,27,23,1.173913043478261,cone,cone
6373,50,28,1.7857142857142858,cone,cone
6374,34,28,1.2142857142857142,cone,cone
6375,34,25,1.36,cone,cone
6376,25,20,1.25,cone,cone
6377,74,67,1.1044776119402986,jl,cone
6378,70,51,1.3725490196078431,cone,cone
6379,22,23,0.9565217391304348,cone,cone
6380,17,17,1.0,cone,cone
6381,38,33,1.1515151515151516,cone,cone
6382,7,19,0.3684210526315789,jl,jl
6383,28,26,1.0769230769230769,cone,cone
6384,11,19,0.5789473684210527,jl,jl
6385,16,16,1.0,cone,cone
6386,29,27,1.0740740740740742,cone,cone
6387,24,25,0.96,cone,cone
6388,27,23,1.173913043478261,cone,cone
6389,45,33,1.3636363636363635,cone,cone
6390,94,75,1.2533333333333334,cone,cone
6391,23,23,1.0,cone,cone
6392,29,30,0.9666666666666667,jl,jl
6393,32,35,0.9142857142857143,collision,cone
6394,71,68,1.0441176470588236,cone,cone
6395,8,33,0.24242424242424243,jl,cone
6396,21,19,1.105263157894737,cone,cone
6397,25,23,1.0869565217391304,cone,cone
6398,44,32,1.375,jl,cone
6399,17,17,1.0,cone,cone
6400,64,46,1.391304347826087,cone,cone
6401,41,35,1.1714285714285715,cone,cone
6402,52,44,1.1818181818181819,cone,cone
6403,11,10,1.1,collision,collision
6404,88,86,1.0232558139534884,cone,cone
6405,88,36,2.4444444444444446,cone,cone
6406,43,40,1.075,cone,cone
6407,20,19,1.0526315789473684,cone,cone
6408,31,26,1.1923076923076923,cone,cone
6409,7,48,0.14583333333333334,jl,cone
6410,48,32,1.5,cone,cone
6411,28,37,0.7567567567567568,jl,jl
6412,22,27,0.8148148148148148,cone,cone
6413,15,16,0.9375,jl,jl
6414,1,16,0.0625,jl,cone
6415,61,52,1.1730769230769231,cone,cone
6416,11,11,1.0,jl,jl
6417,45,40,1.125,cone,cone
6418,26,25,1.04,cone,cone
6419,51,35,1.457142857142857,cone,cone
6420,101,33,3.0606060606060606,cone,cone
6421,40,35,1.1428571428571428,cone,cone
6422,33,26,1.2692307692307692,cone,cone
6423,21,21,1.0,cone,cone
6424,43,42,1.0238095238095237,jl,jl
6425,22,32,0.6875,jl,cone
6426,30,25,1.2,cone,cone
6427,41,27,1.5185185185185186,cone,cone
6428,36,30,1.2,jl,cone
6429,86,66,1.303030303030303,cone,cone
6430,18,19,0.9473684210526315,cone,cone
6431,35,30,1.1666666666666667,cone,cone
6432,23,22,1.0454545454545454,cone,cone
6433,13,14,0.9285714285714286,jl,jl
6434,23,24,0.9583333333333334,lateral,lateral
6435,46,28,1.6428571428571428,jl,cone
6436,22,18,1.2222222222222223,cone,cone
6437,7,32,0.21875,jl,cone
6438,25,24,1.0416666666666667,cone,cone
6439,9,13,0.6923076923076923,jl,jl
6440,21,21,1.0,cone,cone
6441,84,85,0.9882352941176471,cone,cone
6442,11,10,1.1,jl,jl
6443,67,46,1.4565217391304348,cone,cone
6444,56,47,1.1914893617021276,cone,cone
6445,29,28,1.0357142857142858,cone,cone
6446,114,100,1.14,cone,cone
6447,31,28,1.1071428571428572,cone,cone
6448,12,28,0.42857142857142855,jl,lateral
6449,85,42,2.0238095238095237,cone,cone
6450,27,29,0.9310344827586207,jl,jl
6451,43,43,1.0,lateral,lateral
6452,26,25,1.04,cone,cone
6453,74,50,1.48,cone,cone
6454,71,60,1.1833333333333333,cone,cone
6455,55,44,1.25,cone,cone
6456,48,47,1.0212765957446808,cone,cone
6457,20,30,0.6666666666666666,jl,cone
6458,45,45,1.0,lateral,lateral
6459,56,77,0.7272727272727273,jl,cone
6460,82,40,2.05,cone,cone
6461,7,28,0.25,jl,cone
6462,28,29,0.9655172413793104,jl,cone
6463,38,30,1.2666666666666666,cone,cone
6464,13,11,1.1818181818181819,lateral,jl
6465,41,31,1.3225806451612903,cone,cone
6466,47,25,1.88,cone,cone
6467,25,22,1.1363636363636365,cone,cone
6468,22,17,1.2941176470588236,jl,cone
6469,28,24,1.1666666666666667,cone,cone
6470,57,59,0.9661016949152542,cone,cone
6471,32,38,0.8421052631578947,jl,cone
6472,31,32,0.96875,jl,cone
6473,44,36,1.2222222222222223,cone,cone
6474,36,37,0.972972972972973,lateral,lateral
6475,56,37,1.5135135135135136,jl,cone
6476,25,22,1.1363636363636365,cone,cone
6477,29,32,0.90625,cone,cone
6478,68,36,1.8888888888888888,lateral,cone
6479,11,11,1.0,jl,jl
6480,31,31,1.0,lateral,lateral
6481,43,42,1.0238095238095237,cone,cone
6482,83,38,2.1842105263157894,cone,jl
6483,28,23,1.2173913043478262,cone,cone
6484,19,19,1.0,lateral,lateral
6485,22,27,0.8148148148148148,cone,cone
6486,23,23,1.0,lateral,lateral
6487,56,34,1.6470588235294117,cone,cone
6488,35,23,1.5217391304347827,cone,cone
6489,64,51,1.2549019607843137,cone,cone
6490,30,28,1.0714285714285714,cone,cone
6491,38,27,1.4074074074074074,cone,cone
6492,19,18,1.0555555555555556,cone,cone
6493,45,22,2.0454545454545454,cone,cone
6494,65,62,1.0483870967741935,lateral,cone
6495,36,37,0.972972972972973,jl,jl
6496,40,43,0.9302325581395349,jl,cone
6497,47,48,0.9791666666666666,lateral,lateral
6498,6,25,0.24,jl,cone
6499,63,48,1.3125,cone,cone
6500,26,24,1.0833333333333333,cone,cone
6501,23,22,1.0454545454545454,cone,cone
6502,8,41,0.1951219512195122,jl,jl
6503,74,60,1.2333333333333334,cone,cone
6504,20,19,1.0526315789473684,cone,cone
6505,29,32,0.90625,jl,cone
6506,39,23,1.6956521739130435,cone,cone
6507,58,40,1.45,cone,cone
6508,12,12,1.0,jl,jl
6509,87,24,3.625,jl,cone
6510,35,36,0.9722222222222222,cone,cone
6511,67,29,2.310344827586207,cone,cone
6512,40,30,1.3333333333333333,cone,cone
6513,37,26,1.4230769230769231,cone,cone
6514,93,83,1.1204819277108433,cone,cone
6515,44,41,1.0731707317073171,cone,cone
6516,17,23,0.7391304347826086,jl,jl
6517,32,30,1.0666666666666667,cone,cone
6518,71,28,2.5357142857142856,cone,cone
6519,58,57,1.0175438596491229,cone,cone
6520,18,20,0.9,cone,cone
6521,53,46,1.1521739130434783,cone,cone
6522,31,33,0.9393939393939394,jl,cone
6523,28,28,1.0,lateral,lateral
6524,66,37,1.7837837837837838,cone,cone
6525,60,59,1.0169491525423728,cone,cone
6526,71,64,1.109375,cone,cone
6527,25,20,1.25,cone,cone
6528,52,39,1.3333333333333333,cone,cone
6529,77,76,1.013157894736842,cone,cone
6530,33,21,1.5714285714285714,cone,cone
6531,94,74,1.2702702702702702,cone,cone
6532,20,13,1.5384615384615385,jl,jl
6533,21,21,1.0,jl,cone
6534,87,55,1.5818181818181818,cone,cone
6535,27,22,1.2272727272727273,cone,cone
6536,22,20,1.1,cone,cone
6537,55,45,1.2222222222222223,cone,cone
6538,39,38,1.0263157894736843,cone,cone
6539,47,45,1.0444444444444445,cone,cone
6540,29,30,0.9666666666666667,jl,jl
6541,27,26,1.0384615384615385,cone,cone
6542,51,50,1.02,cone,cone
6543,32,33,0.9696969696969697,jl,cone
6544,53,38,1.394736842105263,cone,cone
6545,33,33,1.0,lateral,lateral
6546,40,39,1.0256410256410255,cone,cone
6547,15,28,0.5357142857142857,jl,cone
6548,58,47,1.2340425531914894,cone,cone
6549,13,15,0.8666666666666667,cone,cone
6550,83,73,1.1369863013698631,cone,cone
6551,22,22,1.0,lateral,lateral
6552,57,23,2.4782608695652173,jl,cone
6553,6,25,0.24,jl,lateral
6554,37,16,2.3125,cone,jl
6555,17,16,1.0625,cone,cone
6556,14,28,0.5,jl,cone
6557,5,27,0.18518518518518517,jl,cone
6558,50,33,1.5151515151515151,cone,cone
6559,64,38,1.6842105263157894,jl,cone
6560,44,25,1.76,cone,cone
6561,31,19,1.631578947368421,cone,cone
6562,38,35,1.0857142857142856,cone,cone
6563,33,22,1.5,cone,cone
6564,63,72,0.875,jl,lateral
6565,79,69,1.144927536231884,cone,cone
6566,23,24,0.9583333333333334,cone,cone
6567,32,29,1.103448275862069,jl,cone
6568,45,41,1.0975609756097562,cone,cone
6569,29,27,1.0740740740740742,cone,cone
6570,48,38,1.263157894736842,cone,cone
6571,32,21,1.5238095238095237,cone,cone
6572,30,31,0.967741935483871,cone,cone
6573,9,11,0.8181818181818182,jl,jl
6574,17,17,1.0,cone,cone
6575,43,43,1.0,jl,cone
6576,137,24,5.708333333333333,cone,cone
6577,26,22,1.1818181818181819,cone,cone
6578,21,21,1.0,cone,cone
6579,35,35,1.0,cone,cone
6580,55,37,1.4864864864864864,cone,cone
6581,42,27,1.5555555555555556,cone,cone
6582,6,15,0.4,jl,jl
6583,55,36,1.5277777777777777,cone,cone
6584,13,12,1.0833333333333333,cone,cone
6585,27,40,0.675,jl,jl
6586,30,23,1.3043478260869565,cone,cone
6587,21,12,1.75,jl,jl
6588,14,17,0.8235294117647058,jl,cone
6589,7,16,0.4375,jl,jl
6590,17,16,1.0625,cone,cone
6591,96,20,4.8,cone,cone
6592,20,19,1.0526315789473684,cone,cone
6593,53,57,0.9298245614035088,jl,jl
6594,17,17,1.0,lateral,lateral
6595,90,68,1.3235294117647058,cone,cone
6596,23,19,1.2105263157894737,cone,cone
6597,79,42,1.880952380952381,cone,cone
6598,28,28,1.0,cone,cone
6599,13,29,0.4482758620689655,jl,cone
6600,28,32,0.875,jl,cone
6601,53,32,1.65625,cone,cone
6602,71,64,1.109375,jl,cone
6603,11,11,1.0,lateral,lateral
6604,25,24,1.0416666666666667,cone,cone
6605,8,22,0.36363636363636365,jl,jl
6606,29,28,1.0357142857142858,cone,cone
6607,24,32,0.75,jl,cone
6608,14,15,0.9333333333333333,jl,jl
6609,2,33,0.06060606060606061,jl,cone
6610,23,18,1.2777777777777777,cone,cone
6611,56,46,1.2173913043478262,cone,cone
6612,90,72,1.25,cone,cone
6613,29,35,0.8285714285714286,jl,cone
6614,64,63,1.0158730158730158,cone,cone
6615,22,22,1.0,lateral,lateral
6616,15,14,1.0714285714285714,jl,jl
6617,34,34,1.0,cone,cone
6618,81,60,1.35,cone,cone
6619,107,99,1.0808080808080809,cone,cone
6620,14,26,0.5384615384615384,jl,cone
6621,70,61,1.1475409836065573,cone,cone
6622,52,49,1.0612244897959184,cone,cone
6623,24,20,1.2,cone,cone
6624,73,25,2.92,cone,cone
6625,40,38,1.0526315789473684,lateral,cone
6626,25,25,1.0,cone,cone
6627,12,12,1.0,lateral,lateral
6628,49,26,1.8846153846153846,cone,cone
6629,33,33,1.0,lateral,lateral
6630,18,16,1.125,cone,cone
6631,55,39,1.4102564102564104,cone,cone
6632,12,24,0.5,jl,jl
6633,94,32,2.9375,cone,cone
6634,11,18,0.6111111111111112,jl,jl
6635,89,36,2.4722222222222223,cone,cone
6636,33,27,1.2222222222222223,cone,cone
6637,114,42,2.7142857142857144,cone,cone
6638,51,40,1.275,cone,cone
6639,15,43,0.3488372093023256,jl,jl
6640,30,29,1.0344827586206897,cone,cone
6641,32,21,1.5238095238095237,cone,cone
6642,18,20,0.9,cone,cone
6643,58,59,0.9830508474576272,lateral,lateral
6644,15,16,0.9375,jl,lateral
6645,10,10,1.0,lateral,lateral
6646,38,39,0.9743589743589743,cone,cone
6647,75,67,1.1194029850746268,cone,cone
6648,21,10,2.1,cone,jl
6649,5,12,0.4166666666666667,jl,jl
6650,60,57,1.0526315789473684,cone,cone
6651,12,12,1.0,lateral,lateral
6652,22,22,1.0,cone,cone
6653,57,41,1.3902439024390243,cone,cone
6654,44,31,1.4193548387096775,cone,cone
6655,26,26,1.0,lateral,lateral
6656,28,26,1.0769230769230769,lateral,cone
6657,85,38,2.236842105263158,jl,cone
6658,121,112,1.0803571428571428,cone,cone
6659,27,24,1.125,cone,cone
6660,31,30,1.0333333333333334,lateral,jl
6661,12,19,0.631578947368421,collision,collision
6662,98,26,3.769230769230769,cone,cone
6663,90,74,1.2162162162162162,cone,cone
6664,42,36,1.1666666666666667,cone,cone
6665,20,20,1.0,lateral,lateral
6666,18,47,0.3829787234042553,jl,cone
6667,29,31,0.9354838709677419,jl,jl
6668,55,42,1.3095238095238095,cone,cone
6669,46,22,2.090909090909091,jl,cone
6670,56,25,2.24,cone,cone
6671,22,16,1.375,cone,cone
6672,32,25,1.28,cone,cone
6673,50,40,1.25,collision,cone
6674,26,25,1.04,cone,cone
6675,33,23,1.434782608695652,cone,cone
6676,25,18,1.3888888888888888,cone,cone
6677,31,31,1.0,lateral,lateral
6678,40,26,1.5384615384615385,cone,cone
6679,9,90,0.1,jl,jl
6680,18,27,0.6666666666666666,jl,cone
6681,1,52,0.019230769230769232,jl,cone
6682,29,31,0.9354838709677419,jl,jl
6683,14,15,0.9333333333333333,cone,cone
6684,33,35,0.9428571428571428,cone,cone
6685,51,42,1.2142857142857142,cone,cone
6686,43,43,1.0,lateral,lateral
6687,57,36,1.5833333333333333,cone,cone
6688,16,16,1.0,cone,cone
6689,79,69,1.144927536231884,cone,cone
6690,25,25,1.0,cone,cone
6691,51,30,1.7,jl,cone
6692,25,30,0.8333333333333334,cone,cone
6693,60,65,0.9230769230769231,cone,cone
6694,35,23,1.5217391304347827,cone,cone
6695,50,50,1.0,lateral,lateral
6696,60,46,1.3043478260869565,cone,cone
6697,35,33,1.0606060606060606,jl,cone
6698,24,20,1.2,cone,cone
6699,31,30,1.0333333333333334,cone,cone
6700,40,33,1.2121212121212122,cone,cone
6701,27,26,1.0384615384615385,jl,cone
6702,68,54,1.2592592592592593,cone,cone
6703,32,32,1.0,lateral,lateral
6704,57,31,1.8387096774193548,cone,cone
6705,34,34,1.0,lateral,cone
6706,16,16,1.0,cone,cone
6707,68,40,1.7,cone,cone
6708,46,47,0.9787234042553191,jl,cone
6709,68,52,1.3076923076923077,jl,cone
6710,35,29,1.206896551724138,cone,cone
6711,35,33,1.0606060606060606,cone,cone
6712,23,63,0.36507936507936506,jl,cone
6713,19,25,0.76,jl,jl
6714,86,16,5.375,cone,jl
6715,56,41,1.3658536585365855,cone,cone
6716,18,19,0.9473684210526315,cone,cone
6717,29,26,1.1153846153846154,collision,cone
6718,40,34,1.1764705882352942,cone,cone
6719,15,35,0.42857142857142855,jl,lateral
6720,11,11,1.0,lateral,lateral
6721,39,35,1.1142857142857143,cone,cone
6722,41,31,1.3225806451612903,cone,cone
6723,40,35,1.1428571428571428,cone,cone
6724,26,22,1.1818181818181819,cone,cone
6725,74,23,3.217391304347826,cone,cone
6726,59,58,1.0172413793103448,lateral,lateral
6727,59,59,1.0,lateral,cone
6728,49,48,1.0208333333333333,cone,cone
6729,8,10,0.8,jl,jl
6730,25,30,0.8333333333333334,collision,cone
6731,6,52,0.11538461538461539,jl,cone
6732,41,36,1.1388888888888888,cone,cone
6733,45,31,1.4516129032258065,cone,cone
6734,35,32,1.09375,cone,cone
6735,32,20,1.6,cone,cone
6736,25,24,1.0416666666666667,cone,cone
6737,32,35,0.9142857142857143,jl,cone
6738,42,43,0.9767441860465116,cone,cone
6739,41,28,1.4642857142857142,jl,cone
6740,20,17,1.1764705882352942,cone,cone
6741,33,32,1.03125,jl,cone
6742,44,29,1.5172413793103448,cone,cone
6743,3,34,0.08823529411764706,jl,jl
6744,29,32,0.90625,jl,jl
6745,19,22,0.8636363636363636,jl,cone
6746,80,42,1.9047619047619047,lateral,cone
6747,57,40,1.425,cone,cone
6748,30,29,1.0344827586206897,cone,cone
6749,48,49,0.9795918367346939,jl,lateral
6750,35,40,0.875,jl,cone
6751,40,35,1.1428571428571428,cone,cone
6752,20,19,1.0526315789473684,cone,cone
6753,8,40,0.2,jl,lateral
6754,88,37,2.3783783783783785,cone,cone
6755,10,11,0.9090909090909091,collision,collision
6756,28,28,1.0,lateral,lateral
6757,26,18,1.4444444444444444,jl,jl
6758,7,31,0.22580645161290322,jl,lateral
6759,45,44,1.0227272727272727,cone,cone
6760,88,88,1.0,lateral,lateral
6761,20,20,1.0,cone,cone
6762,11,22,0.5,jl,jl
6763,51,51,1.0,cone,cone
6764,58,60,0.9666666666666667,jl,cone
6765,28,31,0.9032258064516129,cone,cone
6766,27,27,1.0,lateral,lateral
6767,37,44,0.8409090909090909,cone,lateral
6768,81,41,1.975609756097561,jl,cone
6769,39,36,1.0833333333333333,cone,cone
6770,29,31,0.9354838709677419,jl,jl
6771,43,36,1.1944444444444444,cone,cone
6772,38,37,1.027027027027027,jl,cone
6773,5,20,0.25,jl,cone
6774,22,20,1.1,cone,cone
6775,56,33,1.696969696969697,lateral,cone
6776,36,36,1.0,lateral,lateral
6777,27,25,1.08,cone,cone
6778,92,31,2.967741935483871,cone,cone
6779,34,23,1.4782608695652173,jl,cone
6780,51,51,1.0,lateral,lateral
6781,44,43,1.0232558139534884,cone,cone
6782,59,54,1.0925925925925926,jl,cone
6783,51,43,1.186046511627907,cone,cone
6784,25,25,1.0,jl,cone
6785,18,20,0.9,cone,cone
6786,118,73,1.6164383561643836,cone,jl
6787,20,18,1.1111111111111112,cone,cone
6788,40,40,1.0,lateral,lateral
6789,34,34,1.0,lateral,lateral
6790,116,39,2.9743589743589745,cone,cone
6791,26,31,0.8387096774193549,cone,cone
6792,28,22,1.2727272727272727,jl,cone
6793,50,16,3.125,cone,cone
6794,34,20,1.7,cone,cone
6795,72,56,1.2857142857142858,cone,cone
6796,36,37,0.972972972972973,lateral,lateral
6797,28,35,0.8,jl,cone
6798,111,23,4.826086956521739,cone,cone
6799,30,24,1.25,cone,cone
6800,40,36,1.1111111111111112,cone,cone
6801,34,30,1.1333333333333333,cone,cone
6802,77,43,1.7906976744186047,cone,cone
6803,18,17,1.0588235294117647,cone,cone
6804,29,28,1.0357142857142858,cone,cone
6805,78,66,1.1818181818181819,cone,cone
6806,64,59,1.0847457627118644,cone,cone
6807,49,51,0.9607843137254902,cone,cone
6808,39,38,1.0263157894736843,jl,cone
6809,43,33,1.303030303030303,cone,cone
6810,38,43,0.8837209302325582,cone,cone
6811,38,35,1.0857142857142856,cone,cone
6812,66,46,1.434782608695652,cone,cone
6813,23,23,1.0,lateral,lateral
6814,49,42,1.1666666666666667,cone,cone
6815,54,55,0.9818181818181818,lateral,lateral
6816,66,61,1.0819672131147542,cone,cone
6817,11,10,1.1,jl,jl
6818,54,47,1.148936170212766,cone,cone
6819,78,68,1.1470588235294117,cone,cone
6820,91,50,1.82,cone,cone
6821,60,46,1.3043478260869565,cone,cone
6822,31,27,1.1481481481481481,cone,cone
6823,45,43,1.0465116279069768,cone,cone
6824,19,19,1.0,lateral,lateral
6825,10,27,0.37037037037037035,jl,cone
6826,20,18,1.1111111111111112,cone,cone
6827,30,30,1.0,lateral,lateral
6828,15,24,0.625,jl,cone
6829,41,39,1.0512820512820513,jl,cone
6830,30,27,1.1111111111111112,cone,cone
6831,56,29,1.9310344827586208,jl,cone
6832,39,38,1.0263157894736843,cone,cone
6833,52,40,1.3,jl,cone
6834,26,24,1.0833333333333333,cone,cone
6835,20,20,1.0,lateral,cone
6836,10,22,0.45454545454545453,jl,cone
6837,44,39,1.1282051282051282,cone,cone
6838,22,20,1.1,cone,cone
6839,38,80,0.475,jl,cone
6840,25,25,1.0,cone,cone
6841,56,59,0.9491525423728814,cone,cone
6842,31,31,1.0,lateral,cone
6843,17,17,1.0,cone,cone
6844,16,16,1.0,lateral,lateral
6845,10,10,1.0,jl,jl
6846,17,17,1.0,cone,cone
6847,1,23,0.043478260869565216,jl,cone
6848,22,19,1.1578947368421053,cone,cone
6849,19,17,1.1176470588235294,cone,cone
6850,29,23,1.2608695652173914,cone,cone
6851,44,46,0.9565217391304348,cone,cone
6852,38,40,0.95,cone,lateral
6853,20,16,1.25,cone,cone
6854,16,15,1.0666666666666667,jl,jl
6855,10,10,1.0,lateral,lateral
6856,87,46,1.891304347826087,cone,cone
6857,59,59,1.0,cone,cone
6858,40,26,1.5384615384615385,cone,cone
6859,78,72,1.0833333333333333,cone,cone
6860,67,28,2.392857142857143,jl,cone
6861,13,13,1.0,cone,cone
6862,18,20,0.9,jl,cone
6863,11,12,0.9166666666666666,lateral,lateral
6864,25,22,1.1363636363636365,cone,cone
6865,58,57,1.0175438596491229,cone,cone
6866,49,52,0.9423076923076923,jl,cone
6867,34,43,0.7906976744186046,jl,cone
6868,17,17,1.0,cone,cone
6869,39,38,1.0263157894736843,cone,cone
6870,53,36,1.4722222222222223,cone,cone
6871,33,33,1.0,lateral,lateral
6872,30,23,1.3043478260869565,jl,cone
6873,32,31,1.032258064516129,cone,cone
6874,18,18,1.0,lateral,lateral
6875,89,68,1.3088235294117647,cone,cone
6876,14,13,1.0769230769230769,cone,cone
6877,43,48,0.8958333333333334,jl,cone
6878,28,30,0.9333333333333333,collision,cone
6879,24,21,1.1428571428571428,cone,cone
6880,33,27,1.2222222222222223,cone,cone
6881,25,82,0.3048780487804878,jl,cone
6882,31,31,1.0,lateral,lateral
6883,41,47,0.8723404255319149,jl,lateral
6884,125,30,4.166666666666667,cone,cone
6885,28,28,1.0,cone,cone
6886,16,16,1.0,lateral,lateral
6887,21,20,1.05,cone,cone
6888,46,38,1.2105263157894737,cone,cone
6889,62,54,1.1481481481481481,cone,cone
6890,24,25,0.96,collision,cone
6891,52,44,1.1818181818181819,cone,cone
6892,33,22,1.5,cone,cone
6893,21,18,1.1666666666666667,collision,cone
6894,23,20,1.15,cone,cone
6895,47,28,1.6785714285714286,cone,cone
6896,34,28,1.2142857142857142,cone,cone
6897,3,48,0.0625,jl,cone
6898,44,39,1.1282051282051282,cone,cone
6899,45,14,3.2142857142857144,cone,cone
6900,50,38,1.3157894736842106,cone,cone
6901,30,30,1.0,lateral,lateral
6902,19,17,1.1176470588235294,cone,cone
6903,36,26,1.3846153846153846,cone,cone
6904,84,40,2.1,lateral,cone
6905,70,69,1.0144927536231885,cone,cone
6906,58,51,1.1372549019607843,cone,cone
6907,20,26,0.7692307692307693,collision,cone
6908,23,25,0.92,cone,cone
6909,61,46,1.326086956521739,cone,cone
6910,80,35,2.2857142857142856,cone,cone
6911,40,28,1.4285714285714286,jl,cone
6912,27,24,1.125,cone,cone
6913,94,39,2.41025641025641,cone,cone
6914,53,40,1.325,cone,cone
6915,50,41,1.2195121951219512,cone,cone
6916,69,68,1.0147058823529411,lateral,lateral
6917,42,29,1.4482758620689655,cone,cone
6918,22,22,1.0,cone,cone
6919,12,22,0.5454545454545454,jl,cone
6920,25,24,1.0416666666666667,cone,cone
6921,31,28,1.1071428571428572,jl,cone
6922,121,36,3.361111111111111,cone,cone
6923,24,24,1.0,jl,cone
6924,40,40,1.0,cone,cone
6925,22,17,1.2941176470588236,cone,jl
6926,91,71,1.2816901408450705,cone,cone
6927,23,19,1.2105263157894737,cone,cone
6928,50,44,1.1363636363636365,jl,cone
6929,24,38,0.631578947368421,jl,cone
6930,19,17,1.1176470588235294,cone,cone
6931,35,32,1.09375,cone,cone
6932,90,39,2.3076923076923075,lateral,cone
6933,42,37,1.135135135135135,lateral,cone
6934,39,38,1.0263157894736843,cone,cone
6935,27,26,1.0384615384615385,jl,cone
6936,93,31,3.0,jl,cone
6937,34,28,1.2142857142857142,cone,cone
6938,48,36,1.3333333333333333,jl,cone
6939,48,34,1.411764705882353,cone,cone
6940,21,21,1.0,cone,cone
6941,35,17,2.0588235294117645,cone,jl
6942,36,28,1.2857142857142858,cone,cone
6943,51,48,1.0625,cone,cone
6944,29,20,1.45,cone,cone
6945,33,42,0.7857142857142857,collision,collision
6946,18,19,0.9473684210526315,cone,cone
6947,25,24,1.0416666666666667,cone,cone
6948,51,25,2.04,jl,cone
6949,47,47,1.0,cone,cone
6950,31,26,1.1923076923076923,cone,cone
6951,32,25,1.28,cone,cone
6952,27,32,0.84375,jl,jl
6953,67,69,0.9710144927536232,cone,lateral
6954,34,27,1.2592592592592593,cone,cone
6955,39,44,0.8863636363636364,cone,cone
6956,93,89,1.0449438202247192,cone,cone
6957,14,13,1.0769230769230769,cone,cone
6958,21,20,1.05,cone,cone
6959,70,70,1.0,lateral,lateral
6960,30,26,1.1538461538461537,cone,cone
6961,62,44,1.4090909090909092,cone,cone
6962,48,41,1.170731707317073,cone,cone
6963,19,17,1.1176470588235294,cone,cone
6964,70,61,1.1475409836065573,jl,cone
6965,49,37,1.3243243243243243,cone,cone
6966,45,34,1.3235294117647058,cone,cone
6967,56,29,1.9310344827586208,jl,cone
6968,30,36,0.8333333333333334,jl,cone
6969,50,27,1.8518518518518519,jl,cone
6970,40,81,0.49382716049382713,jl,cone
6971,37,29,1.2758620689655173,cone,cone
6972,50,29,1.7241379310344827,cone,cone
6973,16,16,1.0,cone,cone
6974,14,29,0.4827586206896552,jl,cone
6975,8,14,0.5714285714285714,jl,cone
6976,76,14,5.428571428571429,cone,cone
6977,39,25,1.56,cone,cone
6978,5,15,0.3333333333333333,jl,jl
6979,24,22,1.0909090909090908,cone,cone
6980,95,36,2.638888888888889,jl,cone
6981,32,23,1.391304347826087,cone,cone
6982,28,25,1.12,cone,cone
6983,29,29,1.0,jl,cone
6984,23,24,0.9583333333333334,lateral,lateral
6985,39,30,1.3,cone,cone
6986,30,30,1.0,cone,cone
6987,59,40,1.475,cone,cone
6988,49,37,1.3243243243243243,cone,cone
6989,31,28,1.1071428571428572,cone,cone
6990,47,40,1.175,cone,cone
6991,33,21,1.5714285714285714,cone,cone
6992,52,25,2.08,cone,cone
6993,25,29,0.8620689655172413,jl,jl
6994,17,17,1.0,cone,cone
6995,21,20,1.05,cone,cone
6996,17,14,1.2142857142857142,cone,cone
6997,33,23,1.434782608695652,cone,cone
6998,25,34,0.7352941176470589,jl,jl
6999,65,62,1.0483870967741935,cone,cone
7000,17,16,1.0625,jl,jl
7001,65,61,1.0655737704918034,cone,cone
7002,33,27,1.2222222222222223,cone,cone
7003,7,10,0.7,collision,collision
7004,84,43,1.9534883720930232,cone,cone
7005,10,10,1.0,lateral,lateral
7006,20,27,0.7407407407407407,jl,cone
7007,13,15,0.8666666666666667,jl,jl
7008,68,52,1.3076923076923077,cone,cone
7009,41,24,1.7083333333333333,cone,cone
7010,14,14,1.0,lateral,lateral
7011,39,38,1.0263157894736843,cone,cone
7012,19,18,1.0555555555555556,cone,cone
7013,50,56,0.8928571428571429,jl,jl
7014,44,44,1.0,cone,cone
7015,62,56,1.1071428571428572,jl,cone
7016,67,48,1.3958333333333333,cone,cone
7017,31,28,1.1071428571428572,cone,cone
7018,14,17,0.8235294117647058,jl,cone
7019,21,16,1.3125,cone,cone
7020,97,108,0.8981481481481481,cone,jl
7021,55,30,1.8333333333333333,cone,cone
7022,77,70,1.1,cone,cone
7023,6,10,0.6,jl,jl
7024,35,52,0.6730769230769231,jl,lateral
7025,13,21,0.6190476190476191,jl,cone
7026,77,72,1.0694444444444444,lateral,cone
7027,63,46,1.3695652173913044,lateral,cone
7028,21,18,1.1666666666666667,cone,cone
7029,34,29,1.1724137931034482,cone,cone
7030,80,32,2.5,cone,cone
7031,7,61,0.11475409836065574,jl,cone
7032,34,27,1.2592592592592593,jl,cone
7033,33,26,1.2692307692307692,jl,cone
7034,50,28,1.7857142857142858,cone,cone
7035,32,30,1.0666666666666667,jl,cone
7036,31,24,1.2916666666666667,cone,cone
7037,31,31,1.0,cone,cone
7038,26,25,1.04,cone,cone
7039,25,21,1.1904761904761905,collision,collision
7040,43,38,1.131578947368421,cone,cone
7041,68,43,1.5813953488372092,cone,cone
7042,36,36,1.0,lateral,cone
7043,25,21,1.1904761904761905,jl,jl
7044,39,22,1.7727272727272727,cone,cone
7045,13,11,1.1818181818181819,lateral,jl
7046,24,26,0.9230769230769231,cone,cone
7047,55,44,1.25,cone,cone
7048,47,46,1.0217391304347827,lateral,lateral
7049,61,31,1.967741935483871,cone,cone
7050,20,31,0.6451612903225806,jl,jl
7051,70,69,1.0144927536231885,cone,cone
7052,94,83,1.1325301204819278,cone,cone
7053,36,31,1.1612903225806452,cone,cone
7054,29,25,1.16,cone,cone
7055,56,47,1.1914893617021276,cone,cone
7056,36,36,1.0,lateral,lateral
7057,65,40,1.625,cone,cone
7058,25,28,0.8928571428571429,jl,cone
7059,74,46,1.608695652173913,cone,cone
7060,74,48,1.5416666666666667,cone,cone
7061,26,23,1.1304347826086956,cone,cone
7062,23,21,1.0952380952380953,cone,cone
7063,21,20,1.05,cone,cone
7064,11,21,0.5238095238095238,jl,jl
7065,31,26,1.1923076923076923,cone,cone
7066,23,21,1.0952380952380953,cone,cone
7067,30,30,1.0,lateral,lateral
7068,33,27,1.2222222222222223,cone,cone
7069,64,49,1.3061224489795917,cone,cone
7070,14,19,0.7368421052631579,collision,cone
7071,63,60,1.05,cone,cone
7072,2,13,0.15384615384615385,jl,jl
7073,22,33,0.6666666666666666,cone,cone
7074,19,19,1.0,cone,cone
7075,38,32,1.1875,cone,cone
7076,25,25,1.0,cone,cone
7077,95,43,2.2093023255813953,cone,cone
7078,15,10,1.5,cone,cone
7079,9,13,0.6923076923076923,jl,jl
7080,44,42,1.0476190476190477,cone,cone
7081,63,51,1.2352941176470589,cone,cone
7082,53,52,1.0192307692307692,lateral,lateral
7083,27,24,1.125,cone,cone
7084,78,38,2.0526315789473686,cone,cone
7085,15,14,1.0714285714285714,jl,jl
7086,44,40,1.1,cone,cone
7087,53,51,1.0392156862745099,lateral,lateral
7088,16,14,1.1428571428571428,cone,cone
7089,30,52,0.5769230769230769,jl,cone
7090,35,38,0.9210526315789473,jl,cone
7091,12,12,1.0,cone,cone
7092,23,20,1.15,cone,cone
7093,16,10,1.6,jl,jl
7094,27,23,1.173913043478261,cone,cone
7095,20,20,1.0,cone,cone
7096,37,26,1.4230769230769231,cone,cone
7097,35,29,1.206896551724138,cone,cone
7098,92,71,1.295774647887324,cone,jl
7099,68,68,1.0,lateral,cone
7100,24,21,1.1428571428571428,cone,cone
7101,13,16,0.8125,collision,collision
7102,13,14,0.9285714285714286,jl,jl
7103,27,28,0.9642857142857143,cone,cone
7104,92,86,1.069767441860465,cone,cone
7105,36,30,1.2,cone,cone
7106,22,24,0.9166666666666666,cone,cone
7107,19,16,1.1875,lateral,lateral
7108,74,59,1.2542372881355932,cone,cone
7109,5,24,0.20833333333333334,jl,cone
7110,17,17,1.0,cone,cone
7111,35,36,0.9722222222222222,cone,cone
7112,25,22,1.1363636363636365,cone,cone
7113,12,18,0.6666666666666666,collision,collision
7114,7,11,0.6363636363636364,collision,collision
7115,76,77,0.987012987012987,cone,cone
7116,16,16,1.0,cone,cone
7117,18,18,1.0,cone,cone
7118,28,24,1.1666666666666667,cone,cone
7119,16,10,1.6,jl,jl
7120,45,40,1.125,cone,cone
7121,23,23,1.0,lateral,lateral
7122,34,26,1.3076923076923077,cone,cone
7123,7,34,0.20588235294117646,jl,cone
7124,23,22,1.0454545454545454,cone,cone
7125,51,47,1.0851063829787233,jl,cone
7126,27,38,0.7105263157894737,jl,cone
7127,27,24,1.125,cone,cone
7128,13,23,0.5652173913043478,jl,cone
7129,20,20,1.0,cone,cone
7130,102,34,3.0,cone,cone
7131,13,13,1.0,lateral,lateral
7132,62,58,1.0689655172413792,cone,cone
7133,65,44,1.4772727272727273,cone,cone
7134,1,20,0.05,jl,cone
7135,84,60,1.4,cone,cone
7136,41,36,1.1388888888888888,cone,cone
7137,20,19,1.0526315789473684,cone,cone
7138,48,33,1.4545454545454546,cone,cone
7139,53,49,1.0816326530612246,cone,cone
7140,12,11,1.0909090909090908,cone,cone
7141,125,28,4.464285714285714,jl,cone
7142,2,45,0.044444444444444446,jl,cone
7143,19,20,0.95,cone,cone
7144,26,21,1.2380952380952381,cone,cone
7145,19,19,1.0,cone,cone
7146,36,31,1.1612903225806452,cone,cone
7147,89,57,1.5614035087719298,cone,cone
7148,31,40,0.775,jl,cone
7149,23,19,1.2105263157894737,cone,cone
7150,32,24,1.3333333333333333,cone,cone
7151,24,24,1.0,lateral,lateral
7152,9,14,0.6428571428571429,jl,jl
7153,72,66,1.0909090909090908,cone,cone
7154,58,44,1.3181818181818181,cone,cone
7155,40,36,1.1111111111111112,collision,cone
7156,54,30,1.8,cone,cone
7157,64,15,4.266666666666667,jl,collision
7158,47,44,1.0681818181818181,cone,cone
7159,61,56,1.0892857142857142,cone,cone
7160,39,37,1.054054054054054,cone,cone
7161,15,17,0.8823529411764706,jl,jl
7162,52,40,1.3,cone,cone
7163,61,47,1.297872340425532,cone,cone
7164,61,49,1.2448979591836735,cone,cone
7165,86,78,1.1025641025641026,cone,cone
7166,22,42,0.5238095238095238,jl,jl
7167,43,47,0.9148936170212766,cone,cone
7168,49,35,1.4,collision,cone
7169,40,40,1.0,lateral,cone
7170,21,27,0.7777777777777778,cone,cone
7171,67,43,1.558139534883721,jl,cone
7172,39,37,1.054054054054054,cone,cone
7173,34,23,1.4782608695652173,cone,cone
7174,93,59,1.576271186440678,cone,cone
7175,43,29,1.4827586206896552,cone,cone
7176,69,47,1.4680851063829787,cone,cone
7177,76,48,1.5833333333333333,cone,cone
7178,59,50,1.18,cone,cone
7179,37,35,1.0571428571428572,cone,cone
7180,16,37,0.43243243243243246,jl,cone
7181,21,21,1.0,cone,cone
7182,43,40,1.075,jl,cone
7183,36,33,1.0909090909090908,lateral,cone
7184,93,79,1.1772151898734178,lateral,cone
7185,16,24,0.6666666666666666,jl,cone
7186,101,29,3.4827586206896552,jl,cone
7187,93,56,1.6607142857142858,cone,jl
7188,66,65,1.0153846153846153,lateral,lateral
7189,26,24,1.0833333333333333,cone,jl
7190,77,41,1.8780487804878048,jl,cone
7191,47,39,1.205128205128205,cone,cone
7192,83,43,1.930232558139535,cone,cone
7193,21,22,0.9545454545454546,cone,cone
7194,60,51,1.1764705882352942,cone,cone
7195,88,19,4.631578947368421,cone,cone
7196,52,55,0.9454545454545454,cone,cone
7197,23,17,1.3529411764705883,cone,cone
7198,42,37,1.135135135135135,cone,cone
7199,66,53,1.2452830188679245,cone,cone
7200,68,41,1.6585365853658536,cone,cone
7201,36,33,1.0909090909090908,cone,cone
7202,20,18,1.1111111111111112,cone,cone
7203,42,34,1.2352941176470589,cone,cone
7204,110,30,3.6666666666666665,lateral,cone
7205,17,17,1.0,cone,cone
7206,18,17,1.0588235294117647,cone,cone
7207,4,28,0.14285714285714285,jl,cone
7208,66,66,1.0,lateral,lateral
7209,77,33,2.3333333333333335,cone,cone
7210,23,21,1.0952380952380953,cone,cone
7211,45,43,1.0465116279069768,cone,cone
7212,29,23,1.2608695652173914,cone,cone
7213,19,18,1.0555555555555556,cone,cone
7214,24,26,0.9230769230769231,cone,cone
7215,13,32,0.40625,jl,cone
7216,22,20,1.1,cone,cone
7217,34,30,1.1333333333333333,cone,cone
7218,36,31,1.1612903225806452,cone,cone
7219,13,17,0.7647058823529411,jl,jl
7220,35,46,0.7608695652173914,cone,cone
7221,4,32,0.125,jl,cone
7222,62,44,1.4090909090909092,cone,cone
7223,55,53,1.0377358490566038,cone,cone
7224,15,15,1.0,lateral,lateral
7225,23,23,1.0,cone,cone
7226,92,46,2.0,lateral,cone
7227,18,66,0.2727272727272727,jl,cone
7228,54,40,1.35,cone,cone
7229,24,24,1.0,lateral,lateral
7230,53,54,0.9814814814814815,lateral,lateral
7231,27,24,1.125,cone,cone
7232,31,26,1.1923076923076923,cone,cone
7233,14,21,0.6666666666666666,jl,cone
7234,33,31,1.064516129032258,collision,cone
7235,10,13,0.7692307692307693,jl,jl
7236,52,35,1.4857142857142858,cone,cone
7237,29,34,0.8529411764705882,jl,jl
7238,32,30,1.0666666666666667,lateral,cone
7239,5,12,0.4166666666666667,jl,jl
7240,39,35,1.1142857142857143,jl,cone
7241,73,59,1.2372881355932204,cone,cone
7242,64,55,1.1636363636363636,cone,cone
7243,63,59,1.0677966101694916,cone,cone
7244,39,28,1.3928571428571428,cone,cone
7245,18,23,0.782608695652174,jl,cone
7246,19,19,1.0,jl,cone
7247,51,38,1.3421052631578947,jl,cone
7248,41,26,1.5769230769230769,cone,cone
7249,38,30,1.2666666666666666,cone,cone
7250,11,11,1.0,cone,cone
7251,65,52,1.25,cone,cone
7252,88,41,2.1463414634146343,cone,cone
7253,24,24,1.0,cone,cone
7254,39,29,1.3448275862068966,cone,cone
7255,25,24,1.0416666666666667,cone,jl
7256,46,43,1.069767441860465,cone,cone
7257,28,24,1.1666666666666667,cone,cone
7258,29,50,0.58,jl,lateral
7259,60,63,0.9523809523809523,jl,lateral
7260,64,46,1.391304347826087,cone,cone
7261,22,22,1.0,cone,cone
7262,37,31,1.1935483870967742,cone,cone
7263,28,29,0.9655172413793104,cone,cone
7264,24,24,1.0,lateral,lateral
7265,13,54,0.24074074074074073,jl,cone
7266,45,44,1.0227272727272727,cone,cone
7267,60,32,1.875,jl,cone
7268,45,37,1.2162162162162162,cone,cone
7269,94,72,1.3055555555555556,cone,cone
7270,21,19,1.105263157894737,cone,cone
7271,46,36,1.2777777777777777,cone,cone
7272,98,72,1.3611111111111112,cone,cone
7273,47,34,1.3823529411764706,cone,cone
7274,37,33,1.121212121212121,cone,cone
7275,64,51,1.2549019607843137,cone,cone
7276,80,79,1.0126582278481013,lateral,lateral
7277,28,22,1.2727272727272727,cone,cone
7278,7,56,0.125,jl,cone
7279,21,23,0.9130434782608695,cone,cone
7280,78,34,2.2941176470588234,cone,cone
7281,42,37,1.135135135135135,cone,cone
7282,60,27,2.2222222222222223,cone,cone
7283,62,56,1.1071428571428572,cone,cone
7284,33,29,1.1379310344827587,cone,cone
7285,52,50,1.04,cone,cone
7286,50,50,1.0,cone,cone
7287,9,42,0.21428571428571427,jl,cone
7288,30,27,1.1111111111111112,cone,cone
7289,32,29,1.103448275862069,cone,cone
7290,45,31,1.4516129032258065,cone,cone
7291,55,34,1.6176470588235294,lateral,jl
7292,7,14,0.5,jl,jl
7293,44,33,1.3333333333333333,cone,cone
7294,58,56,1.0357142857142858,cone,cone
7295,23,26,0.8846153846153846,cone,cone
7296,55,27,2.037037037037037,cone,cone
7297,54,58,0.9310344827586207,cone,cone
7298,47,40,1.175,cone,cone
7299,6,38,0.15789473684210525,jl,cone
7300,55,51,1.0784313725490196,jl,cone
7301,21,21,1.0,lateral,lateral
7302,17,12,1.4166666666666667,jl,jl
7303,10,20,0.5,jl,jl
7304,33,26,1.2692307692307692,cone,jl
7305,29,27,1.0740740740740742,cone,cone
7306,41,37,1.1081081081081081,cone,cone
7307,69,60,1.15,cone,cone
7308,57,38,1.5,cone,cone
7309,22,21,1.0476190476190477,cone,cone
7310,38,47,0.8085106382978723,jl,cone
7311,25,25,1.0,cone,cone
7312,24,25,0.96,cone,cone
7313,34,34,1.0,cone,cone
7314,11,11,1.0,lateral,lateral
7315,44,42,1.0476190476190477,jl,cone
7316,76,51,1.4901960784313726,jl,cone
7317,20,19,1.0526315789473684,jl,jl
7318,22,34,0.6470588235294118,jl,jl
7319,48,22,2.1818181818181817,cone,cone
7320,26,22,1.1818181818181819,cone,cone
7321,45,35,1.2857142857142858,cone,cone
7322,67,59,1.1355932203389831,cone,cone
7323,39,31,1.2580645161290323,cone,cone
7324,39,33,1.1818181818181819,cone,cone
7325,35,26,1.3461538461538463,cone,cone
7326,27,24,1.125,cone,cone
7327,31,22,1.4090909090909092,cone,cone
7328,49,30,1.6333333333333333,lateral,cone
7329,19,17,1.1176470588235294,cone,cone
7330,3,26,0.11538461538461539,jl,jl
7331,35,40,0.875,jl,cone
7332,48,44,1.0909090909090908,cone,cone
7333,48,48,1.0,lateral,lateral
7334,108,12,9.0,cone,jl
7335,26,25,1.04,cone,cone
7336,17,19,0.8947368421052632,cone,cone
7337,28,24,1.1666666666666667,cone,cone
7338,15,15,1.0,lateral,lateral
7339,33,37,0.8918918918918919,cone,cone
7340,14,15,0.9333333333333333,cone,cone
7341,79,77,1.025974025974026,cone,cone
7342,10,10,1.0,cone,cone
7343,55,55,1.0,lateral,lateral
7344,65,41,1.5853658536585367,cone,cone
7345,71,53,1.3396226415094339,cone,cone
7346,59,52,1.1346153846153846,cone,cone
7347,28,29,0.9655172413793104,cone,cone
7348,67,37,1.8108108108108107,cone,cone
7349,45,39,1.1538461538461537,lateral,cone
7350,49,48,1.0208333333333333,cone,cone
7351,57,45,1.2666666666666666,cone,cone
7352,21,22,0.9545454545454546,cone,cone
7353,81,62,1.3064516129032258,cone,cone
7354,39,33,1.1818181818181819,cone,cone
7355,54,32,1.6875,cone,cone
7356,99,39,2.5384615384615383,cone,cone
7357,49,48,1.0208333333333333,cone,cone
7358,82,67,1.2238805970149254,cone,cone
7359,34,32,1.0625,cone,cone
7360,18,18,1.0,cone,cone
7361,45,40,1.125,cone,cone
7362,7,9,0.7777777777777778,jl,jl
7363,64,55,1.1636363636363636,cone,cone
7364,37,29,1.2758620689655173,jl,jl
7365,38,38,1.0,cone,cone
7366,38,41,0.926829268292683,jl,jl
7367,12,11,1.0909090909090908,jl,jl
7368,10,10,1.0,lateral,lateral
7369,27,24,1.125,cone,cone
7370,30,26,1.1538461538461537,cone,cone
7371,53,47,1.127659574468085,cone,cone
7372,95,61,1.5573770491803278,cone,cone
7373,62,42,1.4761904761904763,cone,cone
7374,26,22,1.1818181818181819,cone,cone
7375,26,23,1.1304347826086956,cone,cone
7376,46,27,1.7037037037037037,cone,cone
7377,68,63,1.0793650793650793,cone,cone
7378,58,37,1.5675675675675675,cone,cone
7379,34,26,1.3076923076923077,cone,cone
7380,81,48,1.6875,lateral,cone
7381,36,32,1.125,cone,cone
7382,39,35,1.1142857142857143,cone,cone
7383,31,28,1.1071428571428572,cone,cone
7384,40,40,1.0,lateral,lateral
7385,63,55,1.1454545454545455,jl,cone
7386,44,33,1.3333333333333333,cone,cone
7387,35,26,1.3461538461538463,lateral,cone
7388,20,21,0.9523809523809523,jl,cone
7389,18,18,1.0,lateral,lateral
7390,61,26,2.3461538461538463,jl,cone
7391,38,30,1.2666666666666666,cone,cone
7392,34,31,1.096774193548387,cone,cone
7393,23,19,1.2105263157894737,cone,cone
7394,16,41,0.3902439024390244,jl,jl
7395,51,48,1.0625,jl,jl
7396,16,13,1.2307692307692308,jl,jl
7397,22,20,1.1,cone,cone
7398,22,20,1.1,cone,cone
7399,34,36,0.9444444444444444,cone,cone
7400,17,17,1.0,cone,cone
7401,19,21,0.9047619047619048,jl,jl
7402,26,29,0.896551724137931,jl,cone
7403,48,37,1.2972972972972974,cone,cone
7404,36,59,0.6101694915254238,jl,cone
7405,31,23,1.3478260869565217,cone,cone
7406,37,25,1.48,jl,cone
7407,19,19,1.0,cone,cone
7408,38,38,1.0,lateral,lateral
7409,78,72,1.0833333333333333,cone,cone
7410,29,32,0.90625,cone,cone
7411,20,19,1.0526315789473684,cone,cone
7412,16,15,1.0666666666666667,cone,cone
7413,31,32,0.96875,lateral,lateral
7414,21,27,0.7777777777777778,jl,cone
7415,22,21,1.0476190476190477,cone,cone
7416,42,29,1.4482758620689655,jl,cone
7417,20,14,1.4285714285714286,jl,jl
7418,70,56,1.25,cone,cone
7419,11,11,1.0,jl,jl
7420,23,45,0.5111111111111111,jl,cone
7421,20,20,1.0,cone,cone
7422,57,48,1.1875,cone,jl
7423,48,44,1.0909090909090908,cone,cone
7424,22,25,0.88,cone,cone
7425,1,25,0.04,jl,jl
7426,65,63,1.0317460317460319,cone,cone
7427,38,27,1.4074074074074074,jl,jl
7428,37,34,1.088235294117647,cone,cone
7429,84,39,2.1538461538461537,cone,cone
7430,44,32,1.375,cone,cone
7431,20,11,1.8181818181818181,jl,jl
7432,50,42,1.1904761904761905,jl,cone
7433,74,58,1.2758620689655173,cone,cone
7434,21,17,1.2352941176470589,cone,cone
7435,11,11,1.0,lateral,lateral
7436,44,19,2.3157894736842106,cone,jl
7437,35,27,1.2962962962962963,jl,cone
7438,53,43,1.2325581395348837,cone,cone
7439,23,22,1.0454545454545454,cone,cone
7440,78,41,1.9024390243902438,cone,cone
7441,10,51,0.19607843137254902,jl,cone
7442,15,15,1.0,cone,cone
7443,20,20,1.0,lateral,lateral
7444,30,28,1.0714285714285714,cone,cone
7445,27,26,1.0384615384615385,cone,cone
7446,24,23,1.0434782608695652,cone,cone
7447,19,21,0.9047619047619048,jl,cone
7448,31,29,1.0689655172413792,cone,cone
7449,43,33,1.303030303030303,cone,cone
7450,118,28,4.214285714285714,cone,cone
7451,27,21,1.2857142857142858,cone,cone
7452,63,36,1.75,cone,cone
7453,18,18,1.0,cone,lateral
7454,13,13,1.0,jl,jl
7455,51,39,1.3076923076923077,cone,cone
7456,53,50,1.06,cone,cone
7457,81,67,1.208955223880597,cone,cone
7458,23,22,1.0454545454545454,cone,cone
7459,30,44,0.6818181818181818,jl,cone
7460,19,17,1.1176470588235294,cone,cone
7461,43,43,1.0,cone,cone
7462,92,41,2.2439024390243905,cone,cone
7463,24,23,1.0434782608695652,cone,cone
7464,27,25,1.08,cone,cone
7465,17,17,1.0,jl,jl
7466,36,25,1.44,collision,cone
7467,21,20,1.05,cone,cone
7468,10,12,0.8333333333333334,jl,cone
7469,28,24,1.1666666666666667,jl,jl
7470,85,75,1.1333333333333333,jl,cone
7471,47,44,1.0681818181818181,jl,jl
7472,69,54,1.2777777777777777,cone,cone
7473,63,53,1.1886792452830188,cone,cone
7474,28,33,0.8484848484848485,jl,jl
7475,45,38,1.1842105263157894,cone,cone
7476,75,37,2.027027027027027,cone,cone
7477,39,34,1.1470588235294117,lateral,cone
7478,1,13,0.07692307692307693,jl,jl
7479,39,32,1.21875,cone,cone
7480,27,29,0.9310344827586207,jl,jl
7481,40,39,1.0256410256410255,lateral,cone
7482,28,25,1.12,cone,cone
7483,7,14,0.5,jl,jl
7484,70,44,1.5909090909090908,jl,cone
7485,19,49,0.3877551020408163,jl,cone
7486,62,45,1.3777777777777778,cone,cone
7487,36,34,1.0588235294117647,cone,cone
7488,22,20,1.1,jl,cone
7489,21,27,0.7777777777777778,collision,cone
7490,18,18,1.0,cone,cone
7491,24,25,0.96,cone,cone
7492,44,45,0.9777777777777777,cone,cone
7493,45,35,1.2857142857142858,cone,cone
7494,61,35,1.7428571428571429,jl,cone
7495,29,27,1.0740740740740742,cone,cone
7496,37,33,1.121212121212121,jl,cone
7497,43,39,1.1025641025641026,cone,cone
7498,22,24,0.9166666666666666,jl,cone
7499,42,24,1.75,jl,cone
7500,42,16,2.625,cone,jl
7501,39,42,0.9285714285714286,cone,cone
7502,23,30,0.7666666666666667,jl,jl
7503,7,34,0.20588235294117646,jl,cone
7504,26,32,0.8125,jl,cone
7505,29,27,1.0740740740740742,cone,cone
7506,54,41,1.3170731707317074,cone,cone
7507,55,39,1.4102564102564104,jl,cone
7508,70,61,1.1475409836065573,cone,cone
7509,57,55,1.0363636363636364,jl,cone
7510,19,17,1.1176470588235294,cone,cone
7511,64,28,2.2857142857142856,cone,cone
7512,74,70,1.0571428571428572,cone,cone
7513,97,71,1.3661971830985915,cone,cone
7514,81,105,0.7714285714285715,jl,jl
7515,34,34,1.0,jl,cone
7516,58,53,1.0943396226415094,cone,cone
7517,55,52,1.0576923076923077,cone,cone
7518,88,41,2.1463414634146343,cone,cone
7519,51,34,1.5,jl,cone
7520,51,50,1.02,jl,jl
7521,10,10,1.0,cone,cone
7522,36,30,1.2,cone,cone
7523,86,56,1.5357142857142858,cone,cone
7524,8,70,0.11428571428571428,jl,lateral
7525,22,22,1.0,cone,cone
7526,53,51,1.0392156862745099,lateral,lateral
7527,49,37,1.3243243243243243,cone,cone
7528,9,18,0.5,jl,jl
7529,21,19,1.105263157894737,cone,cone
7530,30,21,1.4285714285714286,cone,cone
7531,32,31,1.032258064516129,cone,cone
7532,36,36,1.0,cone,cone
7533,63,63,1.0,lateral,lateral
7534,37,37,1.0,lateral,lateral
7535,53,58,0.9137931034482759,jl,jl
7536,89,54,1.6481481481481481,lateral,cone
7537,47,46,1.0217391304347827,cone,cone
7538,34,27,1.2592592592592593,cone,cone
7539,7,13,0.5384615384615384,jl,jl
7540,7,11,0.6363636363636364,jl,jl
7541,12,15,0.8,jl,cone
7542,27,26,1.0384615384615385,cone,cone
7543,8,23,0.34782608695652173,jl,cone
7544,29,28,1.0357142857142858,cone,cone
7545,14,18,0.7777777777777778,jl,cone
7546,33,33,1.0,lateral,lateral
7547,60,99,0.6060606060606061,jl,cone
7548,30,21,1.4285714285714286,cone,cone
7549,32,32,1.0,lateral,lateral
7550,41,23,1.7826086956521738,cone,cone
7551,57,23,2.4782608695652173,cone,cone
7552,90,52,1.7307692307692308,cone,cone
7553,54,34,1.588235294117647,jl,cone
7554,12,11,1.0909090909090908,collision,collision
7555,26,19,1.368421052631579,jl,jl
7556,40,40,1.0,lateral,lateral
7557,33,26,1.2692307692307692,jl,jl
7558,36,31,1.1612903225806452,jl,cone
7559,39,27,1.4444444444444444,cone,cone
7560,41,24,1.7083333333333333,cone,cone
7561,89,77,1.155844155844156,cone,cone
7562,50,34,1.4705882352941178,cone,cone
7563,17,17,1.0,cone,cone
7564,71,38,1.868421052631579,lateral,cone
7565,26,22,1.1818181818181819,cone,cone
7566,21,20,1.05,cone,cone
7567,25,22,1.1363636363636365,cone,cone
7568,21,28,0.75,jl,cone
7569,29,23,1.2608695652173914,cone,cone
7570,19,18,1.0555555555555556,cone,cone
7571,79,56,1.4107142857142858,cone,cone
7572,16,18,0.8888888888888888,jl,cone
7573,8,35,0.22857142857142856,jl,cone
7574,45,33,1.3636363636363635,jl,cone
7575,21,20,1.05,cone,cone
7576,56,45,1.2444444444444445,cone,cone
7577,54,42,1.2857142857142858,jl,cone
7578,52,32,1.625,cone,cone
7579,26,25,1.04,cone,cone
7580,21,27,0.7777777777777778,jl,cone
7581,28,24,1.1666666666666667,cone,cone
7582,33,34,0.9705882352941176,cone,cone
7583,24,24,1.0,lateral,lateral
7584,75,52,1.4423076923076923,lateral,cone
7585,18,15,1.2,jl,collision
7586,95,74,1.2837837837837838,cone,cone
7587,89,35,2.5428571428571427,cone,cone
7588,64,65,0.9846153846153847,cone,cone
7589,44,25,1.76,cone,cone
7590,64,49,1.3061224489795917,cone,cone
7591,32,28,1.1428571428571428,cone,cone
7592,14,20,0.7,jl,cone
7593,104,104,1.0,cone,cone
7594,31,64,0.484375,jl,cone
7595,67,47,1.425531914893617,jl,cone
7596,22,20,1.1,cone,cone
7597,23,23,1.0,jl,lateral
7598,20,23,0.8695652173913043,jl,cone
7599,33,19,1.736842105263158,jl,cone
7600,28,26,1.0769230769230769,cone,cone
7601,84,22,3.8181818181818183,cone,cone
7602,55,54,1.0185185185185186,cone,cone
7603,40,39,1.0256410256410255,jl,jl
7604,53,37,1.4324324324324325,cone,cone
7605,45,32,1.40625,cone,cone
7606,20,23,0.8695652173913043,cone,cone
7607,95,51,1.8627450980392157,jl,cone
7608,14,14,1.0,cone,cone
7609,37,32,1.15625,cone,cone
7610,24,24,1.0,lateral,lateral
7611,64,19,3.3684210526315788,cone,cone
7612,26,20,1.3,cone,cone
7613,14,16,0.875,jl,jl
7614,17,17,1.0,jl,jl
7615,14,13,1.0769230769230769,cone,cone
7616,55,42,1.3095238095238095,cone,cone
7617,68,43,1.5813953488372092,cone,cone
7618,54,47,1.148936170212766,cone,cone
7619,75,32,2.34375,jl,cone
7620,37,25,1.48,cone,cone
7621,27,20,1.35,cone,cone
7622,18,19,0.9473684210526315,jl,cone
7623,11,24,0.4583333333333333,jl,jl
7624,19,18,1.0555555555555556,cone,cone
7625,23,22,1.0454545454545454,cone,cone
7626,75,27,2.7777777777777777,cone,cone
7627,13,12,1.0833333333333333,jl,jl
7628,38,32,1.1875,cone,cone
7629,35,30,1.1666666666666667,cone,cone
7630,29,26,1.1153846153846154,cone,cone
7631,16,16,1.0,cone,cone
7632,26,15,1.7333333333333334,collision,cone
7633,29,35,0.8285714285714286,jl,jl
7634,27,26,1.0384615384615385,collision,cone
7635,21,19,1.105263157894737,jl,cone
7636,108,33,3.272727272727273,cone,cone
7637,11,10,1.1,cone,jl
7638,35,25,1.4,cone,cone
7639,91,80,1.1375,cone,cone
7640,67,61,1.098360655737705,cone,cone
7641,68,45,1.511111111111111,cone,cone
7642,50,31,1.6129032258064515,cone,cone
7643,4,25,0.16,jl,cone
7644,22,30,0.7333333333333333,jl,cone
7645,22,22,1.0,lateral,lateral
7646,32,30,1.0666666666666667,collision,cone
7647,22,31,0.7096774193548387,jl,jl
7648,22,22,1.0,lateral,lateral
7649,26,25,1.04,cone,cone
7650,12,12,1.0,cone,cone
7651,23,22,1.0454545454545454,cone,cone
7652,26,24,1.0833333333333333,cone,cone
7653,34,34,1.0,lateral,lateral
7654,26,22,1.1818181818181819,lateral,cone
7655,9,30,0.3,jl,jl
7656,24,25,0.96,cone,cone
7657,52,44,1.1818181818181819,cone,cone
7658,18,27,0.6666666666666666,jl,cone
7659,13,13,1.0,lateral,lateral
7660,44,42,1.0476190476190477,cone,cone
7661,61,51,1.196078431372549,cone,cone
7662,38,33,1.1515151515151516,cone,cone
7663,72,53,1.3584905660377358,cone,cone
7664,77,17,4.529411764705882,cone,jl
7665,44,50,0.88,jl,jl
7666,32,24,1.3333333333333333,cone,cone
7667,18,18,1.0,cone,cone
7668,50,47,1.0638297872340425,cone,cone
7669,57,55,1.0363636363636364,cone,cone
7670,61,53,1.150943396226415,jl,cone
7671,48,35,1.3714285714285714,jl,cone
7672,71,41,1.7317073170731707,cone,cone
7673,29,21,1.380952380952381,cone,cone
7674,27,21,1.2857142857142858,cone,cone
7675,25,30,0.8333333333333334,jl,cone
7676,25,27,0.9259259259259259,cone,cone
7677,7,16,0.4375,jl,jl
7678,34,34,1.0,lateral,lateral
7679,94,25,3.76,cone,cone
7680,47,26,1.8076923076923077,cone,cone
7681,20,29,0.6896551724137931,jl,cone
7682,42,35,1.2,cone,cone
7683,84,70,1.2,cone,cone
7684,72,55,1.309090909090909,cone,cone
7685,105,42,2.5,cone,cone
7686,27,23,1.173913043478261,cone,cone
7687,68,33,2.0606060606060606,cone,cone
7688,52,40,1.3,cone,cone
7689,21,20,1.05,cone,cone
7690,23,21,1.0952380952380953,cone,cone
7691,104,90,1.1555555555555554,cone,cone
7692,56,56,1.0,lateral,lateral
7693,25,21,1.1904761904761905,cone,cone
7694,32,28,1.1428571428571428,cone,cone
7695,23,25,0.92,jl,cone
7696,36,44,0.8181818181818182,jl,jl
7697,73,35,2.085714285714286,cone,cone
7698,12,37,0.32432432432432434,jl,cone
7699,61,62,0.9838709677419355,lateral,cone
7700,48,39,1.2307692307692308,cone,cone
7701,11,11,1.0,jl,jl
7702,66,51,1.2941176470588236,jl,jl
7703,39,39,1.0,lateral,lateral
7704,71,47,1.5106382978723405,cone,cone
7705,54,30,1.8,cone,cone
7706,109,36,3.0277777777777777,cone,cone
7707,20,18,1.1111111111111112,jl,jl
7708,50,33,1.5151515151515151,cone,cone
7709,23,21,1.0952380952380953,jl,jl
7710,39,30,1.3,cone,cone
7711,17,25,0.68,collision,collision
7712,22,22,1.0,jl,jl
7713,87,52,1.6730769230769231,cone,cone
7714,36,31,1.1612903225806452,cone,cone
7715,40,30,1.3333333333333333,cone,cone
7716,87,85,1.0235294117647058,lateral,cone
7717,5,24,0.20833333333333334,jl,cone
7718,64,61,1.0491803278688525,cone,cone
7719,108,28,3.857142857142857,lateral,cone
7720,25,25,1.0,jl,cone
7721,79,75,1.0533333333333332,cone,cone
7722,28,28,1.0,cone,cone
7723,9,19,0.47368421052631576,jl,jl
7724,31,32,0.96875,lateral,lateral
7725,77,73,1.0547945205479452,cone,cone
7726,24,20,1.2,cone,cone
7727,29,31,0.9354838709677419,jl,jl
7728,69,38,1.8157894736842106,jl,cone
7729,21,20,1.05,cone,cone
7730,24,21,1.1428571428571428,cone,cone
7731,25,24,1.0416666666666667,cone,cone
7732,22,18,1.2222222222222223,lateral,jl
7733,21,20,1.05,cone,cone
7734,33,26,1.2692307692307692,cone,cone
7735,69,22,3.1363636363636362,jl,cone
7736,26,23,1.1304347826086956,cone,cone
7737,74,61,1.2131147540983607,cone,cone
7738,64,51,1.2549019607843137,jl,cone
7739,24,21,1.1428571428571428,cone,cone
7740,24,26,0.9230769230769231,cone,cone
7741,69,58,1.1896551724137931,cone,cone
7742,49,43,1.1395348837209303,cone,cone
7743,46,43,1.069767441860465,cone,cone
7744,35,25,1.4,cone,cone
7745,33,32,1.03125,cone,cone
7746,14,24,0.5833333333333334,jl,jl
7747,71,70,1.0142857142857142,cone,cone
7748,22,22,1.0,lateral,lateral
7749,92,40,2.3,lateral,cone
7750,30,30,1.0,cone,cone
7751,61,39,1.564102564102564,cone,cone
7752,31,32,0.96875,lateral,lateral
7753,43,34,1.2647058823529411,cone,cone
7754,71,13,5.461538461538462,cone,jl
7755,21,20,1.05,cone,cone
7756,27,29,0.9310344827586207,jl,jl
7757,18,39,0.46153846153846156,jl,cone
7758,43,36,1.1944444444444444,cone,cone
7759,71,66,1.0757575757575757,cone,cone
7760,80,34,2.3529411764705883,cone,cone
7761,23,23,1.0,lateral,lateral
7762,5,13,0.38461538461538464,jl,jl
7763,28,44,0.6363636363636364,jl,jl
7764,62,31,2.0,cone,cone
7765,50,31,1.6129032258064515,cone,cone
7766,46,45,1.0222222222222221,lateral,cone
7767,34,32,1.0625,cone,cone
7768,52,41,1.2682926829268293,cone,cone
7769,29,44,0.6590909090909091,jl,cone
7770,21,21,1.0,cone,cone
7771,12,12,1.0,cone,cone
7772,106,23,4.608695652173913,cone,jl
7773,35,32,1.09375,cone,cone
7774,35,30,1.1666666666666667,jl,jl
7775,49,50,0.98,jl,jl
7776,21,21,1.0,cone,cone
7777,56,47,1.1914893617021276,cone,cone
7778,45,42,1.0714285714285714,cone,cone
7779,31,25,1.24,collision,cone
7780,36,34,1.0588235294117647,cone,cone
7781,60,52,1.1538461538461537,cone,cone
7782,34,30,1.1333333333333333,jl,cone
7783,84,75,1.12,cone,cone
7784,22,21,1.0476190476190477,cone,cone
7785,53,47,1.127659574468085,cone,cone
7786,42,37,1.135135135135135,cone,cone
7787,61,53,1.150943396226415,cone,cone
7788,37,30,1.2333333333333334,cone,cone
7789,42,46,0.9130434782608695,jl,lateral
7790,32,43,0.7441860465116279,jl,jl
7791,38,36,1.0555555555555556,cone,cone
7792,25,21,1.1904761904761905,cone,cone
7793,43,37,1.162162162162162,cone,cone
7794,24,23,1.0434782608695652,cone,cone
7795,23,21,1.0952380952380953,cone,cone
7796,32,21,1.5238095238095237,cone,cone
7797,38,24,1.5833333333333333,cone,cone
7798,75,59,1.271186440677966,cone,cone
7799,105,32,3.28125,cone,jl
7800,23,31,0.7419354838709677,jl,cone
7801,25,25,1.0,lateral,lateral
7802,63,39,1.6153846153846154,jl,cone
7803,60,25,2.4,jl,cone
7804,25,24,1.0416666666666667,cone,cone
7805,64,46,1.391304347826087,cone,cone
7806,20,20,1.0,jl,jl
7807,48,42,1.1428571428571428,cone,cone
7808,21,21,1.0,cone,cone
7809,49,39,1.2564102564102564,cone,cone
7810,54,57,0.9473684210526315,collision,collision
7811,39,38,1.0263157894736843,cone,cone
7812,46,58,0.7931034482758621,jl,cone
7813,42,34,1.2352941176470589,jl,cone
7814,27,27,1.0,cone,cone
7815,32,26,1.2307692307692308,cone,cone
7816,29,22,1.3181818181818181,cone,cone
7817,15,15,1.0,lateral,lateral
7818,27,21,1.2857142857142858,cone,cone
7819,72,65,1.1076923076923078,cone,cone
7820,22,23,0.9565217391304348,cone,cone
7821,43,41,1.048780487804878,cone,cone
7822,62,37,1.6756756756756757,cone,cone
7823,61,72,0.8472222222222222,cone,cone
7824,55,49,1.1224489795918366,cone,cone
7825,57,36,1.5833333333333333,jl,cone
7826,39,41,0.9512195121951219,cone,cone
7827,18,19,0.9473684210526315,cone,cone
7828,53,47,1.127659574468085,cone,cone
7829,29,70,0.4142857142857143,jl,cone
7830,17,17,1.0,cone,cone
7831,73,51,1.4313725490196079,cone,cone
7832,27,27,1.0,lateral,lateral
7833,20,17,1.1764705882352942,cone,cone
7834,35,24,1.4583333333333333,cone,cone
7835,44,42,1.0476190476190477,cone,cone
7836,48,45,1.0666666666666667,cone,cone
7837,23,22,1.0454545454545454,cone,cone
7838,55,35,1.5714285714285714,cone,cone
7839,38,33,1.1515151515151516,cone,cone
7840,82,45,1.8222222222222222,jl,cone
7841,19,31,0.6129032258064516,jl,jl
7842,81,33,2.4545454545454546,lateral,cone
7843,23,21,1.0952380952380953,cone,cone
7844,80,54,1.4814814814814814,cone,cone
7845,30,25,1.2,cone,cone
7846,59,42,1.4047619047619047,cone,cone
7847,4,39,0.10256410256410256,jl,cone
7848,16,18,0.8888888888888888,cone,cone
7849,48,31,1.5483870967741935,jl,cone
7850,21,21,1.0,cone,cone
7851,63,48,1.3125,cone,cone
7852,35,30,1.1666666666666667,cone,cone
7853,15,17,0.8823529411764706,jl,jl
7854,15,15,1.0,lateral,lateral
7855,15,15,1.0,jl,jl
7856,50,32,1.5625,jl,cone
7857,48,36,1.3333333333333333,cone,cone
7858,16,17,0.9411764705882353,cone,cone
7859,26,26,1.0,cone,cone
7860,32,17,1.8823529411764706,cone,jl
7861,72,25,2.88,cone,cone
7862,10,19,0.5263157894736842,jl,cone
7863,65,56,1.1607142857142858,cone,cone
7864,35,31,1.1290322580645162,cone,cone
7865,32,30,1.0666666666666667,jl,cone
7866,43,35,1.2285714285714286,cone,cone
7867,18,17,1.0588235294117647,cone,cone
7868,46,44,1.0454545454545454,jl,cone
7869,69,32,2.15625,cone,cone
7870,7,25,0.28,jl,cone
7871,30,25,1.2,cone,cone
7872,58,45,1.288888888888889,cone,cone
7873,46,40,1.15,cone,cone
7874,27,25,1.08,cone,cone
7875,53,49,1.0816326530612246,cone,cone
7876,13,23,0.5652173913043478,jl,cone
7877,19,23,0.8260869565217391,jl,jl
7878,5,10,0.5,jl,jl
7879,44,39,1.1282051282051282,cone,cone
7880,34,23,1.4782608695652173,cone,cone
7881,54,44,1.2272727272727273,cone,cone
7882,61,55,1.1090909090909091,cone,cone
7883,27,26,1.0384615384615385,cone,cone
7884,37,47,0.7872340425531915,jl,cone
7885,20,20,1.0,cone,cone
7886,41,22,1.8636363636363635,cone,cone
7887,19,13,1.4615384615384615,jl,jl
7888,18,18,1.0,lateral,lateral
7889,44,35,1.2571428571428571,jl,jl
7890,46,42,1.0952380952380953,cone,cone
7891,26,25,1.04,cone,cone
7892,60,30,2.0,cone,cone
7893,10,20,0.5,jl,jl
7894,119,40,2.975,cone,cone
7895,28,26,1.0769230769230769,cone,cone
7896,71,57,1.2456140350877194,cone,cone
7897,90,26,3.4615384615384617,cone,cone
7898,29,24,1.2083333333333333,cone,cone
7899,45,29,1.5517241379310345,cone,cone
7900,47,48,0.9791666666666666,lateral,lateral
7901,13,19,0.6842105263157895,jl,cone
7902,37,37,1.0,lateral,lateral
7903,84,37,2.27027027027027,cone,cone
7904,18,18,1.0,cone,cone
7905,30,28,1.0714285714285714,cone,cone
7906,74,68,1.088235294117647,cone,cone
7907,33,33,1.0,cone,cone
7908,2,43,0.046511627906976744,jl,lateral
7909,65,47,1.3829787234042554,cone,cone
7910,23,24,0.9583333333333334,cone,cone
7911,22,24,0.9166666666666666,cone,cone
7912,74,54,1.3703703703703705,cone,cone
7913,10,11,0.9090909090909091,jl,jl
7914,62,62,1.0,lateral,lateral
7915,12,30,0.4,jl,cone
7916,41,38,1.0789473684210527,cone,cone
7917,45,25,1.8,jl,jl
7918,29,24,1.2083333333333333,jl,cone
7919,7,15,0.4666666666666667,jl,jl
7920,17,16,1.0625,cone,cone
7921,12,11,1.0909090909090908,cone,cone
7922,43,39,1.1025641025641026,cone,cone
7923,37,37,1.0,lateral,lateral
7924,28,37,0.7567567567567568,jl,cone
7925,58,56,1.0357142857142858,cone,cone
7926,37,22,1.6818181818181819,jl,cone
7927,45,37,1.2162162162162162,cone,cone
7928,38,38,1.0,jl,jl
7929,25,20,1.25,cone,cone
7930,26,21,1.2380952380952381,cone,cone
7931,44,35,1.2571428571428571,cone,cone
7932,37,26,1.4230769230769231,cone,cone
7933,35,24,1.4583333333333333,cone,cone
7934,13,13,1.0,lateral,lateral
7935,23,21,1.0952380952380953,cone,cone
7936,54,39,1.3846153846153846,cone,cone
7937,61,35,1.7428571428571429,cone,cone
7938,16,17,0.9411764705882353,cone,cone
7939,11,10,1.1,jl,jl
7940,109,42,2.5952380952380953,cone,cone
7941,54,19,2.8421052631578947,cone,cone
7942,40,34,1.1764705882352942,cone,cone
7943,18,18,1.0,cone,cone
7944,24,29,0.8275862068965517,cone,cone
7945,47,40,1.175,cone,cone
7946,28,27,1.037037037037037,lateral,lateral
7947,46,50,0.92,jl,cone
7948,29,23,1.2608695652173914,cone,cone
7949,32,25,1.28,cone,cone
7950,85,32,2.65625,cone,cone
7951,49,30,1.6333333333333333,cone,cone
7952,13,13,1.0,lateral,lateral
7953,21,21,1.0,cone,cone
7954,43,32,1.34375,cone,cone
7955,18,21,0.8571428571428571,jl,jl
7956,60,18,3.3333333333333335,jl,cone
7957,87,78,1.1153846153846154,cone,cone
7958,23,20,1.15,cone,cone
7959,28,28,1.0,cone,cone
7960,36,24,1.5,jl,cone
7961,3,12,0.25,jl,jl
7962,40,35,1.1428571428571428,jl,cone
7963,34,29,1.1724137931034482,jl,jl
7964,25,19,1.3157894736842106,cone,cone
7965,25,32,0.78125,jl,jl
7966,52,31,1.6774193548387097,cone,cone
7967,39,36,1.0833333333333333,lateral,cone
7968,21,23,0.9130434782608695,cone,cone
7969,30,30,1.0,lateral,lateral
7970,43,26,1.6538461538461537,cone,cone
7971,30,23,1.3043478260869565,cone,cone
7972,54,43,1.255813953488372,cone,cone
7973,14,20,0.7,jl,cone
7974,55,52,1.0576923076923077,lateral,cone
7975,59,51,1.1568627450980393,cone,cone
7976,49,21,2.3333333333333335,cone,cone
7977,22,32,0.6875,jl,jl
7978,82,21,3.9047619047619047,cone,jl
7979,63,65,0.9692307692307692,cone,cone
7980,48,30,1.6,cone,jl
7981,36,34,1.0588235294117647,jl,jl
7982,40,27,1.4814814814814814,cone,cone
7983,44,29,1.5172413793103448,cone,cone
7984,68,70,0.9714285714285714,jl,jl
7985,59,26,2.269230769230769,cone,cone
7986,34,32,1.0625,cone,cone
7987,45,43,1.0465116279069768,cone,cone
7988,22,18,1.2222222222222223,cone,cone
7989,10,10,1.0,lateral,lateral
7990,114,36,3.1666666666666665,cone,cone
7991,31,27,1.1481481481481481,jl,cone
7992,47,44,1.0681818181818181,jl,jl
7993,13,16,0.8125,jl,jl
7994,79,82,0.9634146341463414,cone,cone
7995,28,30,0.9333333333333333,jl,cone
7996,15,23,0.6521739130434783,jl,cone
7997,6,48,0.125,jl,cone
7998,26,23,1.1304347826086956,cone,cone
7999,23,23,1.0,cone,cone
8000,48,38,1.263157894736842,cone,cone
8001,67,60,1.1166666666666667,cone,cone
8002,62,61,1.0163934426229508,cone,cone
8003,34,34,1.0,cone,cone
8004,23,29,0.7931034482758621,cone,cone
8005,36,34,1.0588235294117647,cone,cone
8006,106,41,2.5853658536585367,cone,cone
8007,19,14,1.3571428571428572,jl,jl
8008,31,14,2.2142857142857144,jl,jl
8009,100,105,0.9523809523809523,cone,cone
8010,19,18,1.0555555555555556,cone,cone
8011,25,22,1.1363636363636365,cone,cone
8012,27,27,1.0,lateral,lateral
8013,11,16,0.6875,jl,cone
8014,39,35,1.1142857142857143,cone,cone
8015,14,14,1.0,lateral,lateral
8016,19,20,0.95,jl,jl
8017,21,19,1.105263157894737,cone,cone
8018,20,20,1.0,lateral,lateral
8019,63,50,1.26,cone,cone
8020,9,11,0.8181818181818182,jl,jl
8021,56,61,0.9180327868852459,cone,cone
8022,24,21,1.1428571428571428,cone,cone
8023,27,26,1.0384615384615385,collision,cone
8024,128,35,3.657142857142857,cone,cone
8025,65,63,1.0317460317460319,cone,cone
8026,15,16,0.9375,jl,jl
8027,38,26,1.4615384615384615,cone,cone
8028,10,13,0.7692307692307693,jl,jl
8029,93,80,1.1625,cone,cone
8030,45,29,1.5517241379310345,cone,cone
8031,18,17,1.0588235294117647,cone,cone
8032,31,24,1.2916666666666667,cone,cone
8033,23,20,1.15,cone,cone
8034,18,18,1.0,cone,cone
8035,56,73,0.7671232876712328,cone,cone
8036,30,20,1.5,cone,cone
8037,31,29,1.0689655172413792,cone,cone
8038,23,21,1.0952380952380953,cone,cone
8039,25,23,1.0869565217391304,cone,cone
8040,67,33,2.0303030303030303,cone,cone
8041,51,51,1.0,lateral,lateral
8042,16,16,1.0,cone,cone
8043,16,16,1.0,lateral,lateral
8044,32,37,0.8648648648648649,jl,cone
8045,21,21,1.0,cone,cone
8046,103,34,3.0294117647058822,cone,cone
8047,1,34,0.029411764705882353,jl,cone
8048,102,65,1.5692307692307692,cone,cone
8049,29,28,1.0357142857142858,cone,cone
8050,45,36,1.25,cone,cone
8051,61,51,1.196078431372549,cone,cone
8052,48,20,2.4,jl,cone
8053,30,20,1.5,cone,cone
8054,29,24,1.2083333333333333,cone,cone
8055,35,16,2.1875,cone,cone
8056,63,41,1.5365853658536586,cone,cone
8057,48,30,1.6,cone,cone
8058,27,28,0.9642857142857143,lateral,lateral
8059,52,23,2.260869565217391,cone,cone
8060,53,45,1.1777777777777778,cone,cone
8061,22,22,1.0,cone,cone
8062,26,16,1.625,jl,cone
8063,11,13,0.8461538461538461,jl,jl
8064,25,16,1.5625,cone,jl
8065,19,40,0.475,jl,cone
8066,56,31,1.8064516129032258,jl,cone
8067,64,59,1.0847457627118644,cone,cone
8068,57,48,1.1875,cone,cone
8069,34,26,1.3076923076923077,cone,cone
8070,16,21,0.7619047619047619,collision,cone
8071,104,94,1.1063829787234043,cone,cone
8072,40,27,1.4814814814814814,cone,cone
8073,56,26,2.1538461538461537,jl,cone
8074,26,32,0.8125,jl,cone
8075,17,16,1.0625,cone,cone
8076,31,36,0.8611111111111112,jl,cone
8077,58,59,0.9830508474576272,cone,cone
8078,19,19,1.0,lateral,lateral
8079,40,40,1.0,lateral,cone
8080,91,39,2.3333333333333335,jl,cone
8081,34,30,1.1333333333333333,cone,cone
8082,31,27,1.1481481481481481,cone,cone
8083,60,37,1.6216216216216217,cone,cone
8084,38,29,1.3103448275862069,cone,cone
8085,49,36,1.3611111111111112,cone,cone
8086,21,24,0.875,jl,cone
8087,114,31,3.6774193548387095,cone,cone
8088,26,21,1.2380952380952381,cone,cone
8089,13,13,1.0,lateral,lateral
8090,45,43,1.0465116279069768,cone,cone
8091,18,18,1.0,cone,cone
8092,38,36,1.0555555555555556,cone,cone
8093,106,29,3.6551724137931036,cone,cone
8094,55,39,1.4102564102564104,cone,cone
8095,17,78,0.21794871794871795,jl,cone
8096,19,16,1.1875,cone,jl
8097,19,18,1.0555555555555556,cone,cone
8098,50,42,1.1904761904761905,cone,cone
8099,44,29,1.5172413793103448,cone,cone
8100,58,34,1.7058823529411764,cone,cone
8101,74,36,2.0555555555555554,cone,cone
8102,32,41,0.7804878048780488,jl,jl
8103,43,34,1.2647058823529411,cone,cone
8104,116,32,3.625,cone,cone
8105,32,32,1.0,jl,jl
8106,21,23,0.9130434782608695,jl,cone
8107,74,22,3.3636363636363638,cone,cone
8108,111,34,3.264705882352941,lateral,cone
8109,18,19,0.9473684210526315,cone,cone
8110,32,32,1.0,cone,cone
8111,110,90,1.2222222222222223,cone,cone
8112,29,30,0.9666666666666667,cone,cone
8113,20,20,1.0,cone,cone
8114,52,43,1.2093023255813953,cone,cone
8115,20,34,0.5882352941176471,jl,cone
8116,26,24,1.0833333333333333,cone,cone
8117,54,24,2.25,cone,cone
8118,13,24,0.5416666666666666,jl,jl
8119,31,44,0.7045454545454546,jl,jl
8120,57,39,1.4615384615384615,cone,cone
8121,32,34,0.9411764705882353,jl,cone
8122,42,37,1.135135135135135,cone,cone
8123,28,25,1.12,cone,cone
8124,27,34,0.7941176470588235,cone,cone
8125,44,41,1.0731707317073171,cone,cone
8126,66,57,1.1578947368421053,cone,cone
8127,42,32,1.3125,cone,cone
8128,68,41,1.6585365853658536,jl,cone
8129,47,40,1.175,lateral,cone
8130,76,27,2.814814814814815,cone,jl
8131,7,30,0.23333333333333334,jl,cone
8132,23,23,1.0,lateral,lateral
8133,91,39,2.3333333333333335,cone,cone
8134,53,53,1.0,lateral,lateral
8135,65,27,2.4074074074074074,cone,cone
8136,21,21,1.0,jl,cone
8137,106,43,2.4651162790697674,cone,cone
8138,25,25,1.0,lateral,lateral
8139,45,32,1.40625,cone,cone
8140,63,57,1.105263157894737,cone,cone
8141,53,43,1.2325581395348837,cone,cone
8142,12,14,0.8571428571428571,jl,jl
8143,30,21,1.4285714285714286,cone,cone
8144,4,27,0.14814814814814814,jl,cone
8145,35,37,0.9459459459459459,jl,jl
8146,12,28,0.42857142857142855,jl,cone
8147,66,31,2.129032258064516,cone,cone
8148,29,26,1.1153846153846154,collision,cone
8149,43,43,1.0,lateral,lateral
8150,30,27,1.1111111111111112,cone,cone
8151,23,21,1.0952380952380953,cone,cone
8152,43,40,1.075,cone,cone
8153,42,40,1.05,lateral,cone
8154,46,44,1.0454545454545454,cone,cone
8155,29,23,1.2608695652173914,cone,cone
8156,20,28,0.7142857142857143,jl,cone
8157,71,71,1.0,lateral,lateral
8158,25,22,1.1363636363636365,cone,cone
8159,15,11,1.3636363636363635,jl,jl
8160,55,49,1.1224489795918366,cone,cone
8161,55,40,1.375,cone,cone
8162,47,40,1.175,lateral,cone
8163,76,69,1.1014492753623188,cone,cone
8164,52,46,1.1304347826086956,lateral,cone
8165,55,52,1.0576923076923077,cone,cone
8166,18,18,1.0,cone,cone
8167,30,23,1.3043478260869565,jl,cone
8168,28,35,0.8,jl,cone
8169,90,25,3.6,cone,cone
8170,54,54,1.0,lateral,lateral
8171,21,17,1.2352941176470589,cone,cone
8172,43,40,1.075,cone,cone
8173,17,17,1.0,cone,cone
8174,31,30,1.0333333333333334,cone,cone
8175,48,44,1.0909090909090908,cone,cone
8176,35,52,0.6730769230769231,jl,jl
8177,2,13,0.15384615384615385,jl,jl
8178,44,44,1.0,lateral,lateral
8179,20,29,0.6896551724137931,jl,jl
8180,76,60,1.2666666666666666,cone,cone
8181,67,49,1.3673469387755102,cone,cone
8182,4,36,0.1111111111111111,jl,lateral
8183,58,19,3.0526315789473686,jl,cone
8184,62,47,1.3191489361702127,jl,cone
8185,19,37,0.5135135135135135,jl,cone
8186,25,22,1.1363636363636365,cone,cone
8187,10,10,1.0,lateral,lateral
8188,86,40,2.15,cone,cone
8189,43,38,1.131578947368421,cone,cone
8190,19,17,1.1176470588235294,cone,cone
8191,80,40,2.0,cone,cone
8192,30,30,1.0,lateral,lateral
8193,16,15,1.0666666666666667,cone,cone
8194,25,24,1.0416666666666667,jl,cone
8195,11,18,0.6111111111111112,jl,jl
8196,74,45,1.6444444444444444,jl,cone
8197,20,19,1.0526315789473684,cone,cone
8198,42,30,1.4,cone,cone
8199,47,43,1.0930232558139534,cone,cone
8200,30,16,1.875,jl,cone
8201,40,29,1.3793103448275863,jl,cone
8202,84,76,1.105263157894737,cone,cone
8203,18,19,0.9473684210526315,lateral,lateral
8204,111,37,3.0,cone,cone
8205,34,29,1.1724137931034482,cone,cone
8206,17,17,1.0,cone,cone
8207,34,34,1.0,lateral,lateral
8208,57,53,1.0754716981132075,cone,cone
8209,49,42,1.1666666666666667,cone,cone
8210,76,63,1.2063492063492063,cone,cone
8211,84,71,1.1830985915492958,cone,cone
8212,52,29,1.793103448275862,cone,cone
8213,38,35,1.0857142857142856,cone,cone
8214,92,28,3.2857142857142856,cone,cone
8215,76,76,1.0,jl,jl
8216,23,44,0.5227272727272727,jl,lateral
8217,24,22,1.0909090909090908,cone,cone
8218,50,35,1.4285714285714286,cone,cone
8219,48,47,1.0212765957446808,lateral,lateral
8220,26,24,1.0833333333333333,cone,cone
8221,46,43,1.069767441860465,cone,cone
8222,59,39,1.5128205128205128,cone,cone
8223,15,14,1.0714285714285714,lateral,lateral
8224,22,30,0.7333333333333333,jl,cone
8225,24,28,0.8571428571428571,cone,cone
8226,31,33,0.9393939393939394,cone,cone
8227,30,30,1.0,lateral,lateral
8228,12,12,1.0,cone,cone
8229,57,55,1.0363636363636364,cone,cone
8230,22,22,1.0,cone,cone
8231,16,16,1.0,jl,jl
8232,17,19,0.8947368421052632,cone,cone
8233,14,14,1.0,lateral,lateral
8234,19,18,1.0555555555555556,cone,cone
8235,10,19,0.5263157894736842,jl,cone
8236,7,25,0.28,jl,cone
8237,54,50,1.08,cone,cone
8238,20,23,0.8695652173913043,cone,cone
8239,37,32,1.15625,cone,cone
8240,17,26,0.6538461538461539,jl,jl
8241,67,44,1.5227272727272727,cone,cone
8242,28,22,1.2727272727272727,cone,cone
8243,52,45,1.1555555555555554,cone,cone
8244,33,32,1.03125,cone,cone
8245,27,26,1.0384615384615385,cone,cone
8246,47,25,1.88,cone,cone
8247,23,13,1.7692307692307692,cone,jl
8248,90,23,3.9130434782608696,cone,cone
8249,20,18,1.1111111111111112,cone,cone
8250,11,11,1.0,lateral,lateral
8251,76,19,4.0,cone,jl
8252,8,11,0.7272727272727273,jl,jl
8253,56,31,1.8064516129032258,jl,cone
8254,37,33,1.121212121212121,cone,cone
8255,23,21,1.0952380952380953,cone,cone
8256,27,24,1.125,cone,cone
8257,76,43,1.7674418604651163,cone,cone
8258,2,25,0.08,jl,cone
8259,45,29,1.5517241379310345,cone,cone
8260,23,24,0.9583333333333334,cone,lateral
8261,22,24,0.9166666666666666,jl,jl
8262,71,66,1.0757575757575757,cone,cone
8263,27,28,0.9642857142857143,lateral,lateral
8264,50,30,1.6666666666666667,jl,jl
8265,35,79,0.4430379746835443,jl,cone
8266,16,34,0.47058823529411764,jl,cone
8267,48,39,1.2307692307692308,cone,cone
8268,12,37,0.32432432432432434,jl,jl
8269,24,18,1.3333333333333333,jl,jl
8270,71,54,1.3148148148148149,jl,cone
8271,74,48,1.5416666666666667,cone,cone
8272,73,49,1.489795918367347,cone,cone
8273,37,39,0.9487179487179487,cone,cone
8274,16,16,1.0,lateral,lateral
8275,59,38,1.5526315789473684,cone,cone
8276,37,35,1.0571428571428572,cone,cone
8277,17,17,1.0,cone,cone
8278,17,16,1.0625,lateral,lateral
8279,33,23,1.434782608695652,collision,cone
8280,41,25,1.64,cone,cone
8281,79,29,2.7241379310344827,cone,cone
8282,29,27,1.0740740740740742,cone,cone
8283,35,33,1.0606060606060606,cone,cone
8284,21,17,1.2352941176470589,cone,cone
8285,60,59,1.0169491525423728,cone,cone
8286,30,30,1.0,jl,jl
8287,27,26,1.0384615384615385,cone,cone
8288,10,14,0.7142857142857143,jl,jl
8289,17,17,1.0,lateral,lateral
8290,18,30,0.6,jl,jl
8291,53,46,1.1521739130434783,jl,cone
8292,90,43,2.0930232558139537,collision,cone
8293,59,50,1.18,jl,cone
8294,22,17,1.2941176470588236,cone,cone
8295,23,24,0.9583333333333334,cone,cone
8296,30,23,1.3043478260869565,cone,cone
8297,60,57,1.0526315789473684,lateral,cone
8298,45,42,1.0714285714285714,cone,cone
8299,21,19,1.105263157894737,cone,cone
8300,27,25,1.08,cone,cone
8301,79,29,2.7241379310344827,cone,cone
8302,8,11,0.7272727272727273,jl,jl
8303,77,50,1.54,cone,cone
8304,15,15,1.0,lateral,lateral
8305,23,22,1.0454545454545454,cone,cone
8306,28,24,1.1666666666666667,cone,cone
8307,48,34,1.411764705882353,cone,cone
8308,23,33,0.696969696969697,jl,cone
8309,16,16,1.0,cone,cone
8310,51,31,1.6451612903225807,cone,cone
8311,36,25,1.44,cone,cone
8312,14,14,1.0,collision,collision
8313,31,32,0.96875,cone,cone
8314,33,26,1.2692307692307692,jl,cone
8315,65,48,1.3541666666666667,lateral,cone
8316,60,53,1.1320754716981132,jl,jl
8317,14,14,1.0,cone,cone
8318,22,30,0.7333333333333333,cone,cone
8319,15,14,1.0714285714285714,cone,cone
8320,26,26,1.0,cone,cone
8321,27,21,1.2857142857142858,cone,cone
8322,14,14,1.0,lateral,lateral
8323,70,67,1.044776119402985,cone,cone
8324,34,35,0.9714285714285714,cone,cone
8325,24,22,1.0909090909090908,cone,cone
8326,45,48,0.9375,jl,jl
8327,17,17,1.0,cone,cone
8328,14,19,0.7368421052631579,jl,cone
8329,39,35,1.1142857142857143,cone,cone
8330,49,41,1.1951219512195121,cone,cone
8331,43,43,1.0,jl,cone
8332,25,12,2.0833333333333335,cone,collision
8333,18,20,0.9,cone,cone
8334,50,41,1.2195121951219512,cone,cone
8335,48,24,2.0,cone,cone
8336,83,25,3.32,cone,cone
8337,26,27,0.9629629629629629,cone,cone
8338,25,23,1.0869565217391304,lateral,cone
8339,54,35,1.542857142857143,cone,cone
8340,17,16,1.0625,cone,cone
8341,101,50,2.02,cone,cone
8342,56,47,1.1914893617021276,cone,cone
8343,118,110,1.0727272727272728,cone,cone
8344,40,28,1.4285714285714286,cone,cone
8345,32,23,1.391304347826087,cone,cone
8346,20,17,1.1764705882352942,cone,cone
8347,21,36,0.5833333333333334,jl,cone
8348,36,37,0.972972972972973,lateral,lateral
8349,17,33,0.5151515151515151,jl,cone
8350,14,26,0.5384615384615384,jl,jl
8351,31,19,1.631578947368421,cone,jl
8352,48,40,1.2,lateral,cone
8353,15,19,0.7894736842105263,jl,cone
8354,22,22,1.0,cone,cone
8355,23,24,0.9583333333333334,cone,cone
8356,9,23,0.391304347826087,jl,jl
8357,83,60,1.3833333333333333,cone,cone
8358,50,42,1.1904761904761905,cone,cone
8359,11,12,0.9166666666666666,jl,jl
8360,41,28,1.4642857142857142,cone,cone
8361,23,22,1.0454545454545454,cone,cone
8362,23,22,1.0454545454545454,cone,cone
8363,13,13,1.0,cone,cone
8364,22,20,1.1,cone,cone
8365,72,44,1.6363636363636365,cone,cone
8366,65,44,1.4772727272727273,cone,cone
8367,30,37,0.8108108108108109,jl,cone
8368,12,12,1.0,lateral,lateral
8369,12,16,0.75,jl,jl
8370,15,15,1.0,lateral,lateral
8371,117,31,3.774193548387097,cone,cone
8372,43,36,1.1944444444444444,cone,cone
8373,26,23,1.1304347826086956,cone,cone
8374,86,16,5.375,cone,jl
8375,15,20,0.75,jl,jl
8376,40,31,1.2903225806451613,cone,cone
8377,40,40,1.0,cone,cone
8378,37,44,0.8409090909090909,jl,cone
8379,22,18,1.2222222222222223,cone,cone
8380,29,25,1.16,cone,cone
8381,15,15,1.0,jl,jl
8382,63,28,2.25,cone,cone
8383,60,57,1.0526315789473684,cone,cone
8384,40,35,1.1428571428571428,cone,cone
8385,50,47,1.0638297872340425,lateral,cone
8386,22,22,1.0,lateral,lateral
8387,24,22,1.0909090909090908,cone,cone
8388,26,23,1.1304347826086956,jl,cone
8389,1,86,0.011627906976744186,jl,jl
8390,36,39,0.9230769230769231,jl,jl
8391,26,24,1.0833333333333333,cone,cone
8392,22,21,1.0476190476190477,cone,cone
8393,57,29,1.9655172413793103,cone,cone
8394,24,25,0.96,cone,cone
8395,38,33,1.1515151515151516,jl,cone
8396,22,20,1.1,cone,cone
8397,24,26,0.9230769230769231,cone,cone
8398,103,98,1.0510204081632653,cone,cone
8399,61,61,1.0,lateral,lateral
8400,27,26,1.0384615384615385,lateral,lateral
8401,80,74,1.0810810810810811,cone,cone
8402,21,20,1.05,cone,cone
8403,49,41,1.1951219512195121,cone,cone
8404,73,36,2.0277777777777777,cone,cone
8405,24,22,1.0909090909090908,cone,cone
8406,27,27,1.0,cone,cone
8407,25,20,1.25,collision,cone
8408,73,27,2.7037037037037037,cone,cone
8409,48,34,1.411764705882353,cone,cone
8410,49,34,1.4411764705882353,jl,cone
8411,22,36,0.6111111111111112,jl,cone
8412,21,23,0.9130434782608695,jl,cone
8413,27,28,0.9642857142857143,cone,cone
8414,53,44,1.2045454545454546,cone,cone
8415,80,35,2.2857142857142856,cone,cone
8416,33,32,1.03125,cone,cone
8417,19,19,1.0,cone,cone
8418,14,10,1.4,jl,jl
8419,47,42,1.119047619047619,lateral,cone
8420,52,51,1.0196078431372548,lateral,lateral
8421,36,31,1.1612903225806452,cone,cone
8422,17,17,1.0,cone,cone
8423,17,17,1.0,cone,cone
8424,42,44,0.9545454545454546,cone,cone
8425,60,56,1.0714285714285714,cone,cone
8426,65,37,1.7567567567567568,cone,cone
8427,33,34,0.9705882352941176,jl,jl
8428,15,15,1.0,cone,cone
8429,58,32,1.8125,cone,cone
8430,23,26,0.8846153846153846,jl,cone
8431,29,23,1.2608695652173914,cone,cone
8432,31,26,1.1923076923076923,cone,cone
8433,30,29,1.0344827586206897,cone,cone
8434,45,35,1.2857142857142858,cone,cone
8435,23,18,1.2777777777777777,cone,jl
8436,30,25,1.2,cone,cone
8437,66,50,1.32,cone,cone
8438,27,27,1.0,cone,cone
8439,51,45,1.1333333333333333,cone,cone
8440,13,13,1.0,cone,cone
8441,20,19,1.0526315789473684,cone,cone
8442,17,27,0.6296296296296297,jl,cone
8443,42,39,1.0769230769230769,cone,cone
8444,36,32,1.125,cone,cone
8445,40,52,0.7692307692307693,jl,cone
8446,30,33,0.9090909090909091,jl,cone
8447,18,18,1.0,cone,cone
8448,60,62,0.967741935483871,jl,cone
8449,38,31,1.2258064516129032,cone,cone
8450,18,18,1.0,cone,cone
8451,17,16,1.0625,cone,cone
8452,39,39,1.0,cone,cone
8453,23,23,1.0,cone,cone
8454,39,39,1.0,lateral,lateral
8455,59,41,1.4390243902439024,cone,cone
8456,43,31,1.3870967741935485,jl,cone
8457,53,41,1.2926829268292683,cone,cone
8458,25,24,1.0416666666666667,cone,cone
8459,6,19,0.3157894736842105,jl,jl
8460,118,31,3.806451612903226,cone,cone
8461,50,32,1.5625,cone,cone
8462,32,29,1.103448275862069,cone,cone
8463,16,14,1.1428571428571428,cone,cone
8464,37,34,1.088235294117647,jl,cone
8465,46,57,0.8070175438596491,jl,cone
8466,48,41,1.170731707317073,cone,cone
8467,51,29,1.7586206896551724,cone,cone
8468,70,47,1.4893617021276595,cone,cone
8469,24,24,1.0,lateral,lateral
8470,13,13,1.0,lateral,lateral
8471,38,31,1.2258064516129032,cone,cone
8472,36,30,1.2,cone,cone
8473,30,28,1.0714285714285714,cone,cone
8474,12,20,0.6,jl,jl
8475,23,23,1.0,cone,cone
8476,20,18,1.1111111111111112,cone,cone
8477,57,27,2.111111111111111,jl,cone
8478,38,36,1.0555555555555556,cone,cone
8479,33,31,1.064516129032258,jl,cone
8480,78,32,2.4375,cone,cone
8481,38,23,1.6521739130434783,cone,cone
8482,29,23,1.2608695652173914,cone,cone
8483,70,41,1.7073170731707317,cone,cone
8484,42,60,0.7,jl,cone
8485,36,28,1.2857142857142858,cone,cone
8486,13,13,1.0,collision,jl
8487,19,20,0.95,jl,cone
8488,50,42,1.1904761904761905,cone,cone
8489,49,40,1.225,cone,cone
8490,59,52,1.1346153846153846,cone,cone
8491,24,19,1.263157894736842,collision,collision
8492,26,23,1.1304347826086956,jl,cone
8493,58,54,1.0740740740740742,cone,cone
8494,54,32,1.6875,cone,jl
8495,82,48,1.7083333333333333,cone,cone
8496,54,48,1.125,cone,cone
8497,47,35,1.3428571428571427,cone,cone
8498,23,23,1.0,cone,cone
8499,43,36,1.1944444444444444,cone,cone
8500,14,14,1.0,cone,cone
8501,55,41,1.3414634146341464,cone,cone
8502,53,53,1.0,lateral,lateral
8503,47,37,1.2702702702702702,jl,jl
8504,18,18,1.0,cone,cone
8505,18,18,1.0,cone,cone
8506,76,68,1.1176470588235294,cone,cone
8507,41,39,1.0512820512820513,cone,cone
8508,11,11,1.0,cone,cone
8509,46,45,1.0222222222222221,cone,cone
8510,30,30,1.0,lateral,lateral
8511,60,36,1.6666666666666667,cone,cone
8512,41,34,1.2058823529411764,cone,cone
8513,17,17,1.0,lateral,lateral
8514,1,26,0.038461538461538464,collision,cone
8515,30,24,1.25,cone,cone
8516,60,19,3.1578947368421053,jl,cone
8517,5,49,0.10204081632653061,jl,cone
8518,50,33,1.5151515151515151,cone,cone
8519,39,35,1.1142857142857143,cone,cone
8520,95,42,2.261904761904762,jl,cone
8521,10,120,0.08333333333333333,jl,cone
8522,48,37,1.2972972972972974,cone,cone
8523,21,28,0.75,jl,jl
8524,64,37,1.7297297297297298,cone,cone
8525,50,39,1.2820512820512822,cone,cone
8526,55,43,1.2790697674418605,jl,cone
8527,25,27,0.9259259259259259,jl,lateral
8528,42,41,1.024390243902439,jl,jl
8529,11,12,0.9166666666666666,jl,jl
8530,45,40,1.125,cone,cone
8531,59,56,1.0535714285714286,jl,jl
8532,19,19,1.0,cone,cone
8533,42,37,1.135135135135135,cone,cone
8534,70,61,1.1475409836065573,jl,cone
8535,11,11,1.0,jl,jl
8536,29,31,0.9354838709677419,cone,cone
8537,36,28,1.2857142857142858,cone,cone
8538,20,19,1.0526315789473684,cone,cone
8539,31,26,1.1923076923076923,cone,cone
8540,17,27,0.6296296296296297,jl,cone
8541,78,62,1.2580645161290323,cone,cone
8542,45,57,0.7894736842105263,jl,jl
8543,45,32,1.40625,cone,cone
8544,31,29,1.0689655172413792,cone,cone
8545,18,18,1.0,cone,cone
8546,35,26,1.3461538461538463,cone,cone
8547,31,27,1.1481481481481481,cone,cone
8548,1,11,0.09090909090909091,jl,jl
8549,12,22,0.5454545454545454,jl,cone
8550,55,31,1.7741935483870968,cone,cone
8551,44,27,1.6296296296296295,cone,cone
8552,13,27,0.48148148148148145,collision,cone
8553,35,32,1.09375,cone,cone
8554,63,48,1.3125,cone,cone
8555,87,35,2.4857142857142858,cone,cone
8556,16,16,1.0,lateral,lateral
8557,75,29,2.586206896551724,cone,cone
8558,49,36,1.3611111111111112,jl,jl
8559,72,68,1.0588235294117647,jl,jl
8560,22,22,1.0,cone,cone
8561,15,17,0.8823529411764706,jl,jl
8562,15,22,0.6818181818181818,jl,jl
8563,50,44,1.1363636363636365,jl,cone
8564,34,36,0.9444444444444444,jl,jl
8565,42,35,1.2,cone,cone
8566,102,37,2.7567567567567566,cone,cone
8567,11,12,0.9166666666666666,jl,jl
8568,16,16,1.0,cone,cone
8569,12,12,1.0,cone,cone
8570,18,17,1.0588235294117647,cone,cone
8571,25,43,0.5813953488372093,jl,jl
8572,65,43,1.5116279069767442,jl,cone
8573,16,16,1.0,jl,jl
8574,23,21,1.0952380952380953,cone,cone
8575,26,22,1.1818181818181819,jl,jl
8576,67,27,2.4814814814814814,cone,cone
8577,27,28,0.9642857142857143,jl,jl
8578,34,31,1.096774193548387,cone,cone
8579,86,66,1.303030303030303,cone,cone
8580,57,24,2.375,cone,cone
8581,60,37,1.6216216216216217,jl,cone
8582,22,24,0.9166666666666666,cone,cone
8583,14,12,1.1666666666666667,jl,jl
8584,85,27,3.1481481481481484,jl,cone
8585,40,29,1.3793103448275863,cone,cone
8586,18,34,0.5294117647058824,jl,jl
8587,40,30,1.3333333333333333,cone,cone
8588,104,56,1.8571428571428572,cone,cone
8589,45,32,1.40625,collision,cone
8590,32,29,1.103448275862069,cone,cone
8591,15,15,1.0,cone,cone
8592,98,26,3.769230769230769,cone,cone
8593,17,18,0.9444444444444444,jl,jl
8594,13,12,1.0833333333333333,cone,cone
8595,25,25,1.0,cone,cone
8596,74,34,2.176470588235294,cone,cone
8597,62,43,1.441860465116279,cone,cone
8598,6,28,0.21428571428571427,jl,cone
8599,23,20,1.15,cone,cone
8600,13,16,0.8125,cone,cone
8601,28,22,1.2727272727272727,jl,jl
8602,49,52,0.9423076923076923,jl,jl
8603,59,46,1.2826086956521738,cone,cone
8604,15,44,0.3409090909090909,jl,cone
8605,29,26,1.1153846153846154,jl,jl
8606,11,11,1.0,cone,cone
8607,46,43,1.069767441860465,cone,cone
8608,46,40,1.15,cone,cone
8609,59,46,1.2826086956521738,cone,cone
8610,29,23,1.2608695652173914,cone,cone
8611,26,23,1.1304347826086956,cone,cone
8612,27,24,1.125,cone,cone
8613,50,52,0.9615384615384616,jl,cone
8614,68,61,1.1147540983606556,cone,cone
8615,95,86,1.1046511627906976,cone,cone
8616,11,13,0.8461538461538461,jl,jl
8617,28,25,1.12,cone,cone
8618,18,17,1.0588235294117647,cone,cone
8619,9,11,0.8181818181818182,collision,collision
8620,48,32,1.5,cone,cone
8621,77,41,1.8780487804878048,cone,cone
8622,80,60,1.3333333333333333,cone,cone
8623,35,34,1.0294117647058822,cone,cone
8624,55,53,1.0377358490566038,jl,cone
8625,40,38,1.0526315789473684,cone,cone
8626,57,58,0.9827586206896551,lateral,lateral
8627,10,11,0.9090909090909091,jl,jl
8628,66,50,1.32,cone,cone
8629,21,25,0.84,cone,cone
8630,81,69,1.173913043478261,cone,cone
8631,66,50,1.32,cone,cone
8632,72,53,1.3584905660377358,cone,cone
8633,13,13,1.0,lateral,lateral
8634,129,26,4.961538461538462,cone,cone
8635,25,22,1.1363636363636365,cone,cone
8636,16,11,1.4545454545454546,lateral,lateral
8637,47,40,1.175,cone,cone
8638,11,13,0.8461538461538461,jl,jl
8639,16,15,1.0666666666666667,cone,cone
8640,30,25,1.2,jl,cone
8641,33,44,0.75,jl,cone
8642,28,26,1.0769230769230769,cone,cone
8643,52,52,1.0,lateral,lateral
8644,22,24,0.9166666666666666,jl,cone
8645,58,13,4.461538461538462,cone,jl
8646,15,81,0.18518518518518517,jl,cone
8647,34,34,1.0,jl,cone
8648,103,29,3.5517241379310347,jl,cone
8649,58,44,1.3181818181818181,cone,cone
8650,74,38,1.9473684210526316,cone,cone
8651,11,12,0.9166666666666666,jl,jl
8652,72,48,1.5,cone,cone
8653,34,23,1.4782608695652173,jl,cone
8654,25,26,0.9615384615384616,cone,cone
8655,43,52,0.8269230769230769,jl,jl
8656,37,33,1.121212121212121,cone,cone
8657,30,29,1.0344827586206897,cone,cone
8658,28,27,1.037037037037037,cone,cone
8659,16,16,1.0,cone,cone
8660,56,40,1.4,jl,cone
8661,18,17,1.0588235294117647,cone,cone
8662,27,26,1.0384615384615385,collision,cone
8663,34,30,1.1333333333333333,jl,cone
8664,33,24,1.375,jl,jl
8665,51,27,1.8888888888888888,cone,cone
8666,101,27,3.740740740740741,cone,cone
8667,46,46,1.0,lateral,lateral
8668,24,51,0.47058823529411764,jl,cone
8669,28,28,1.0,lateral,lateral
8670,41,33,1.2424242424242424,jl,cone
8671,84,78,1.0769230769230769,lateral,cone
8672,12,30,0.4,jl,jl
8673,46,34,1.3529411764705883,jl,cone
8674,69,59,1.1694915254237288,cone,cone
8675,47,43,1.0930232558139534,cone,cone
8676,16,28,0.5714285714285714,jl,jl
8677,11,24,0.4583333333333333,collision,jl
8678,25,18,1.3888888888888888,jl,cone
8679,36,29,1.2413793103448276,cone,cone
8680,26,23,1.1304347826086956,cone,cone
8681,29,27,1.0740740740740742,cone,cone
8682,14,14,1.0,cone,cone
8683,17,16,1.0625,cone,cone
8684,33,28,1.1785714285714286,cone,cone
8685,52,48,1.0833333333333333,cone,cone
8686,28,24,1.1666666666666667,cone,cone
8687,35,27,1.2962962962962963,cone,cone
8688,25,24,1.0416666666666667,cone,cone
8689,8,48,0.16666666666666666,jl,cone
8690,46,47,0.9787234042553191,lateral,lateral
8691,46,39,1.1794871794871795,cone,cone
8692,44,20,2.2,cone,cone
8693,23,16,1.4375,jl,jl
8694,21,21,1.0,jl,jl
8695,56,36,1.5555555555555556,jl,cone
8696,20,19,1.0526315789473684,cone,cone
8697,16,14,1.1428571428571428,jl,jl
8698,30,36,0.8333333333333334,jl,cone
8699,34,32,1.0625,cone,cone
8700,28,61,0.45901639344262296,jl,cone
8701,116,25,4.64,cone,cone
8702,48,34,1.411764705882353,cone,cone
8703,93,82,1.1341463414634145,cone,cone
8704,14,14,1.0,cone,cone
8705,37,34,1.088235294117647,cone,cone
8706,63,39,1.6153846153846154,cone,cone
8707,26,22,1.1818181818181819,cone,cone
8708,39,27,1.4444444444444444,cone,cone
8709,25,24,1.0416666666666667,cone,cone
8710,48,49,0.9795918367346939,lateral,lateral
8711,108,89,1.2134831460674158,cone,cone
8712,62,57,1.087719298245614,cone,cone
8713,24,22,1.0909090909090908,collision,cone
8714,34,34,1.0,jl,jl
8715,27,27,1.0,lateral,lateral
8716,19,18,1.0555555555555556,cone,cone
8717,39,34,1.1470588235294117,cone,cone
8718,12,11,1.0909090909090908,jl,jl
8719,11,16,0.6875,jl,jl
8720,28,27,1.037037037037037,cone,cone
8721,72,55,1.309090909090909,cone,cone
8722,18,17,1.0588235294117647,cone,cone
8723,33,22,1.5,cone,cone
8724,29,26,1.1153846153846154,cone,cone
8725,13,49,0.2653061224489796,jl,cone
8726,21,21,1.0,cone,cone
8727,18,18,1.0,cone,cone
8728,28,24,1.1666666666666667,cone,cone
8729,79,29,2.7241379310344827,jl,cone
8730,29,25,1.16,cone,cone
8731,24,22,1.0909090909090908,cone,cone
8732,38,31,1.2258064516129032,cone,cone
8733,43,25,1.72,cone,cone
8734,20,52,0.38461538461538464,jl,cone
8735,32,33,0.9696969696969697,cone,cone
8736,61,52,1.1730769230769231,cone,cone
8737,45,37,1.2162162162162162,jl,jl
8738,69,47,1.4680851063829787,jl,cone
8739,59,49,1.2040816326530612,cone,cone
8740,28,23,1.2173913043478262,cone,cone
8741,87,76,1.144736842105263,cone,cone
8742,23,23,1.0,cone,cone
8743,80,59,1.3559322033898304,cone,cone
8744,64,34,1.8823529411764706,jl,jl
8745,28,24,1.1666666666666667,cone,cone
8746,34,23,1.4782608695652173,cone,cone
8747,26,23,1.1304347826086956,cone,cone
8748,52,50,1.04,jl,jl
8749,54,40,1.35,cone,cone
8750,40,36,1.1111111111111112,jl,cone
8751,29,28,1.0357142857142858,cone,cone
8752,66,38,1.736842105263158,cone,cone
8753,51,51,1.0,lateral,lateral
8754,26,21,1.2380952380952381,cone,cone
8755,38,42,0.9047619047619048,cone,cone
8756,80,50,1.6,cone,cone
8757,18,18,1.0,cone,cone
8758,25,25,1.0,lateral,lateral
8759,17,18,0.9444444444444444,jl,cone
8760,41,33,1.2424242424242424,cone,cone
8761,45,29,1.5517241379310345,cone,cone
8762,24,20,1.2,cone,cone
8763,17,42,0.40476190476190477,jl,cone
8764,15,17,0.8823529411764706,jl,jl
8765,21,21,1.0,cone,cone
8766,27,21,1.2857142857142858,cone,cone
8767,64,52,1.2307692307692308,cone,cone
8768,23,23,1.0,cone,cone
8769,16,10,1.6,cone,jl
8770,15,15,1.0,cone,cone
8771,82,39,2.1025641025641026,cone,cone
8772,46,31,1.4838709677419355,jl,cone
8773,61,33,1.8484848484848484,cone,cone
8774,99,38,2.6052631578947367,jl,cone
8775,23,23,1.0,lateral,lateral
8776,60,68,0.8823529411764706,cone,jl
8777,61,40,1.525,cone,cone
8778,34,25,1.36,cone,cone
8779,57,24,2.375,jl,cone
8780,12,12,1.0,lateral,lateral
8781,9,16,0.5625,jl,jl
8782,101,39,2.58974358974359,cone,cone
8783,46,41,1.1219512195121952,cone,cone
8784,13,17,0.7647058823529411,cone,jl
8785,15,16,0.9375,jl,jl
8786,60,48,1.25,cone,cone
8787,85,84,1.0119047619047619,lateral,lateral
8788,8,18,0.4444444444444444,jl,cone
8789,74,50,1.48,cone,cone
8790,40,31,1.2903225806451613,cone,cone
8791,90,43,2.0930232558139537,lateral,cone
8792,62,26,2.3846153846153846,jl,cone
8793,87,19,4.578947368421052,cone,cone
8794,19,19,1.0,jl,cone
8795,64,49,1.3061224489795917,cone,cone
8796,54,44,1.2272727272727273,cone,cone
8797,28,28,1.0,lateral,lateral
8798,17,16,1.0625,lateral,lateral
8799,39,72,0.5416666666666666,jl,lateral
8800,34,28,1.2142857142857142,cone,cone
8801,27,19,1.4210526315789473,cone,cone
8802,62,52,1.1923076923076923,cone,cone
8803,13,13,1.0,lateral,lateral
8804,31,23,1.3478260869565217,cone,cone
8805,24,46,0.5217391304347826,jl,jl
8806,26,23,1.1304347826086956,cone,cone
8807,43,43,1.0,lateral,lateral
8808,47,24,1.9583333333333333,cone,cone
8809,13,12,1.0833333333333333,jl,jl
8810,53,45,1.1777777777777778,lateral,cone
8811,18,19,0.9473684210526315,collision,cone
8812,26,26,1.0,cone,cone
8813,56,44,1.2727272727272727,cone,cone
8814,19,18,1.0555555555555556,cone,cone
8815,36,36,1.0,lateral,lateral
8816,32,32,1.0,cone,cone
8817,17,14,1.2142857142857142,cone,cone
8818,46,18,2.5555555555555554,cone,cone
8819,18,32,0.5625,jl,lateral
8820,89,71,1.2535211267605635,cone,cone
8821,17,16,1.0625,cone,cone
8822,48,42,1.1428571428571428,cone,cone
8823,36,28,1.2857142857142858,cone,cone
8824,40,37,1.0810810810810811,cone,cone
8825,60,35,1.7142857142857142,jl,cone
8826,26,23,1.1304347826086956,cone,cone
8827,23,23,1.0,cone,cone
8828,87,36,2.4166666666666665,cone,cone
8829,36,31,1.1612903225806452,cone,cone
8830,10,10,1.0,lateral,lateral
8831,28,27,1.037037037037037,jl,cone
8832,32,31,1.032258064516129,cone,cone
8833,46,34,1.3529411764705883,cone,cone
8834,65,41,1.5853658536585367,cone,cone
8835,30,30,1.0,cone,cone
8836,15,15,1.0,lateral,lateral
8837,33,33,1.0,cone,cone
8838,19,16,1.1875,jl,jl
8839,15,15,1.0,cone,cone
8840,17,17,1.0,cone,cone
8841,70,94,0.7446808510638298,cone,cone
8842,38,40,0.95,cone,lateral
8843,62,49,1.2653061224489797,cone,cone
8844,21,19,1.105263157894737,cone,cone
8845,20,19,1.0526315789473684,cone,cone
8846,59,59,1.0,lateral,lateral
8847,26,52,0.5,jl,jl
8848,25,23,1.0869565217391304,cone,cone
8849,46,28,1.6428571428571428,cone,cone
8850,42,38,1.105263157894737,cone,cone
8851,21,20,1.05,cone,cone
8852,47,35,1.3428571428571427,cone,cone
8853,12,10,1.2,collision,collision
8854,18,18,1.0,cone,cone
8855,55,36,1.5277777777777777,cone,cone
8856,31,40,0.775,jl,jl
8857,8,94,0.0851063829787234,jl,cone
8858,57,51,1.1176470588235294,lateral,cone
8859,11,29,0.3793103448275862,jl,jl
8860,21,22,0.9545454545454546,cone,cone
8861,33,35,0.9428571428571428,jl,cone
8862,34,27,1.2592592592592593,jl,jl
8863,18,17,1.0588235294117647,cone,cone
8864,17,22,0.7727272727272727,jl,cone
8865,18,16,1.125,cone,cone
8866,62,45,1.3777777777777778,cone,cone
8867,63,39,1.6153846153846154,cone,cone
8868,47,47,1.0,cone,cone
8869,26,26,1.0,lateral,lateral
8870,12,16,0.75,jl,jl
8871,50,43,1.1627906976744187,cone,cone
8872,16,25,0.64,jl,cone
8873,39,22,1.7727272727272727,cone,cone
8874,28,22,1.2727272727272727,cone,cone
8875,66,34,1.9411764705882353,cone,cone
8876,15,14,1.0714285714285714,cone,cone
8877,58,57,1.0175438596491229,cone,cone
8878,41,36,1.1388888888888888,cone,cone
8879,79,33,2.393939393939394,cone,cone
8880,40,34,1.1764705882352942,cone,cone
8881,26,21,1.2380952380952381,jl,cone
8882,41,35,1.1714285714285715,cone,cone
8883,86,48,1.7916666666666667,cone,cone
8884,19,19,1.0,lateral,lateral
8885,19,19,1.0,cone,cone
8886,31,24,1.2916666666666667,collision,cone
8887,94,87,1.0804597701149425,cone,cone
8888,13,13,1.0,lateral,lateral
8889,59,57,1.0350877192982457,cone,cone
8890,26,31,0.8387096774193549,cone,cone
8891,27,20,1.35,cone,jl
8892,45,29,1.5517241379310345,cone,cone
8893,119,87,1.367816091954023,cone,cone
8894,56,42,1.3333333333333333,cone,cone
8895,20,28,0.7142857142857143,jl,cone
8896,49,30,1.6333333333333333,cone,cone
8897,17,42,0.40476190476190477,jl,cone
8898,11,10,1.1,jl,jl
8899,12,12,1.0,lateral,lateral
8900,39,24,1.625,cone,cone
8901,37,31,1.1935483870967742,cone,cone
8902,41,42,0.9761904761904762,cone,cone
8903,82,82,1.0,cone,cone
8904,59,36,1.6388888888888888,jl,cone
8905,27,27,1.0,lateral,lateral
8906,15,15,1.0,cone,cone
8907,35,30,1.1666666666666667,cone,cone
8908,24,32,0.75,jl,cone
8909,12,11,1.0909090909090908,cone,cone
8910,57,43,1.3255813953488371,cone,cone
8911,96,85,1.1294117647058823,cone,cone
8912,30,29,1.0344827586206897,collision,cone
8913,33,28,1.1785714285714286,jl,jl
8914,62,58,1.0689655172413792,jl,jl
8915,40,40,1.0,lateral,lateral
8916,61,66,0.9242424242424242,jl,cone
8917,66,65,1.0153846153846153,lateral,lateral
8918,34,34,1.0,lateral,lateral
8919,31,26,1.1923076923076923,jl,cone
8920,38,38,1.0,lateral,lateral
8921,49,47,1.0425531914893618,cone,cone
8922,28,24,1.1666666666666667,cone,cone
8923,75,57,1.3157894736842106,cone,cone
8924,79,68,1.161764705882353,cone,cone
8925,9,35,0.2571428571428571,jl,cone
8926,27,27,1.0,lateral,lateral
8927,20,20,1.0,cone,cone
8928,76,61,1.2459016393442623,cone,cone
8929,24,24,1.0,cone,cone
8930,35,23,1.5217391304347827,cone,cone
8931,25,28,0.8928571428571429,jl,jl
8932,14,14,1.0,cone,cone
8933,19,17,1.1176470588235294,cone,cone
8934,62,56,1.1071428571428572,cone,cone
8935,80,61,1.3114754098360655,cone,cone
8936,15,34,0.4411764705882353,jl,cone
8937,34,27,1.2592592592592593,cone,cone
8938,40,33,1.2121212121212122,cone,cone
8939,45,39,1.1538461538461537,cone,cone
8940,46,39,1.1794871794871795,cone,cone
8941,39,39,1.0,lateral,lateral
8942,33,30,1.1,jl,cone
8943,57,36,1.5833333333333333,cone,cone
8944,70,75,0.9333333333333333,cone,lateral
8945,9,10,0.9,jl,jl
8946,16,16,1.0,lateral,lateral
8947,81,80,1.0125,lateral,lateral
8948,26,26,1.0,cone,cone
8949,74,50,1.48,cone,cone
8950,98,82,1.1951219512195121,cone,cone
8951,28,46,0.6086956521739131,jl,cone
8952,44,36,1.2222222222222223,cone,cone
8953,41,38,1.0789473684210527,cone,cone
8954,15,34,0.4411764705882353,jl,cone
8955,24,25,0.96,collision,cone
8956,10,10,1.0,lateral,lateral
8957,8,15,0.5333333333333333,jl,jl
8958,15,13,1.1538461538461537,jl,jl
8959,35,31,1.1290322580645162,cone,cone
8960,38,36,1.0555555555555556,cone,cone
8961,46,15,3.066666666666667,cone,cone
8962,37,34,1.088235294117647,cone,cone
8963,45,45,1.0,lateral,cone
8964,50,48,1.0416666666666667,cone,cone
8965,63,47,1.3404255319148937,cone,cone
8966,44,25,1.76,cone,cone
8967,9,11,0.8181818181818182,jl,jl
8968,66,35,1.8857142857142857,cone,cone
8969,27,27,1.0,cone,cone
8970,34,19,1.7894736842105263,cone,cone
8971,19,37,0.5135135135135135,jl,cone
8972,20,29,0.6896551724137931,jl,cone
8973,65,48,1.3541666666666667,cone,cone
8974,58,57,1.0175438596491229,jl,cone
8975,69,36,1.9166666666666667,cone,cone
8976,26,23,1.1304347826086956,cone,cone
8977,18,30,0.6,jl,jl
8978,75,58,1.293103448275862,cone,cone
8979,32,32,1.0,cone,cone
8980,7,52,0.1346153846153846,jl,cone
8981,107,103,1.0388349514563107,cone,cone
8982,24,24,1.0,lateral,lateral
8983,39,36,1.0833333333333333,jl,cone
8984,45,39,1.1538461538461537,cone,cone
8985,49,44,1.1136363636363635,cone,cone
8986,96,41,2.341463414634146,jl,cone
8987,18,18,1.0,cone,cone
8988,42,25,1.68,jl,cone
8989,31,25,1.24,cone,cone
8990,14,16,0.875,collision,collision
8991,46,38,1.2105263157894737,collision,cone
8992,29,16,1.8125,cone,cone
8993,50,35,1.4285714285714286,cone,cone
8994,21,23,0.9130434782608695,jl,cone
8995,64,43,1.4883720930232558,cone,cone
8996,13,15,0.8666666666666667,jl,jl
8997,19,20,0.95,cone,cone
8998,29,22,1.3181818181818181,cone,cone
8999,31,28,1.1071428571428572,cone,cone
9000,22,22,1.0,cone,cone
9001,26,29,0.896551724137931,jl,jl
9002,60,45,1.3333333333333333,cone,cone
9003,81,52,1.5576923076923077,cone,cone
9004,28,24,1.1666666666666667,lateral,cone
9005,23,22,1.0454545454545454,lateral,lateral
9006,22,20,1.1,cone,cone
9007,13,13,1.0,lateral,lateral
9008,126,12,10.5,jl,jl
9009,24,24,1.0,cone,cone
9010,58,46,1.2608695652173914,cone,cone
9011,25,48,0.5208333333333334,jl,lateral
9012,36,32,1.125,jl,jl
9013,25,22,1.1363636363636365,cone,cone
9014,72,29,2.4827586206896552,cone,cone
9015,20,20,1.0,cone,cone
9016,15,18,0.8333333333333334,jl,jl
9017,63,15,4.2,cone,jl
9018,12,21,0.5714285714285714,jl,jl
9019,18,18,1.0,jl,cone
9020,13,12,1.0833333333333333,jl,jl
9021,32,26,1.2307692307692308,cone,cone
9022,23,23,1.0,cone,cone
9023,24,21,1.1428571428571428,cone,cone
9024,50,40,1.25,jl,cone
9025,71,70,1.0142857142857142,cone,cone
9026,7,30,0.23333333333333334,jl,cone
9027,32,25,1.28,jl,cone
9028,77,41,1.8780487804878048,cone,cone
9029,17,18,0.9444444444444444,jl,cone
9030,51,25,2.04,cone,cone
9031,10,22,0.45454545454545453,jl,cone
9032,49,38,1.2894736842105263,cone,cone
9033,49,20,2.45,jl,cone
9034,46,35,1.3142857142857143,cone,cone
9035,75,29,2.586206896551724,cone,cone
9036,31,22,1.4090909090909092,cone,cone
9037,44,31,1.4193548387096775,cone,cone
9038,28,24,1.1666666666666667,cone,cone
9039,72,66,1.0909090909090908,cone,cone
9040,31,25,1.24,cone,cone
9041,27,21,1.2857142857142858,cone,cone
9042,33,34,0.9705882352941176,cone,cone
9043,33,28,1.1785714285714286,cone,cone
9044,24,24,1.0,lateral,cone
9045,21,20,1.05,cone,cone
9046,20,19,1.0526315789473684,cone,cone
9047,63,48,1.3125,cone,cone
9048,37,25,1.48,cone,cone
9049,44,40,1.1,lateral,cone
9050,29,21,1.380952380952381,cone,cone
9051,45,47,0.9574468085106383,cone,cone
9052,31,25,1.24,cone,cone
9053,50,37,1.3513513513513513,cone,cone
9054,57,30,1.9,cone,cone
9055,100,57,1.7543859649122806,cone,cone
9056,23,30,0.7666666666666667,jl,cone
9057,21,19,1.105263157894737,jl,cone
9058,41,35,1.1714285714285715,cone,cone
9059,32,28,1.1428571428571428,cone,cone
9060,88,88,1.0,lateral,lateral
9061,43,24,1.7916666666666667,cone,cone
9062,13,13,1.0,lateral,lateral
9063,19,18,1.0555555555555556,cone,cone
9064,11,11,1.0,lateral,lateral
9065,12,20,0.6,jl,jl
9066,64,37,1.7297297297297298,cone,cone
9067,55,49,1.1224489795918366,cone,cone
9068,58,58,1.0,lateral,lateral
9069,54,54,1.0,lateral,lateral
9070,30,29,1.0344827586206897,cone,cone
9071,29,31,0.9354838709677419,jl,jl
9072,86,69,1.2463768115942029,jl,cone
9073,105,32,3.28125,lateral,cone
9074,45,32,1.40625,cone,cone
9075,34,38,0.8947368421052632,collision,cone
9076,28,25,1.12,cone,cone
9077,21,17,1.2352941176470589,cone,cone
9078,3,12,0.25,jl,jl
9079,99,54,1.8333333333333333,cone,jl
9080,62,51,1.2156862745098038,cone,cone
9081,80,67,1.1940298507462686,cone,cone
9082,30,19,1.5789473684210527,jl,cone
9083,57,49,1.163265306122449,cone,cone
9084,68,43,1.5813953488372092,cone,cone
9085,29,26,1.1153846153846154,cone,cone
9086,52,36,1.4444444444444444,cone,cone
9087,30,42,0.7142857142857143,jl,cone
9088,51,52,0.9807692307692307,lateral,lateral
9089,46,30,1.5333333333333334,cone,cone
9090,78,64,1.21875,cone,cone
9091,23,23,1.0,cone,cone
9092,77,53,1.4528301886792452,cone,cone
9093,43,33,1.303030303030303,cone,cone
9094,52,52,1.0,lateral,lateral
9095,31,28,1.1071428571428572,cone,cone
9096,8,14,0.5714285714285714,jl,cone
9097,16,16,1.0,cone,cone
9098,44,42,1.0476190476190477,cone,cone
9099,24,20,1.2,cone,cone
9100,11,60,0.18333333333333332,jl,cone
9101,46,33,1.393939393939394,cone,cone
9102,27,26,1.0384615384615385,cone,cone
9103,30,24,1.25,jl,cone
9104,57,39,1.4615384615384615,cone,cone
9105,32,30,1.0666666666666667,cone,cone
9106,25,18,1.3888888888888888,jl,jl
9107,23,17,1.3529411764705883,jl,jl
9108,48,42,1.1428571428571428,cone,cone
9109,54,40,1.35,cone,cone
9110,80,62,1.2903225806451613,jl,jl
9111,26,23,1.1304347826086956,jl,cone
9112,65,24,2.7083333333333335,lateral,cone
9113,64,34,1.8823529411764706,cone,cone
9114,33,33,1.0,jl,cone
9115,20,22,0.9090909090909091,cone,cone
9116,14,26,0.5384615384615384,jl,cone
9117,42,32,1.3125,cone,cone
9118,21,21,1.0,lateral,lateral
9119,32,28,1.1428571428571428,cone,cone
9120,29,29,1.0,cone,cone
9121,38,43,0.8837209302325582,jl,jl
9122,43,40,1.075,cone,cone
9123,82,82,1.0,lateral,lateral
9124,95,33,2.878787878787879,cone,cone
9125,78,67,1.164179104477612,cone,cone
9126,32,34,0.9411764705882353,jl,jl
9127,21,22,0.9545454545454546,cone,cone
9128,9,34,0.2647058823529412,jl,cone
9129,14,28,0.5,jl,cone
9130,15,25,0.6,jl,cone
9131,28,26,1.0769230769230769,jl,jl
9132,63,62,1.0161290322580645,cone,cone
9133,29,31,0.9354838709677419,jl,jl
9134,33,30,1.1,cone,cone
9135,45,45,1.0,cone,cone
9136,110,94,1.1702127659574468,cone,cone
9137,16,33,0.48484848484848486,jl,jl
9138,46,44,1.0454545454545454,cone,cone
9139,73,46,1.5869565217391304,cone,cone
9140,60,30,2.0,cone,cone
9141,24,21,1.1428571428571428,cone,cone
9142,47,35,1.3428571428571427,cone,cone
9143,88,37,2.3783783783783785,lateral,cone
9144,18,21,0.8571428571428571,jl,jl
9145,31,25,1.24,jl,cone
9146,20,18,1.1111111111111112,cone,cone
9147,37,26,1.4230769230769231,cone,cone
9148,12,41,0.2926829268292683,jl,lateral
9149,68,35,1.9428571428571428,cone,cone
9150,9,16,0.5625,jl,cone
9151,41,37,1.1081081081081081,cone,cone
9152,113,24,4.708333333333333,jl,cone
9153,35,33,1.0606060606060606,lateral,cone
9154,24,28,0.8571428571428571,jl,jl
9155,29,24,1.2083333333333333,cone,cone
9156,51,42,1.2142857142857142,cone,cone
9157,43,43,1.0,lateral,lateral
9158,70,41,1.7073170731707317,cone,cone
9159,21,20,1.05,cone,cone
9160,40,33,1.2121212121212122,cone,cone
9161,15,29,0.5172413793103449,jl,jl
9162,71,31,2.2903225806451615,cone,cone
9163,25,25,1.0,lateral,lateral
9164,38,36,1.0555555555555556,cone,cone
9165,77,53,1.4528301886792452,cone,cone
9166,22,36,0.6111111111111112,jl,cone
9167,17,21,0.8095238095238095,jl,jl
9168,22,22,1.0,cone,cone
9169,29,28,1.0357142857142858,lateral,lateral
9170,60,53,1.1320754716981132,cone,cone
9171,35,25,1.4,cone,cone
9172,27,25,1.08,cone,cone
9173,53,39,1.358974358974359,cone,cone
9174,36,32,1.125,cone,cone
9175,84,82,1.024390243902439,cone,cone
9176,21,22,0.9545454545454546,collision,cone
9177,67,29,2.310344827586207,jl,cone
9178,23,42,0.5476190476190477,jl,cone
9179,90,30,3.0,cone,cone
9180,23,19,1.2105263157894737,cone,cone
9181,13,13,1.0,lateral,lateral
9182,30,30,1.0,lateral,lateral
9183,57,30,1.9,cone,cone
9184,27,25,1.08,lateral,cone
9185,27,25,1.08,cone,cone
9186,18,22,0.8181818181818182,jl,cone
9187,32,32,1.0,cone,cone
9188,31,27,1.1481481481481481,cone,cone
9189,51,35,1.457142857142857,cone,cone
9190,66,67,0.9850746268656716,lateral,lateral
9191,37,33,1.121212121212121,cone,cone
9192,54,29,1.8620689655172413,cone,cone
9193,143,29,4.931034482758621,cone,cone
9194,55,34,1.6176470588235294,collision,cone
9195,70,40,1.75,cone,cone
9196,41,40,1.025,cone,cone
9197,79,29,2.7241379310344827,jl,cone
9198,12,15,0.8,jl,cone
9199,91,88,1.0340909090909092,cone,cone
9200,61,49,1.2448979591836735,cone,cone
9201,20,19,1.0526315789473684,cone,cone
9202,25,25,1.0,lateral,lateral
9203,13,12,1.0833333333333333,jl,jl
9204,9,41,0.21951219512195122,jl,cone
9205,12,12,1.0,lateral,lateral
9206,21,21,1.0,cone,cone
9207,43,33,1.303030303030303,cone,cone
9208,57,53,1.0754716981132075,cone,cone
9209,33,28,1.1785714285714286,cone,cone
9210,57,54,1.0555555555555556,cone,cone
9211,17,16,1.0625,cone,cone
9212,53,41,1.2926829268292683,cone,cone
9213,62,45,1.3777777777777778,cone,cone
9214,65,49,1.3265306122448979,cone,cone
9215,21,21,1.0,cone,cone
9216,17,16,1.0625,cone,cone
9217,26,22,1.1818181818181819,cone,cone
9218,17,19,0.8947368421052632,jl,lateral
9219,24,24,1.0,cone,cone
9220,29,24,1.2083333333333333,cone,cone
9221,57,36,1.5833333333333333,jl,cone
9222,13,24,0.5416666666666666,jl,cone
9223,45,43,1.0465116279069768,cone,cone
9224,76,70,1.0857142857142856,cone,cone
9225,27,23,1.173913043478261,cone,cone
9226,25,22,1.1363636363636365,cone,cone
9227,40,26,1.5384615384615385,cone,cone
9228,27,27,1.0,lateral,lateral
9229,15,15,1.0,lateral,lateral
9230,22,19,1.1578947368421053,cone,cone
9231,71,63,1.126984126984127,cone,cone
9232,61,30,2.033333333333333,cone,cone
9233,22,21,1.0476190476190477,cone,cone
9234,62,44,1.4090909090909092,cone,cone
9235,45,42,1.0714285714285714,cone,cone
9236,25,23,1.0869565217391304,cone,cone
9237,23,21,1.0952380952380953,cone,cone
9238,52,49,1.0612244897959184,jl,jl
9239,23,22,1.0454545454545454,cone,cone
9240,21,21,1.0,lateral,lateral
9241,59,47,1.2553191489361701,cone,cone
9242,82,82,1.0,lateral,lateral
9243,2,16,0.125,jl,jl
9244,53,48,1.1041666666666667,cone,cone
9245,69,42,1.6428571428571428,cone,cone
9246,12,12,1.0,lateral,lateral
9247,105,55,1.9090909090909092,lateral,cone
9248,32,27,1.1851851851851851,cone,cone
9249,19,19,1.0,cone,cone
9250,45,51,0.8823529411764706,jl,cone
9251,54,40,1.35,cone,cone
9252,11,11,1.0,cone,cone
9253,19,19,1.0,lateral,lateral
9254,17,18,0.9444444444444444,jl,cone
9255,20,20,1.0,cone,cone
9256,64,42,1.5238095238095237,cone,cone
9257,37,40,0.925,jl,cone
9258,42,42,1.0,lateral,lateral
9259,10,40,0.25,jl,cone
9260,45,24,1.875,cone,cone
9261,15,15,1.0,jl,jl
9262,24,22,1.0909090909090908,cone,cone
9263,19,20,0.95,cone,cone
9264,13,14,0.9285714285714286,lateral,cone
9265,52,28,1.8571428571428572,collision,cone
9266,53,81,0.654320987654321,jl,cone
9267,27,24,1.125,cone,cone
9268,35,35,1.0,cone,cone
9269,22,42,0.5238095238095238,jl,cone
9270,34,34,1.0,cone,cone
9271,41,39,1.0512820512820513,cone,cone
9272,77,77,1.0,lateral,lateral
9273,20,18,1.1111111111111112,cone,cone
9274,30,31,0.967741935483871,jl,cone
9275,28,32,0.875,jl,cone
9276,10,12,0.8333333333333334,jl,jl
9277,40,37,1.0810810810810811,jl,jl
9278,61,49,1.2448979591836735,cone,cone
9279,22,27,0.8148148148148148,jl,cone
9280,37,39,0.9487179487179487,cone,cone
9281,39,28,1.3928571428571428,cone,cone
9282,29,39,0.7435897435897436,jl,jl
9283,38,38,1.0,lateral,lateral
9284,45,42,1.0714285714285714,cone,cone
9285,30,29,1.0344827586206897,cone,cone
9286,17,17,1.0,jl,lateral
9287,56,56,1.0,lateral,lateral
9288,73,41,1.7804878048780488,cone,cone
9289,25,19,1.3157894736842106,jl,jl
9290,76,72,1.0555555555555556,cone,cone
9291,81,59,1.3728813559322033,cone,cone
9292,22,22,1.0,cone,cone
9293,21,19,1.105263157894737,jl,jl
9294,42,38,1.105263157894737,jl,cone
9295,70,69,1.0144927536231885,cone,cone
9296,26,23,1.1304347826086956,cone,cone
9297,70,33,2.121212121212121,cone,cone
9298,30,32,0.9375,cone,cone
9299,31,22,1.4090909090909092,cone,cone
9300,71,60,1.1833333333333333,cone,cone
9301,6,19,0.3157894736842105,jl,cone
9302,16,44,0.36363636363636365,jl,lateral
9303,53,48,1.1041666666666667,jl,cone
9304,74,64,1.15625,cone,cone
9305,26,24,1.0833333333333333,cone,cone
9306,42,42,1.0,cone,cone
9307,81,27,3.0,cone,cone
9308,30,28,1.0714285714285714,cone,cone
9309,49,57,0.8596491228070176,jl,jl
9310,23,29,0.7931034482758621,jl,cone
9311,37,32,1.15625,cone,cone
9312,95,41,2.317073170731707,lateral,cone
9313,30,27,1.1111111111111112,jl,cone
9314,22,22,1.0,cone,cone
9315,13,13,1.0,cone,cone
9316,73,23,3.1739130434782608,cone,cone
9317,21,19,1.105263157894737,cone,cone
9318,11,11,1.0,lateral,lateral
9319,19,18,1.0555555555555556,cone,cone
9320,44,40,1.1,cone,cone
9321,15,22,0.6818181818181818,jl,cone
9322,35,23,1.5217391304347827,cone,cone
9323,41,29,1.4137931034482758,cone,cone
9324,5,48,0.10416666666666667,jl,cone
9325,71,59,1.2033898305084745,cone,cone
9326,31,29,1.0689655172413792,cone,cone
9327,36,35,1.0285714285714285,cone,cone
9328,20,26,0.7692307692307693,collision,cone
9329,64,61,1.0491803278688525,lateral,cone
9330,124,24,5.166666666666667,cone,jl
9331,52,46,1.1304347826086956,cone,cone
9332,59,40,1.475,cone,cone
9333,51,47,1.0851063829787233,cone,cone
9334,84,26,3.230769230769231,jl,cone
9335,30,30,1.0,lateral,lateral
9336,54,43,1.255813953488372,cone,cone
9337,78,56,1.3928571428571428,cone,cone
9338,37,30,1.2333333333333334,cone,cone
9339,35,34,1.0294117647058822,lateral,lateral
9340,9,26,0.34615384615384615,jl,jl
9341,25,23,1.0869565217391304,cone,cone
9342,18,18,1.0,cone,cone
9343,10,26,0.38461538461538464,jl,cone
9344,50,46,1.0869565217391304,jl,jl
9345,32,29,1.103448275862069,cone,cone
9346,34,29,1.1724137931034482,cone,cone
9347,12,12,1.0,lateral,lateral
9348,33,33,1.0,cone,cone
9349,85,80,1.0625,cone,cone
9350,20,19,1.0526315789473684,cone,cone
9351,30,43,0.6976744186046512,jl,lateral
9352,59,40,1.475,cone,cone
9353,22,34,0.6470588235294118,jl,jl
9354,37,31,1.1935483870967742,jl,cone
9355,32,26,1.2307692307692308,cone,cone
9356,48,48,1.0,lateral,lateral
9357,57,27,2.111111111111111,cone,cone
9358,31,27,1.1481481481481481,cone,cone
9359,45,46,0.9782608695652174,cone,cone
9360,31,18,1.7222222222222223,cone,jl
9361,76,71,1.0704225352112675,cone,cone
9362,31,26,1.1923076923076923,cone,cone
9363,83,38,2.1842105263157894,cone,cone
9364,15,15,1.0,cone,cone
9365,42,36,1.1666666666666667,lateral,cone
9366,9,13,0.6923076923076923,jl,jl
9367,55,51,1.0784313725490196,lateral,cone
9368,104,104,1.0,cone,cone
9369,18,44,0.4090909090909091,jl,cone
9370,19,19,1.0,jl,lateral
9371,32,28,1.1428571428571428,cone,cone
9372,82,42,1.9523809523809523,cone,cone
9373,90,79,1.139240506329114,cone,cone
9374,89,70,1.2714285714285714,cone,cone
9375,54,42,1.2857142857142858,cone,cone
9376,46,46,1.0,cone,cone
9377,7,16,0.4375,jl,jl
9378,25,25,1.0,cone,cone
9379,48,30,1.6,cone,cone
9380,68,57,1.1929824561403508,cone,cone
9381,31,25,1.24,cone,cone
9382,21,20,1.05,cone,cone
9383,31,26,1.1923076923076923,cone,cone
9384,14,14,1.0,jl,jl
9385,12,24,0.5,jl,jl
9386,38,40,0.95,jl,cone
9387,111,21,5.285714285714286,cone,cone
9388,38,26,1.4615384615384615,cone,cone
9389,58,32,1.8125,cone,cone
9390,17,17,1.0,cone,cone
9391,40,28,1.4285714285714286,cone,cone
9392,52,47,1.1063829787234043,cone,cone
9393,67,62,1.0806451612903225,cone,cone
9394,15,17,0.8823529411764706,jl,jl
9395,39,33,1.1818181818181819,jl,jl
9396,17,18,0.9444444444444444,cone,cone
9397,40,35,1.1428571428571428,cone,cone
9398,21,18,1.1666666666666667,cone,cone
9399,65,34,1.911764705882353,cone,cone
9400,36,36,1.0,lateral,cone
9401,62,29,2.1379310344827585,jl,cone
9402,19,25,0.76,jl,jl
9403,103,98,1.0510204081632653,cone,cone
9404,14,28,0.5,jl,cone
9405,44,47,0.9361702127659575,jl,cone
9406,56,47,1.1914893617021276,cone,cone
9407,47,33,1.4242424242424243,cone,cone
9408,29,28,1.0357142857142858,cone,cone
9409,69,65,1.0615384615384615,cone,cone
9410,24,22,1.0909090909090908,cone,cone
9411,18,20,0.9,collision,cone
9412,22,28,0.7857142857142857,cone,cone
9413,25,25,1.0,lateral,lateral
9414,22,24,0.9166666666666666,collision,cone
9415,33,32,1.03125,cone,cone
9416,54,42,1.2857142857142858,cone,cone
9417,19,19,1.0,cone,cone
9418,37,36,1.0277777777777777,cone,cone
9419,38,38,1.0,lateral,lateral
9420,28,30,0.9333333333333333,cone,cone
9421,48,27,1.7777777777777777,jl,cone
9422,47,47,1.0,lateral,lateral
9423,30,30,1.0,cone,cone
9424,12,12,1.0,jl,jl
9425,18,17,1.0588235294117647,cone,cone
9426,128,35,3.657142857142857,cone,cone
9427,44,25,1.76,cone,cone
9428,62,52,1.1923076923076923,cone,cone
9429,34,34,1.0,jl,cone
9430,22,20,1.1,jl,cone
9431,61,51,1.196078431372549,lateral,cone
9432,14,13,1.0769230769230769,cone,cone
9433,30,28,1.0714285714285714,cone,cone
9434,16,15,1.0666666666666667,cone,cone
9435,24,28,0.8571428571428571,jl,jl
9436,61,43,1.4186046511627908,cone,jl
9437,19,19,1.0,lateral,lateral
9438,41,32,1.28125,cone,cone
9439,54,44,1.2272727272727273,cone,cone
9440,25,37,0.6756756756756757,jl,jl
9441,45,15,3.0,cone,cone
9442,33,26,1.2692307692307692,cone,cone
9443,87,77,1.12987012987013,cone,cone
9444,50,46,1.0869565217391304,cone,cone
9445,30,30,1.0,lateral,lateral
9446,27,21,1.2857142857142858,cone,cone
9447,21,22,0.9545454545454546,cone,cone
9448,75,70,1.0714285714285714,cone,cone
9449,29,24,1.2083333333333333,jl,cone
9450,59,26,2.269230769230769,jl,cone
9451,76,69,1.1014492753623188,cone,cone
9452,44,25,1.76,jl,cone
9453,39,38,1.0263157894736843,cone,cone
9454,15,33,0.45454545454545453,jl,cone
9455,17,16,1.0625,cone,cone
9456,36,34,1.0588235294117647,cone,cone
9457,35,33,1.0606060606060606,cone,cone
9458,50,38,1.3157894736842106,cone,cone
9459,75,68,1.1029411764705883,lateral,cone
9460,40,31,1.2903225806451613,jl,cone
9461,12,11,1.0909090909090908,cone,cone
9462,14,14,1.0,lateral,lateral
9463,74,41,1.8048780487804879,jl,cone
9464,24,22,1.0909090909090908,jl,jl
9465,15,18,0.8333333333333334,cone,cone
9466,69,34,2.0294117647058822,cone,cone
9467,33,30,1.1,cone,cone
9468,29,33,0.8787878787878788,jl,cone
9469,20,29,0.6896551724137931,jl,jl
9470,26,26,1.0,lateral,lateral
9471,57,48,1.1875,cone,cone
9472,21,21,1.0,lateral,lateral
9473,10,14,0.7142857142857143,jl,jl
9474,16,16,1.0,cone,cone
9475,55,53,1.0377358490566038,cone,cone
9476,58,58,1.0,lateral,lateral
9477,32,25,1.28,cone,cone
9478,33,34,0.9705882352941176,jl,jl
9479,43,37,1.162162162162162,lateral,cone
9480,61,28,2.1785714285714284,jl,cone
9481,34,23,1.4782608695652173,cone,cone
9482,7,9,0.7777777777777778,collision,collision
9483,9,17,0.5294117647058824,jl,jl
9484,61,49,1.2448979591836735,cone,cone
9485,77,41,1.8780487804878048,cone,cone
9486,16,23,0.6956521739130435,jl,cone
9487,37,36,1.0277777777777777,cone,cone
9488,55,57,0.9649122807017544,cone,cone
9489,16,85,0.18823529411764706,jl,cone
9490,11,22,0.5,jl,cone
9491,12,11,1.0909090909090908,cone,cone
9492,25,25,1.0,lateral,lateral
9493,22,23,0.9565217391304348,jl,lateral
9494,86,79,1.0886075949367089,cone,cone
9495,59,60,0.9833333333333333,cone,cone
9496,12,15,0.8,jl,collision
9497,41,30,1.3666666666666667,cone,cone
9498,25,19,1.3157894736842106,cone,jl
9499,1,18,0.05555555555555555,jl,cone
9500,28,38,0.7368421052631579,jl,cone
9501,12,12,1.0,cone,cone
9502,33,32,1.03125,cone,cone
9503,20,44,0.45454545454545453,jl,cone
9504,16,15,1.0666666666666667,jl,jl
9505,28,28,1.0,cone,cone
9506,27,25,1.08,cone,cone
9507,20,20,1.0,cone,cone
9508,49,49,1.0,lateral,lateral
9509,45,36,1.25,cone,cone
9510,38,37,1.027027027027027,cone,cone
9511,14,79,0.17721518987341772,jl,cone
9512,46,44,1.0454545454545454,cone,cone
9513,21,20,1.05,lateral,lateral
9514,21,20,1.05,cone,cone
9515,70,49,1.4285714285714286,cone,cone
9516,17,17,1.0,cone,cone
9517,24,20,1.2,cone,cone
9518,111,33,3.3636363636363638,jl,cone
9519,77,38,2.026315789473684,cone,cone
9520,20,19,1.0526315789473684,cone,cone
9521,43,37,1.162162162162162,cone,cone
9522,32,22,1.4545454545454546,cone,cone
9523,30,31,0.967741935483871,jl,cone
9524,53,34,1.5588235294117647,cone,cone
9525,22,19,1.1578947368421053,cone,cone
9526,34,25,1.36,jl,cone
9527,47,46,1.0217391304347827,lateral,lateral
9528,30,28,1.0714285714285714,cone,cone
9529,18,18,1.0,cone,cone
9530,15,24,0.625,jl,jl
9531,27,26,1.0384615384615385,cone,cone
9532,19,18,1.0555555555555556,cone,cone
9533,41,40,1.025,cone,cone
9534,33,22,1.5,cone,cone
9535,47,41,1.146341463414634,lateral,cone
9536,58,30,1.9333333333333333,cone,cone
9537,19,19,1.0,cone,cone
9538,67,53,1.2641509433962264,cone,cone
9539,41,36,1.1388888888888888,cone,cone
9540,59,30,1.9666666666666666,jl,cone
9541,21,20,1.05,cone,cone
9542,20,18,1.1111111111111112,cone,cone
9543,82,33,2.484848484848485,cone,cone
9544,28,20,1.4,jl,jl
9545,19,18,1.0555555555555556,cone,cone
9546,24,23,1.0434782608695652,cone,cone
9547,57,53,1.0754716981132075,cone,cone
9548,58,48,1.2083333333333333,cone,cone
9549,49,44,1.1136363636363635,cone,cone
9550,10,55,0.18181818181818182,jl,cone
9551,19,17,1.1176470588235294,cone,cone
9552,22,35,0.6285714285714286,jl,cone
9553,18,21,0.8571428571428571,jl,cone
9554,20,20,1.0,cone,cone
9555,51,50,1.02,cone,cone
9556,57,35,1.6285714285714286,cone,cone
9557,61,40,1.525,cone,cone
9558,34,30,1.1333333333333333,jl,cone
9559,25,16,1.5625,jl,jl
9560,19,33,0.5757575757575758,jl,cone
9561,16,16,1.0,cone,cone
9562,29,41,0.7073170731707317,jl,cone
9563,22,19,1.1578947368421053,cone,cone
9564,40,28,1.4285714285714286,cone,cone
9565,46,36,1.2777777777777777,cone,cone
9566,37,30,1.2333333333333334,jl,cone
9567,17,16,1.0625,cone,cone
9568,32,31,1.032258064516129,jl,cone
9569,65,46,1.4130434782608696,cone,cone
9570,13,13,1.0,jl,jl
9571,40,40,1.0,cone,collision
9572,18,40,0.45,jl,cone
9573,66,38,1.736842105263158,cone,cone
9574,43,24,1.7916666666666667,cone,cone
9575,72,47,1.5319148936170213,cone,cone
9576,88,75,1.1733333333333333,cone,cone
9577,15,16,0.9375,cone,cone
9578,15,36,0.4166666666666667,jl,cone
9579,36,37,0.972972972972973,cone,cone
9580,13,30,0.43333333333333335,jl,jl
9581,43,43,1.0,cone,cone
9582,23,20,1.15,cone,cone
9583,81,61,1.3278688524590163,cone,cone
9584,53,22,2.409090909090909,cone,cone
9585,88,41,2.1463414634146343,lateral,cone
9586,33,31,1.064516129032258,jl,cone
9587,39,32,1.21875,cone,cone
9588,17,17,1.0,lateral,lateral
9589,34,31,1.096774193548387,jl,cone
9590,20,19,1.0526315789473684,cone,cone
9591,48,41,1.170731707317073,cone,cone
9592,91,82,1.1097560975609757,cone,cone
9593,37,25,1.48,cone,cone
9594,13,13,1.0,lateral,lateral
9595,22,18,1.2222222222222223,cone,cone
9596,9,39,0.23076923076923078,jl,cone
9597,59,52,1.1346153846153846,cone,cone
9598,31,22,1.4090909090909092,cone,cone
9599,32,23,1.391304347826087,cone,cone
9600,53,42,1.2619047619047619,cone,cone
9601,22,20,1.1,cone,cone
9602,28,26,1.0769230769230769,cone,cone
9603,48,40,1.2,cone,cone
9604,21,18,1.1666666666666667,lateral,cone
9605,19,18,1.0555555555555556,cone,cone
9606,135,36,3.75,cone,cone
9607,55,30,1.8333333333333333,cone,cone
9608,7,16,0.4375,jl,jl
9609,52,39,1.3333333333333333,jl,cone
9610,23,23,1.0,cone,cone
9611,43,41,1.048780487804878,cone,cone
9612,73,64,1.140625,cone,jl
9613,40,39,1.0256410256410255,cone,cone
9614,45,40,1.125,cone,cone
9615,57,46,1.2391304347826086,cone,cone
9616,55,41,1.3414634146341464,cone,cone
9617,19,18,1.0555555555555556,cone,cone
9618,93,41,2.268292682926829,cone,cone
9619,2,33,0.06060606060606061,jl,lateral
9620,43,42,1.0238095238095237,cone,cone
9621,18,18,1.0,cone,cone
9622,30,27,1.1111111111111112,cone,cone
9623,39,36,1.0833333333333333,cone,cone
9624,26,24,1.0833333333333333,cone,cone
9625,30,30,1.0,lateral,lateral
9626,32,23,1.391304347826087,cone,cone
9627,27,30,0.9,cone,cone
9628,99,28,3.5357142857142856,jl,cone
9629,77,53,1.4528301886792452,cone,cone
9630,57,38,1.5,cone,cone
9631,47,39,1.205128205128205,cone,cone
9632,12,15,0.8,jl,jl
9633,9,28,0.32142857142857145,jl,cone
9634,76,45,1.6888888888888889,cone,cone
9635,20,18,1.1111111111111112,cone,cone
9636,40,39,1.0256410256410255,cone,cone
9637,86,62,1.3870967741935485,cone,cone
9638,38,44,0.8636363636363636,jl,jl
9639,32,30,1.0666666666666667,cone,cone
9640,12,12,1.0,cone,cone
9641,20,20,1.0,jl,jl
9642,31,24,1.2916666666666667,jl,cone
9643,28,21,1.3333333333333333,cone,cone
9644,59,53,1.1132075471698113,jl,cone
9645,36,36,1.0,jl,jl
9646,28,26,1.0769230769230769,jl,jl
9647,101,44,2.2954545454545454,cone,cone
9648,28,28,1.0,lateral,lateral
9649,72,55,1.309090909090909,cone,cone
9650,35,26,1.3461538461538463,cone,cone
9651,86,64,1.34375,cone,cone
9652,10,19,0.5263157894736842,collision,collision
9653,23,23,1.0,lateral,lateral
9654,16,22,0.7272727272727273,jl,jl
9655,76,73,1.0410958904109588,cone,cone
9656,69,33,2.090909090909091,cone,cone
9657,41,31,1.3225806451612903,cone,cone
9658,25,22,1.1363636363636365,cone,cone
9659,24,23,1.0434782608695652,cone,cone
9660,28,26,1.0769230769230769,cone,cone
9661,20,19,1.0526315789473684,cone,cone
9662,49,36,1.3611111111111112,cone,cone
9663,81,72,1.125,cone,cone
9664,50,44,1.1363636363636365,cone,cone
9665,23,46,0.5,jl,cone
9666,20,20,1.0,lateral,lateral
9667,69,36,1.9166666666666667,cone,cone
9668,97,44,2.2045454545454546,cone,cone
9669,25,23,1.0869565217391304,cone,cone
9670,14,14,1.0,lateral,lateral
9671,28,19,1.4736842105263157,cone,cone
9672,87,74,1.1756756756756757,cone,cone
9673,58,34,1.7058823529411764,cone,cone
9674,86,33,2.606060606060606,cone,cone
9675,52,33,1.5757575757575757,cone,cone
9676,29,29,1.0,cone,cone
9677,35,19,1.8421052631578947,cone,jl
9678,49,41,1.1951219512195121,cone,cone
9679,15,15,1.0,lateral,lateral
9680,84,36,2.3333333333333335,cone,cone
9681,27,27,1.0,cone,cone
9682,29,30,0.9666666666666667,cone,cone
9683,62,33,1.878787878787879,cone,cone
9684,37,23,1.608695652173913,cone,cone
9685,83,72,1.1527777777777777,cone,cone
9686,32,28,1.1428571428571428,jl,cone
9687,3,43,0.06976744186046512,jl,cone
9688,52,47,1.1063829787234043,cone,cone
9689,26,26,1.0,cone,cone
9690,46,33,1.393939393939394,jl,cone
9691,26,22,1.1818181818181819,cone,cone
9692,50,28,1.7857142857142858,jl,cone
9693,31,49,0.6326530612244898,jl,cone
9694,10,10,1.0,lateral,lateral
9695,117,40,2.925,jl,cone
9696,18,26,0.6923076923076923,jl,cone
9697,9,22,0.4090909090909091,jl,jl
9698,30,25,1.2,cone,cone
9699,84,36,2.3333333333333335,cone,cone
9700,71,31,2.2903225806451615,cone,cone
9701,27,26,1.0384615384615385,cone,cone
9702,45,24,1.875,cone,cone
9703,34,32,1.0625,cone,cone
9704,19,19,1.0,cone,cone
9705,77,63,1.2222222222222223,cone,cone
9706,36,33,1.0909090909090908,cone,cone
9707,24,21,1.1428571428571428,cone,cone
9708,12,12,1.0,lateral,lateral
9709,28,27,1.037037037037037,cone,cone
9710,31,20,1.55,jl,jl
9711,64,53,1.2075471698113207,cone,cone
9712,22,42,0.5238095238095238,jl,cone
9713,62,44,1.4090909090909092,cone,cone
9714,36,34,1.0588235294117647,cone,cone
9715,92,23,4.0,jl,cone
9716,43,30,1.4333333333333333,cone,cone
9717,20,20,1.0,cone,cone
9718,17,21,0.8095238095238095,jl,cone
9719,33,36,0.9166666666666666,cone,lateral
9720,13,13,1.0,lateral,lateral
9721,19,23,0.8260869565217391,jl,cone
9722,77,47,1.6382978723404256,lateral,jl
9723,81,41,1.975609756097561,cone,cone
9724,16,22,0.7272727272727273,jl,jl
9725,24,24,1.0,lateral,lateral
9726,27,30,0.9,cone,cone
9727,61,46,1.326086956521739,cone,cone
9728,28,28,1.0,jl,jl
9729,22,22,1.0,cone,cone
9730,11,11,1.0,cone,cone
9731,20,19,1.0526315789473684,cone,cone
9732,22,22,1.0,lateral,lateral
9733,23,20,1.15,cone,cone
9734,32,26,1.2307692307692308,cone,cone
9735,16,14,1.1428571428571428,jl,jl
9736,63,36,1.75,cone,jl
9737,24,23,1.0434782608695652,jl,cone
9738,47,47,1.0,lateral,cone
9739,39,35,1.1142857142857143,cone,cone
9740,81,36,2.25,cone,cone
9741,10,10,1.0,cone,cone
9742,39,30,1.3,cone,cone
9743,72,54,1.3333333333333333,cone,cone
9744,21,19,1.105263157894737,cone,cone
9745,11,10,1.1,jl,jl
9746,24,23,1.0434782608695652,lateral,cone
9747,20,20,1.0,cone,cone
9748,13,37,0.35135135135135137,jl,cone
9749,73,38,1.9210526315789473,jl,cone
9750,109,26,4.1923076923076925,cone,jl
9751,87,81,1.0740740740740742,lateral,cone
9752,11,31,0.3548387096774194,jl,cone
9753,90,42,2.142857142857143,cone,cone
9754,77,65,1.1846153846153846,cone,cone
9755,54,39,1.3846153846153846,cone,cone
9756,40,30,1.3333333333333333,cone,cone
9757,77,64,1.203125,cone,cone
9758,9,14,0.6428571428571429,jl,jl
9759,114,49,2.326530612244898,cone,cone
9760,57,33,1.7272727272727273,cone,cone
9761,26,56,0.4642857142857143,jl,cone
9762,77,67,1.1492537313432836,cone,cone
9763,59,42,1.4047619047619047,cone,cone
9764,53,53,1.0,cone,cone
9765,71,74,0.9594594594594594,cone,lateral
9766,19,40,0.475,jl,cone
9767,41,35,1.1714285714285715,cone,cone
9768,24,17,1.411764705882353,cone,cone
9769,48,38,1.263157894736842,cone,cone
9770,71,69,1.0289855072463767,cone,cone
9771,20,19,1.0526315789473684,cone,cone
9772,47,25,1.88,cone,jl
9773,55,55,1.0,lateral,lateral
9774,29,28,1.0357142857142858,cone,cone
9775,29,25,1.16,cone,cone
9776,48,39,1.2307692307692308,cone,cone
9777,84,46,1.826086956521739,cone,cone
9778,46,42,1.0952380952380953,cone,cone
9779,14,14,1.0,lateral,lateral
9780,50,34,1.4705882352941178,cone,cone
9781,70,62,1.1290322580645162,cone,cone
9782,54,54,1.0,cone,cone
9783,4,35,0.11428571428571428,jl,cone
9784,25,31,0.8064516129032258,cone,cone
9785,52,52,1.0,lateral,lateral
9786,31,26,1.1923076923076923,collision,cone
9787,22,22,1.0,jl,jl
9788,20,20,1.0,cone,cone
9789,69,42,1.6428571428571428,jl,cone
9790,53,47,1.127659574468085,cone,cone
9791,111,32,3.46875,jl,cone
9792,48,37,1.2972972972972974,cone,cone
9793,56,41,1.3658536585365855,cone,cone
9794,18,17,1.0588235294117647,cone,cone
9795,29,22,1.3181818181818181,cone,cone
9796,38,22,1.7272727272727273,cone,cone
9797,28,28,1.0,cone,cone
9798,29,24,1.2083333333333333,cone,cone
9799,43,38,1.131578947368421,cone,cone
9800,32,31,1.032258064516129,cone,cone
9801,22,18,1.2222222222222223,cone,cone
9802,56,30,1.8666666666666667,cone,cone
9803,37,37,1.0,lateral,lateral
9804,39,35,1.1142857142857143,cone,cone
9805,19,21,0.9047619047619048,jl,cone
9806,48,24,2.0,cone,cone
9807,44,23,1.9130434782608696,cone,cone
9808,33,31,1.064516129032258,cone,cone
9809,47,47,1.0,lateral,lateral
9810,48,25,1.92,cone,cone
9811,27,24,1.125,cone,cone
9812,37,25,1.48,cone,cone
9813,25,22,1.1363636363636365,cone,cone
9814,18,17,1.0588235294117647,cone,cone
9815,67,67,1.0,lateral,lateral
9816,20,19,1.0526315789473684,cone,cone
9817,17,30,0.5666666666666667,jl,cone
9818,36,29,1.2413793103448276,jl,cone
9819,8,10,0.8,jl,jl
9820,131,34,3.8529411764705883,cone,cone
9821,80,35,2.2857142857142856,lateral,cone
9822,31,22,1.4090909090909092,lateral,cone
9823,13,16,0.8125,jl,jl
9824,21,21,1.0,cone,cone
9825,22,22,1.0,lateral,lateral
9826,27,24,1.125,cone,cone
9827,15,23,0.6521739130434783,jl,jl
9828,38,25,1.52,cone,cone
9829,40,37,1.0810810810810811,lateral,cone
9830,28,27,1.037037037037037,cone,cone
9831,1,20,0.05,jl,cone
9832,30,51,0.5882352941176471,jl,cone
9833,42,27,1.5555555555555556,cone,cone
9834,31,21,1.4761904761904763,cone,cone
9835,22,23,0.9565217391304348,cone,cone
9836,21,38,0.5526315789473685,jl,cone
9837,44,31,1.4193548387096775,cone,cone
9838,60,60,1.0,lateral,lateral
9839,74,63,1.1746031746031746,cone,cone
9840,1,20,0.05,jl,jl
9841,1,34,0.029411764705882353,jl,cone
9842,45,40,1.125,jl,jl
9843,20,19,1.0526315789473684,cone,cone
9844,46,38,1.2105263157894737,cone,cone
9845,31,17,1.8235294117647058,cone,cone
9846,35,33,1.0606060606060606,cone,cone
9847,20,20,1.0,cone,cone
9848,52,28,1.8571428571428572,jl,cone
9849,34,26,1.3076923076923077,cone,cone
9850,56,37,1.5135135135135136,cone,cone
9851,13,10,1.3,jl,jl
9852,63,40,1.575,cone,cone
9853,16,16,1.0,lateral,lateral
9854,26,27,0.9629629629629629,cone,cone
9855,67,43,1.558139534883721,cone,cone
9856,25,18,1.3888888888888888,cone,cone
9857,23,36,0.6388888888888888,jl,cone
9858,72,69,1.0434782608695652,cone,cone
9859,36,28,1.2857142857142858,cone,cone
9860,32,30,1.0666666666666667,cone,cone
9861,43,42,1.0238095238095237,jl,cone
9862,35,29,1.206896551724138,cone,cone
9863,38,33,1.1515151515151516,cone,cone
9864,71,33,2.1515151515151514,jl,jl
9865,129,27,4.777777777777778,jl,cone
9866,77,13,5.923076923076923,cone,jl
9867,89,65,1.3692307692307693,cone,cone
9868,77,68,1.1323529411764706,cone,cone
9869,22,28,0.7857142857142857,jl,cone
9870,24,23,1.0434782608695652,cone,cone
9871,79,33,2.393939393939394,jl,cone
9872,42,25,1.68,cone,cone
9873,65,10,6.5,cone,jl
9874,12,11,1.0909090909090908,cone,cone
9875,83,62,1.3387096774193548,lateral,cone
9876,39,33,1.1818181818181819,jl,cone
9877,11,11,1.0,cone,cone
9878,31,27,1.1481481481481481,cone,cone
9879,75,57,1.3157894736842106,jl,cone
9880,5,26,0.19230769230769232,jl,jl
9881,37,29,1.2758620689655173,cone,cone
9882,29,27,1.0740740740740742,cone,cone
9883,26,23,1.1304347826086956,cone,cone
9884,103,36,2.861111111111111,cone,cone
9885,46,33,1.393939393939394,cone,cone
9886,82,29,2.8275862068965516,cone,cone
9887,6,64,0.09375,jl,cone
9888,33,28,1.1785714285714286,cone,cone
9889,62,38,1.631578947368421,jl,cone
9890,72,46,1.565217391304348,cone,cone
9891,31,29,1.0689655172413792,cone,cone
9892,15,15,1.0,jl,jl
9893,47,40,1.175,cone,cone
9894,14,12,1.1666666666666667,jl,jl
9895,57,48,1.1875,cone,cone
9896,51,46,1.108695652173913,cone,cone
9897,63,63,1.0,lateral,lateral
9898,26,28,0.9285714285714286,cone,cone
9899,48,37,1.2972972972972974,jl,cone
9900,9,10,0.9,jl,jl
9901,45,73,0.6164383561643836,jl,lateral
9902,68,44,1.5454545454545454,cone,cone
9903,33,29,1.1379310344827587,cone,cone
9904,34,22,1.5454545454545454,cone,cone
9905,36,36,1.0,lateral,lateral
9906,60,61,0.9836065573770492,cone,cone
9907,56,54,1.037037037037037,cone,cone
9908,53,39,1.358974358974359,cone,cone
9909,109,62,1.7580645161290323,cone,cone
9910,69,59,1.1694915254237288,cone,cone
9911,19,18,1.0555555555555556,cone,cone
9912,48,48,1.0,lateral,lateral
9913,32,27,1.1851851851851851,cone,cone
9914,27,26,1.0384615384615385,cone,cone
9915,28,24,1.1666666666666667,cone,cone
9916,16,17,0.9411764705882353,cone,cone
9917,69,33,2.090909090909091,jl,cone
9918,17,20,0.85,jl,jl
9919,20,21,0.9523809523809523,jl,jl
9920,13,12,1.0833333333333333,cone,cone
9921,10,10,1.0,jl,jl
9922,39,32,1.21875,cone,cone
9923,11,11,1.0,jl,jl
9924,67,67,1.0,lateral,lateral
9925,18,18,1.0,lateral,lateral
9926,28,40,0.7,jl,jl
9927,22,22,1.0,lateral,lateral
9928,85,29,2.9310344827586206,cone,cone
9929,11,15,0.7333333333333333,jl,jl
9930,24,24,1.0,cone,cone
9931,29,25,1.16,cone,cone
9932,25,26,0.9615384615384616,cone,cone
9933,37,37,1.0,lateral,lateral
9934,37,34,1.088235294117647,cone,cone
9935,1,32,0.03125,jl,cone
9936,99,25,3.96,cone,cone
9937,25,23,1.0869565217391304,cone,cone
9938,29,29,1.0,cone,cone
9939,11,14,0.7857142857142857,collision,collision
9940,91,30,3.033333333333333,cone,cone
9941,33,25,1.32,cone,cone
9942,19,18,1.0555555555555556,cone,cone
9943,22,22,1.0,lateral,lateral
9944,62,37,1.6756756756756757,cone,cone
9945,23,21,1.0952380952380953,cone,cone
9946,68,31,2.193548387096774,collision,cone
9947,96,34,2.823529411764706,jl,cone
9948,70,44,1.5909090909090908,jl,cone
9949,20,20,1.0,lateral,lateral
9950,27,24,1.125,cone,cone
9951,28,24,1.1666666666666667,cone,cone
9952,104,28,3.7142857142857144,cone,cone
9953,36,32,1.125,cone,cone
9954,86,81,1.0617283950617284,jl,jl
9955,14,14,1.0,collision,collision
9956,27,22,1.2272727272727273,cone,cone
9957,28,27,1.037037037037037,cone,cone
9958,22,20,1.1,cone,cone
9959,5,19,0.2631578947368421,jl,cone
9960,23,22,1.0454545454545454,cone,cone
9961,90,46,1.9565217391304348,jl,cone
9962,11,55,0.2,jl,cone
9963,17,17,1.0,cone,cone
9964,58,28,2.0714285714285716,cone,cone
9965,20,22,0.9090909090909091,cone,cone
9966,23,23,1.0,lateral,lateral
9967,17,13,1.3076923076923077,jl,jl
9968,50,47,1.0638297872340425,cone,cone
9969,28,32,0.875,cone,cone
9970,58,49,1.183673469387755,cone,cone
9971,28,39,0.717948717948718,cone,cone
9972,33,24,1.375,cone,cone
9973,35,36,0.9722222222222222,jl,jl
9974,45,29,1.5517241379310345,cone,cone
9975,20,30,0.6666666666666666,jl,cone
9976,13,33,0.3939393939393939,jl,cone
9977,19,19,1.0,cone,cone
9978,48,28,1.7142857142857142,cone,cone
9979,20,19,1.0526315789473684,cone,cone
9980,21,31,0.6774193548387096,jl,jl
9981,38,28,1.3571428571428572,cone,cone
9982,15,15,1.0,cone,cone
9983,63,63,1.0,lateral,lateral
9984,52,42,1.2380952380952381,cone,cone
9985,59,60,0.9833333333333333,cone,lateral
9986,52,41,1.2682926829268293,cone,cone
9987,79,26,3.0384615384615383,jl,cone
9988,20,20,1.0,cone,cone
9989,28,24,1.1666666666666667,lateral,jl
9990,45,32,1.40625,cone,cone
9991,55,49,1.1224489795918366,cone,cone
9992,55,33,1.6666666666666667,cone,cone
9993,22,20,1.1,cone,cone
9994,61,46,1.326086956521739,cone,cone
9995,44,34,1.2941176470588236,cone,cone
9996,79,76,1.0394736842105263,jl,cone
9997,22,21,1.0476190476190477,cone,cone
9998,1,41,0.024390243902439025,jl,cone
9999,46,25,1.84,cone,cone
