iter,mean_R,mean_len,success_rate,pi_loss,v_loss,entropy,kl,clip_frac,wall,reason_breakdown
1,0.5751916170120239,33.34375,0.40625,-0.2359040379524231,0.2162351757287979,3.7409653663635254,0.011448572389781475,0.30078125,2.1025447845458984,max_steps:39|joint_limit:23|pos_err_exceeded:22|self_collision:11
10,0.6060141921043396,35.03125,0.40625,0.1832357496023178,0.20177137851715088,4.459571361541748,0.07886724174022675,0.140625,17.846710443496704,max_steps:39|joint_limit:34|pos_err_exceeded:15|self_collision:6
20,0.6206547021865845,36.145833333333336,0.4166666666666667,-0.017013512551784515,0.1646520048379898,4.921174049377441,0.07500916719436646,0.171875,35.403483390808105,max_steps:40|joint_limit:27|pos_err_exceeded:23|self_collision:5
30,0.6060783863067627,35.041666666666664,0.4583333333333333,-0.2721628248691559,0.16730272769927979,5.561798095703125,0.04682889208197594,0.3138020833333333,52.93158149719238,max_steps:44|joint_limit:28|pos_err_exceeded:16|self_collision:5
40,0.5199683904647827,31.3125,0.3958333333333333,-0.17075300216674805,0.15999707579612732,6.278162956237793,0.07410530745983124,0.234375,70.9053406715393,max_steps:38|joint_limit:24|pos_err_exceeded:23|self_collision:9
50,0.6171054244041443,35.260416666666664,0.4270833333333333,-0.1903454214334488,0.12435482442378998,6.985431671142578,0.07833094894886017,0.22916666666666666,88.14064598083496,max_steps:41|joint_limit:27|pos_err_exceeded:22|init_ik_fail:4
60,0.6016253232955933,36.229166666666664,0.40625,-0.14848504960536957,0.165715754032135,6.9836530685424805,0.057240210473537445,0.20572916666666666,105.22778940200806,max_steps:39|joint_limit:31|pos_err_exceeded:17|self_collision:8
70,0.5549039244651794,32.947916666666664,0.3645833333333333,-0.27720701694488525,0.18832185864448547,7.936332702636719,0.009047223255038261,0.21744791666666666,122.34053254127502,max_steps:35|pos_err_exceeded:27|joint_limit:26|self_collision:5
80,0.5406011939048767,31.46875,0.3958333333333333,-0.09382129460573196,0.15651661157608032,7.42880392074585,0.07062354683876038,0.1909722222222222,139.4950876235962,max_steps:38|joint_limit:24|pos_err_exceeded:19|self_collision:8
90,0.5738108158111572,34.114583333333336,0.3645833333333333,-0.08759284019470215,0.1478368043899536,8.136656761169434,0.05672089383006096,0.13020833333333334,156.5610010623932,max_steps:35|joint_limit:31|pos_err_exceeded:20|self_collision:8
100,0.5552347898483276,31.822916666666668,0.4166666666666667,-0.27641862630844116,0.21691592037677765,9.366732597351074,0.05368123576045036,0.19791666666666666,173.65957355499268,max_steps:40|pos_err_exceeded:27|joint_limit:19|self_collision:6
110,0.535889744758606,31.760416666666668,0.3958333333333333,-0.1711052656173706,0.16533324122428894,10.309191703796387,0.06307952105998993,0.1840277777777778,190.83876848220825,max_steps:38|joint_limit:29|pos_err_exceeded:20|init_ik_fail:5
120,0.5957643389701843,36.770833333333336,0.4375,-0.2621338367462158,0.136230006814003,10.967287063598633,0.05079501122236252,0.15833333333333333,208.03419709205627,max_steps:42|joint_limit:24|pos_err_exceeded:21|self_collision:9
130,0.5231797099113464,30.8125,0.3333333333333333,-0.09767884761095047,0.13270801305770874,10.8381986618042,0.05458112061023712,0.20416666666666666,225.28943037986755,max_steps:32|joint_limit:28|pos_err_exceeded:26|init_ik_fail:5
140,0.5933037996292114,35.979166666666664,0.3333333333333333,-0.2749742269515991,0.10350088775157928,10.988158226013184,0.014064555987715721,0.20442708333333334,242.48638653755188,joint_limit:36|max_steps:32|pos_err_exceeded:24|self_collision:2
150,0.5451624393463135,31.697916666666668,0.3333333333333333,-0.3551914691925049,0.13655957579612732,11.234248161315918,0.06266501545906067,0.22916666666666666,259.69915986061096,max_steps:32|joint_limit:28|pos_err_exceeded:25|self_collision:6
160,0.5848945379257202,34.84375,0.4166666666666667,-0.6224240660667419,0.08807830512523651,11.241968154907227,0.014776399359107018,0.14453125,277.02807998657227,max_steps:40|joint_limit:28|pos_err_exceeded:18|init_ik_fail:5
170,0.6289517879486084,37.333333333333336,0.4375,-0.22154955565929413,0.11784186959266663,11.347918510437012,0.03829064965248108,0.21223958333333334,294.2650194168091,max_steps:42|pos_err_exceeded:25|joint_limit:22|self_collision:5
180,0.5859620571136475,35.083333333333336,0.4166666666666667,-0.46066856384277344,0.146401509642601,11.379270553588867,0.027370503172278404,0.19401041666666666,311.44207072257996,max_steps:40|joint_limit:32|pos_err_exceeded:14|self_collision:7
190,0.6393944025039673,37.520833333333336,0.46875,-0.13942041993141174,0.10684187710285187,11.290412902832031,0.020715638995170593,0.2760416666666667,328.59355187416077,max_steps:45|pos_err_exceeded:22|joint_limit:22|self_collision:6
200,0.6200448274612427,39.052083333333336,0.4166666666666667,-0.4557373523712158,0.07152052223682404,11.283717155456543,0.05351613089442253,0.3385416666666667,345.85021805763245,max_steps:40|pos_err_exceeded:24|joint_limit:24|self_collision:6
210,0.5019018650054932,30.614583333333332,0.3333333333333333,-0.3353425860404968,0.11811796575784683,11.325350761413574,0.06369706988334656,0.24404761904761904,363.0946705341339,max_steps:32|pos_err_exceeded:29|joint_limit:28|self_collision:4
220,0.5817472338676453,34.270833333333336,0.40625,-0.28139400482177734,0.08700811862945557,11.496615409851074,-0.029724955558776855,0.2421875,380.2908775806427,max_steps:39|pos_err_exceeded:27|joint_limit:20|self_collision:8
230,0.5385794639587402,31.302083333333332,0.3854166666666667,-0.1506386399269104,0.11754110455513,11.43335247039795,0.05209004878997803,0.16145833333333334,397.45603919029236,max_steps:37|joint_limit:22|pos_err_exceeded:20|self_collision:13
240,0.49267634749412537,29.75,0.2708333333333333,-0.15269872546195984,0.12188593298196793,11.450045585632324,0.06851916015148163,0.015625,414.7165153026581,joint_limit:34|pos_err_exceeded:27|max_steps:26|self_collision:6
250,0.6096298694610596,36.552083333333336,0.4375,-0.31066620349884033,0.1309485137462616,11.523730278015137,0.027214154601097107,0.1953125,431.90359592437744,max_steps:42|joint_limit:27|pos_err_exceeded:19|self_collision:5
260,0.5911195278167725,33.822916666666664,0.375,-0.14431951940059662,0.10033613443374634,11.602401733398438,0.05966351926326752,0.11631944444444445,449.1061255931854,max_steps:36|pos_err_exceeded:26|joint_limit:25|self_collision:6
270,0.58063143491745,33.666666666666664,0.3229166666666667,-0.29770588874816895,0.07888826727867126,11.576281547546387,0.02188781462609768,0.2955729166666667,466.42476415634155,pos_err_exceeded:38|max_steps:31|joint_limit:20|self_collision:5
280,0.5736616849899292,34.53125,0.4270833333333333,-0.21520525217056274,0.11965193599462509,11.493856430053711,0.03221028298139572,0.2591145833333333,483.75062704086304,max_steps:41|joint_limit:32|pos_err_exceeded:17|self_collision:4
290,0.6749265193939209,39.3125,0.5104166666666666,-0.3427942991256714,0.12701286375522614,11.639208793640137,0.03914745897054672,0.20442708333333334,501.1916272640228,max_steps:49|joint_limit:22|pos_err_exceeded:20|self_collision:5
300,0.6289224028587341,36.708333333333336,0.4375,-0.44106653332710266,0.059218525886535645,11.671324729919434,-0.008701026439666748,0.15625,518.7959191799164,max_steps:42|pos_err_exceeded:25|joint_limit:24|self_collision:3
310,0.6089968085289001,37.25,0.3854166666666667,-0.12702704966068268,0.11055266857147217,11.513693809509277,0.024383585900068283,0.18619791666666666,536.8193576335907,max_steps:37|joint_limit:27|pos_err_exceeded:24|self_collision:6
320,0.6329969763755798,37.708333333333336,0.4583333333333333,-0.20677217841148376,0.07564221322536469,11.483973503112793,0.01628124713897705,0.1875,554.6513614654541,max_steps:44|pos_err_exceeded:26|joint_limit:20|init_ik_fail:3
330,0.6697685122489929,37.979166666666664,0.4791666666666667,-0.22918620705604553,0.11960934847593307,11.354303359985352,0.14536923170089722,0.07291666666666667,572.4242639541626,max_steps:46|pos_err_exceeded:27|joint_limit:16|self_collision:6
340,0.6501219272613525,38.46875,0.4583333333333333,-0.28339385986328125,0.09907577931880951,11.439318656921387,0.0816386491060257,0.21006944444444445,589.8833000659943,max_steps:44|joint_limit:25|pos_err_exceeded:24|init_ik_fail:2
350,0.5995074510574341,35.46875,0.4375,-0.05944801867008209,0.11840082705020905,11.235261917114258,0.013123920187354088,0.21875,607.04159116745,max_steps:42|joint_limit:28|pos_err_exceeded:15|self_collision:9
360,0.6449501514434814,37.645833333333336,0.4270833333333333,-0.4449319839477539,0.12180166691541672,11.365767478942871,0.05232758820056915,0.07291666666666667,624.0889437198639,max_steps:41|pos_err_exceeded:23|joint_limit:22|self_collision:7
370,0.6144148111343384,36.5625,0.4791666666666667,-0.41360902786254883,0.10991606116294861,11.069135665893555,-0.006968582980334759,0.2630208333333333,641.3330957889557,max_steps:46|joint_limit:27|pos_err_exceeded:18|self_collision:4
380,0.6361430883407593,35.697916666666664,0.46875,-0.2132977396249771,0.09570807218551636,11.150886535644531,0.05167828127741814,0.0763888888888889,658.2912046909332,max_steps:45|pos_err_exceeded:27|joint_limit:15|init_ik_fail:5
390,0.5946965217590332,36.177083333333336,0.40625,-0.16181467473506927,0.07665646076202393,11.241365432739258,0.1567743420600891,0.109375,675.2447457313538,max_steps:39|joint_limit:27|pos_err_exceeded:24|init_ik_fail:3
400,0.6144633293151855,35.947916666666664,0.4479166666666667,-0.225949227809906,0.12360462546348572,11.433151245117188,0.05462094396352768,0.0798611111111111,692.1525661945343,max_steps:43|pos_err_exceeded:27|joint_limit:18|self_collision:6
410,0.6289010047912598,37.041666666666664,0.4895833333333333,-0.161640465259552,0.12596945464611053,11.534296989440918,0.030296429991722107,0.2109375,709.3192887306213,max_steps:47|joint_limit:24|pos_err_exceeded:20|self_collision:5
420,0.6346575021743774,37.364583333333336,0.4479166666666667,-0.3449455499649048,0.1200733631849289,11.4911527633667,0.007882535457611084,0.18359375,726.3838846683502,max_steps:43|joint_limit:23|pos_err_exceeded:23|self_collision:6
430,0.6524574756622314,38.84375,0.5,-0.4192633032798767,0.06298802047967911,11.602338790893555,0.03159978240728378,0.19791666666666666,743.6204798221588,max_steps:48|joint_limit:21|pos_err_exceeded:21|self_collision:4
440,0.6077821254730225,35.822916666666664,0.40625,-0.33837592601776123,0.06770884990692139,11.686124801635742,0.04113328456878662,0.19791666666666666,760.9934544563293,max_steps:39|pos_err_exceeded:26|joint_limit:24|self_collision:6
450,0.5696754455566406,35.34375,0.3333333333333333,-0.40213239192962646,0.040384501218795776,11.713125228881836,0.03781281039118767,0.19140625,778.0776727199554,max_steps:32|joint_limit:29|pos_err_exceeded:24|self_collision:10
460,0.6571874618530273,38.229166666666664,0.5208333333333334,-0.446094274520874,0.053329773247241974,11.748064994812012,0.003061274765059352,0.21614583333333334,795.2503206729889,max_steps:50|joint_limit:19|pos_err_exceeded:14|self_collision:8
470,0.5994925498962402,35.104166666666664,0.40625,-0.15435871481895447,0.07894425094127655,11.726364135742188,0.03229989856481552,0.2630208333333333,812.507447719574,max_steps:39|pos_err_exceeded:33|joint_limit:18|self_collision:5
480,0.6026947498321533,37.020833333333336,0.4270833333333333,-0.28063011169433594,0.09938421100378036,11.715078353881836,0.009074032306671143,0.23828125,829.7538273334503,max_steps:41|joint_limit:26|pos_err_exceeded:24|self_collision:4
490,0.6329742670059204,36.46875,0.46875,-0.172997385263443,0.07071349024772644,11.73792552947998,0.03974052518606186,0.20182291666666666,846.9539878368378,max_steps:45|pos_err_exceeded:22|joint_limit:19|self_collision:8
500,0.606182873249054,36.802083333333336,0.4166666666666667,-0.06408877670764923,0.07216008752584457,11.725526809692383,0.04049259424209595,0.3098958333333333,864.195737361908,max_steps:40|joint_limit:26|pos_err_exceeded:22|self_collision:8
510,0.6417534351348877,38.458333333333336,0.46875,-0.23457841575145721,0.09412817656993866,11.755195617675781,0.008735418319702148,0.24739583333333334,881.5827159881592,max_steps:45|pos_err_exceeded:24|joint_limit:20|self_collision:5
520,0.593717098236084,36.0625,0.4270833333333333,-0.13153070211410522,0.10745324939489365,11.755195617675781,0.019016703590750694,0.2552083333333333,898.7811498641968,max_steps:41|pos_err_exceeded:28|joint_limit:21|self_collision:4
530,0.6195785999298096,37.385416666666664,0.4375,-0.3383060097694397,0.0927518829703331,11.723770141601562,0.04031948372721672,0.22526041666666666,916.0815858840942,max_steps:42|joint_limit:25|pos_err_exceeded:20|self_collision:6
540,0.6577593088150024,39.052083333333336,0.4895833333333333,-0.36975547671318054,0.08624494075775146,11.755195617675781,-0.004619578830897808,0.12890625,933.3592698574066,max_steps:47|pos_err_exceeded:23|joint_limit:20|self_collision:5
550,0.6180807948112488,37.8125,0.4166666666666667,-0.20534777641296387,0.11507582664489746,11.706596374511719,0.00782289169728756,0.296875,950.5025675296783,max_steps:40|pos_err_exceeded:28|joint_limit:22|self_collision:4
560,0.5520536303520203,31.46875,0.34375,-0.18750759959220886,0.12163975834846497,11.650824546813965,0.06271868944168091,0.203125,967.5777411460876,max_steps:33|joint_limit:29|pos_err_exceeded:24|self_collision:9
570,0.5905668139457703,33.78125,0.4375,-0.20832589268684387,0.0888177827000618,11.520483016967773,0.015942275524139404,0.2526041666666667,984.6920747756958,max_steps:42|pos_err_exceeded:26|joint_limit:23|self_collision:4
580,0.5584980249404907,32.614583333333336,0.375,-0.3782094717025757,0.07402787357568741,11.638717651367188,0.05844062566757202,0.3072916666666667,1001.834347486496,max_steps:36|joint_limit:27|pos_err_exceeded:22|self_collision:7
590,0.660190224647522,39.229166666666664,0.4895833333333333,-0.12135421484708786,0.09782744944095612,11.5515775680542,0.055794596672058105,0.19270833333333334,1018.9239993095398,max_steps:47|pos_err_exceeded:26|joint_limit:14|self_collision:7
600,0.6885895729064941,39.9375,0.5,-0.18544209003448486,0.12857210636138916,11.514216423034668,0.2748774588108063,0.2760416666666667,1035.9988610744476,max_steps:48|pos_err_exceeded:22|joint_limit:19|self_collision:7
610,0.5528661012649536,31.875,0.3541666666666667,-0.3638143241405487,0.08937561511993408,11.690977096557617,0.027337849140167236,0.27734375,1053.0215210914612,max_steps:34|joint_limit:30|pos_err_exceeded:24|self_collision:8
620,0.6118061542510986,36.03125,0.46875,-0.39717185497283936,0.06248725205659866,11.624582290649414,0.027173519134521484,0.16666666666666666,1070.2404236793518,max_steps:45|pos_err_exceeded:25|joint_limit:20|init_ik_fail:3
630,0.5526185631752014,34.84375,0.3854166666666667,-0.2865084409713745,0.07539384067058563,11.628780364990234,0.057045064866542816,0.171875,1087.300909280777,max_steps:37|pos_err_exceeded:24|joint_limit:19|self_collision:12
640,0.6138133406639099,35.770833333333336,0.3958333333333333,-0.1564916968345642,0.11883656680583954,11.578498840332031,0.12361904233694077,0.06770833333333333,1104.5115752220154,max_steps:38|pos_err_exceeded:32|joint_limit:20|init_ik_fail:3
650,0.6121482253074646,37.1875,0.40625,-0.4601989984512329,0.08723262697458267,11.62250804901123,0.06876122951507568,0.03125,1121.6831483840942,max_steps:39|pos_err_exceeded:27|joint_limit:24|self_collision:4
660,0.5689098834991455,33.96875,0.4166666666666667,-0.3961636424064636,0.10141459107398987,11.755195617675781,0.00913017988204956,0.3255208333333333,1138.9469459056854,max_steps:40|pos_err_exceeded:25|joint_limit:22|init_ik_fail:5
670,0.6134417653083801,36.322916666666664,0.4479166666666667,-0.27710169553756714,0.10687296837568283,11.750219345092773,-0.001701315282844007,0.20182291666666666,1156.1634802818298,max_steps:43|joint_limit:27|pos_err_exceeded:22|init_ik_fail:3
680,0.6364816427230835,38.114583333333336,0.4791666666666667,-0.13724882900714874,0.051908135414123535,11.755195617675781,0.05445156618952751,0.25416666666666665,1173.3221740722656,max_steps:46|pos_err_exceeded:20|joint_limit:18|self_collision:7
690,0.5357311964035034,32.427083333333336,0.3020833333333333,0.10523758828639984,0.05375969037413597,11.746051788330078,0.02304939553141594,0.15234375,1190.5751416683197,pos_err_exceeded:30|max_steps:29|joint_limit:28|self_collision:6
700,0.6340587139129639,37.510416666666664,0.40625,-0.17671240866184235,0.08223707973957062,11.664815902709961,0.016277801245450974,0.23307291666666666,1207.7588386535645,max_steps:39|joint_limit:30|pos_err_exceeded:19|self_collision:8
710,0.6458155512809753,38.895833333333336,0.4479166666666667,-0.21518659591674805,0.08433336764574051,11.752917289733887,0.05936078354716301,0.0798611111111111,1224.8860399723053,max_steps:43|joint_limit:20|pos_err_exceeded:20|self_collision:10
720,0.5646718740463257,33.71875,0.3333333333333333,-0.05667605996131897,0.08533374965190887,11.755172729492188,0.03715747594833374,0.2825520833333333,1242.0687005519867,max_steps:32|joint_limit:29|pos_err_exceeded:27|self_collision:5
730,0.6279610395431519,38.072916666666664,0.4479166666666667,-0.18507084250450134,0.15510928630828857,11.694552421569824,0.1233338713645935,0.0,1259.2860131263733,max_steps:43|joint_limit:27|pos_err_exceeded:18|self_collision:7
740,0.5367767810821533,32.677083333333336,0.3125,-0.4299255311489105,0.12942460179328918,11.597796440124512,0.05976630374789238,0.1171875,1276.4156970977783,max_steps:30|pos_err_exceeded:29|joint_limit:28|self_collision:7
750,0.6061892509460449,35.489583333333336,0.4375,0.12378691136837006,0.166060209274292,11.487060546875,0.05396920070052147,0.020833333333333332,1293.5053627490997,max_steps:42|joint_limit:25|pos_err_exceeded:21|self_collision:6
760,0.6124818325042725,36.979166666666664,0.4479166666666667,-0.3987443149089813,0.08207283914089203,11.647642135620117,0.0040485067293047905,0.20182291666666666,1310.7617993354797,max_steps:43|pos_err_exceeded:23|joint_limit:22|self_collision:6
770,0.6783245801925659,40.854166666666664,0.4895833333333333,-0.35566097497940063,0.058419618755578995,11.727213859558105,0.05343985557556152,0.10026041666666667,1327.9883494377136,max_steps:47|pos_err_exceeded:23|joint_limit:20|self_collision:4
780,0.5804771184921265,33.583333333333336,0.4375,-0.3668675422668457,0.10818006098270416,11.743284225463867,0.020085355266928673,0.20052083333333334,1345.2165973186493,max_steps:42|joint_limit:25|pos_err_exceeded:17|self_collision:8
790,0.6057504415512085,34.760416666666664,0.4375,-0.6464168429374695,0.0460776649415493,11.745458602905273,0.013315320014953613,0.22786458333333334,1362.3900628089905,max_steps:42|pos_err_exceeded:30|joint_limit:16|self_collision:4
800,0.607818603515625,37.052083333333336,0.40625,-0.2896645665168762,0.05053216591477394,11.681674003601074,0.006546383257955313,0.2721354166666667,1379.5590167045593,max_steps:39|joint_limit:27|pos_err_exceeded:24|self_collision:4
810,0.5826784372329712,35.895833333333336,0.4270833333333333,-0.13303709030151367,0.0884338915348053,11.679771423339844,0.02657053992152214,0.18098958333333334,1396.790233373642,max_steps:41|joint_limit:25|pos_err_exceeded:23|init_ik_fail:5
820,0.5714201927185059,34.572916666666664,0.3541666666666667,-0.18564540147781372,0.09234677255153656,11.559130668640137,0.054598014801740646,0.03125,1414.0884983539581,max_steps:34|pos_err_exceeded:29|joint_limit:27|self_collision:4
830,0.5839269161224365,33.40625,0.40625,-0.09753621369600296,0.10733198374509811,11.255159378051758,0.13164708018302917,0.20833333333333334,1431.1099767684937,max_steps:39|joint_limit:29|pos_err_exceeded:21|self_collision:5
840,0.5733011960983276,34.302083333333336,0.40625,-0.23209765553474426,0.13493499159812927,11.546107292175293,0.07057949155569077,0.010416666666666666,1448.2173748016357,max_steps:39|pos_err_exceeded:24|joint_limit:23|self_collision:5
850,0.6982269287109375,40.708333333333336,0.53125,-0.10914449393749237,0.15801894664764404,11.46210765838623,0.18690147995948792,0.03125,1465.3864440917969,max_steps:51|pos_err_exceeded:23|joint_limit:16|self_collision:5
860,0.5685209631919861,34.604166666666664,0.3645833333333333,-0.12763312458992004,0.11209741234779358,11.505130767822266,0.053427260369062424,0.0625,1482.284907579422,max_steps:35|pos_err_exceeded:30|joint_limit:26|self_collision:3
870,0.5927481055259705,36.6875,0.4166666666666667,-0.24919721484184265,0.10395899415016174,11.65809154510498,0.05369118973612785,0.21006944444444445,1499.3654747009277,max_steps:40|joint_limit:26|pos_err_exceeded:25|init_ik_fail:3
880,0.5816205143928528,35.458333333333336,0.375,-0.27947676181793213,0.08684878051280975,11.393664360046387,0.08365361392498016,0.16145833333333334,1516.4056918621063,max_steps:36|joint_limit:29|pos_err_exceeded:25|init_ik_fail:3
890,0.6490609645843506,39.59375,0.5,-0.30246251821517944,0.08671438694000244,11.523908615112305,0.052006036043167114,0.08333333333333333,1533.4961013793945,max_steps:48|pos_err_exceeded:23|joint_limit:19|init_ik_fail:4
900,0.6389708518981934,37.25,0.4791666666666667,-0.2452775239944458,0.04367147386074066,11.535451889038086,0.03971020504832268,0.21614583333333334,1550.6832513809204,max_steps:46|pos_err_exceeded:22|joint_limit:21|self_collision:4
910,0.5942362546920776,35.875,0.3854166666666667,-0.25013670325279236,0.07710248231887817,11.41424560546875,0.07017171382904053,0.041666666666666664,1567.6613628864288,max_steps:37|pos_err_exceeded:30|joint_limit:25|self_collision:3
920,0.6291999816894531,38.395833333333336,0.4791666666666667,-0.1718146800994873,0.14766332507133484,11.017143249511719,0.07575168460607529,0.07291666666666667,1584.6652047634125,max_steps:46|joint_limit:23|pos_err_exceeded:17|self_collision:7
930,0.6059800386428833,37.166666666666664,0.40625,-0.36800825595855713,0.0663323700428009,11.453460693359375,0.08313482999801636,0.010416666666666666,1601.80064702034,max_steps:39|joint_limit:24|pos_err_exceeded:24|self_collision:5
940,0.6034331321716309,37.729166666666664,0.4375,-0.2012265920639038,0.14365670084953308,11.441125869750977,0.051571689546108246,0.13541666666666666,1618.913669347763,max_steps:42|pos_err_exceeded:28|joint_limit:22|init_ik_fail:2
950,0.5868660807609558,35.177083333333336,0.40625,-0.23388022184371948,0.061740342527627945,11.466917037963867,0.018908262252807617,0.20182291666666666,1636.2443437576294,max_steps:39|joint_limit:29|pos_err_exceeded:19|self_collision:7
960,0.5633472800254822,32.854166666666664,0.34375,-0.07816736400127411,0.13054299354553223,11.037496566772461,0.12372821569442749,0.06770833333333333,1653.1580874919891,max_steps:33|joint_limit:28|pos_err_exceeded:27|self_collision:6
970,0.7235265970230103,43.875,0.5520833333333334,0.16185855865478516,0.12298642843961716,10.95538330078125,0.09860733151435852,0.03125,1670.05708527565,max_steps:53|joint_limit:20|pos_err_exceeded:17|self_collision:5
980,0.5706028938293457,33.958333333333336,0.3854166666666667,-0.029009878635406494,0.07983455061912537,11.553126335144043,0.05169050022959709,0.052083333333333336,1686.961012840271,max_steps:37|pos_err_exceeded:27|joint_limit:24|self_collision:5
990,0.5708370208740234,33.28125,0.40625,-0.06407684087753296,0.11628466844558716,11.410433769226074,0.05424767732620239,0.036458333333333336,1703.9242379665375,max_steps:39|joint_limit:26|pos_err_exceeded:18|self_collision:10
1000,0.6067391633987427,36.135416666666664,0.375,-0.07720650732517242,0.061074141412973404,11.084943771362305,0.0736391544342041,0.16536458333333334,1720.9475162029266,max_steps:36|pos_err_exceeded:26|joint_limit:26|self_collision:8
1010,0.6270312070846558,36.291666666666664,0.4375,-0.2058272659778595,0.09155653417110443,10.991233825683594,0.12759006023406982,0.11979166666666667,1737.8279311656952,max_steps:42|joint_limit:25|pos_err_exceeded:24|self_collision:4
1020,0.6717178821563721,39.479166666666664,0.4270833333333333,-0.18949805200099945,0.079278364777565,11.306930541992188,0.07106425613164902,0.16666666666666666,1754.8167486190796,max_steps:41|pos_err_exceeded:31|joint_limit:22|self_collision:2
1030,0.6599941253662109,38.708333333333336,0.5208333333333334,-0.17775140702724457,0.10225372016429901,11.439223289489746,0.07917080819606781,0.026041666666666668,1771.733271598816,max_steps:50|joint_limit:20|pos_err_exceeded:19|self_collision:4
1040,0.536047637462616,31.5625,0.2916666666666667,-0.06841428577899933,0.06261645257472992,11.531817436218262,0.014010569080710411,0.22135416666666666,1788.7684869766235,pos_err_exceeded:31|max_steps:28|joint_limit:26|self_collision:9
1050,0.6209721565246582,37.291666666666664,0.4479166666666667,-0.24160227179527283,0.083701953291893,11.425868034362793,0.06858077645301819,0.1076388888888889,1805.866294145584,max_steps:43|joint_limit:28|pos_err_exceeded:21|self_collision:2
1060,0.6505364179611206,38.229166666666664,0.4583333333333333,-0.09043490886688232,0.09180305153131485,11.493968963623047,0.012960612773895264,0.2669270833333333,1822.9750096797943,max_steps:44|joint_limit:25|pos_err_exceeded:22|self_collision:3
1070,0.7141050696372986,41.75,0.53125,-0.5580859184265137,0.046332597732543945,11.251453399658203,0.06794741004705429,0.20089285714285715,1840.0649490356445,max_steps:51|pos_err_exceeded:20|joint_limit:15|self_collision:8
1080,0.6487220525741577,38.083333333333336,0.4583333333333333,-0.317610502243042,0.05535728484392166,11.257659912109375,0.0513727180659771,0.11979166666666667,1857.2341454029083,max_steps:44|pos_err_exceeded:25|joint_limit:20|self_collision:5
1090,0.6451722383499146,38.864583333333336,0.3958333333333333,-0.02684764564037323,0.14335180819034576,11.416502952575684,0.11303474754095078,0.015625,1874.1689932346344,max_steps:38|joint_limit:32|pos_err_exceeded:20|self_collision:5
1100,0.6201924681663513,38.635416666666664,0.4479166666666667,-0.10067082196474075,0.1825340986251831,11.190424919128418,0.05430303141474724,0.078125,1891.0847868919373,max_steps:43|joint_limit:28|pos_err_exceeded:15|self_collision:6
1110,0.6554522514343262,38.416666666666664,0.46875,-0.037663303315639496,0.14531497657299042,11.40101432800293,0.10185785591602325,0.015625,1908.0572271347046,max_steps:45|pos_err_exceeded:22|joint_limit:21|self_collision:6
1120,0.5295994877815247,32.75,0.3020833333333333,-0.37150895595550537,0.08631489425897598,11.546175956726074,-0.015351037494838238,0.2578125,1924.9972515106201,joint_limit:30|max_steps:29|pos_err_exceeded:29|init_ik_fail:5
1130,0.5596218705177307,33.229166666666664,0.3541666666666667,-0.21564331650733948,0.03741059452295303,11.648004531860352,0.023609500378370285,0.10286458333333333,1942.111943244934,max_steps:34|pos_err_exceeded:24|joint_limit:21|self_collision:11
1140,0.6155786514282227,37.78125,0.40625,-0.16466021537780762,0.11139059066772461,11.422918319702148,0.12960092723369598,0.09895833333333333,1959.133308649063,max_steps:39|joint_limit:28|pos_err_exceeded:24|init_ik_fail:3
1150,0.6062780618667603,36.4375,0.375,-0.36437171697616577,0.11708784848451614,11.515433311462402,0.05817481875419617,0.057291666666666664,1976.086276292801,max_steps:36|pos_err_exceeded:27|joint_limit:25|init_ik_fail:4
1160,0.6438035368919373,37.770833333333336,0.4166666666666667,-0.07450598478317261,0.18409451842308044,11.410219192504883,0.07640059292316437,0.020833333333333332,1992.9115772247314,max_steps:40|pos_err_exceeded:27|joint_limit:19|self_collision:8
1170,0.595670223236084,34.760416666666664,0.3854166666666667,-0.5388018488883972,0.05404195934534073,11.351278305053711,0.044210247695446014,0.15364583333333334,2009.9145312309265,max_steps:37|pos_err_exceeded:26|joint_limit:21|self_collision:7
1180,0.6281837224960327,38.28125,0.4375,-0.36590737104415894,0.07754848897457123,11.3850736618042,0.06575550884008408,0.16875,2026.7291078567505,max_steps:42|pos_err_exceeded:24|joint_limit:22|self_collision:7
1190,0.6552338004112244,40.15625,0.4583333333333333,-0.0984320268034935,0.10377795249223709,11.425402641296387,0.07722433656454086,0.1640625,2043.697056055069,max_steps:44|pos_err_exceeded:23|joint_limit:21|self_collision:6
1200,0.6602353453636169,40.708333333333336,0.46875,-0.14939773082733154,0.14010512828826904,11.410652160644531,0.20419049263000488,0.020833333333333332,2060.669797182083,max_steps:45|joint_limit:23|pos_err_exceeded:19|self_collision:7
1210,0.6709148287773132,39.552083333333336,0.5104166666666666,-0.2158871442079544,0.09351813793182373,11.4536771774292,0.07435613125562668,0.08333333333333333,2077.556437253952,max_steps:49|pos_err_exceeded:27|joint_limit:16|self_collision:3
1220,0.5325758457183838,30.8125,0.375,-0.47262075543403625,0.08580821752548218,11.595048904418945,0.0599345788359642,0.22470238095238096,2094.404867887497,max_steps:36|pos_err_exceeded:28|joint_limit:23|init_ik_fail:5
1230,0.652586817741394,39.71875,0.4791666666666667,-0.06138388812541962,0.13764801621437073,11.620341300964355,0.058223407715559006,0.020833333333333332,2111.376134634018,max_steps:46|pos_err_exceeded:27|joint_limit:15|self_collision:5
1240,0.626038670539856,38.989583333333336,0.3958333333333333,-0.07161571085453033,0.12462560087442398,11.602614402770996,0.05320493504405022,0.12152777777777778,2128.3407006263733,max_steps:38|pos_err_exceeded:33|joint_limit:17|self_collision:6
1250,0.5318004488945007,31.708333333333332,0.34375,-0.2898814082145691,0.12915979325771332,11.618807792663574,0.06002005189657211,0.052083333333333336,2145.3243548870087,max_steps:33|pos_err_exceeded:31|joint_limit:18|self_collision:11
1260,0.6224014163017273,37.270833333333336,0.4479166666666667,-0.4842868745326996,0.14605924487113953,11.492533683776855,0.06083770841360092,0.015625,2162.2561345100403,max_steps:43|joint_limit:23|pos_err_exceeded:21|self_collision:5
1270,0.6181349158287048,37.885416666666664,0.4583333333333333,0.01808995008468628,0.1613539159297943,11.513553619384766,0.09003736823797226,0.026041666666666668,2179.385671854019,max_steps:44|joint_limit:24|pos_err_exceeded:23|self_collision:3
1280,0.5061509609222412,31.197916666666668,0.28125,-0.012882553040981293,0.07476188242435455,11.552024841308594,0.11317741870880127,0.2013888888888889,2196.329044342041,pos_err_exceeded:31|max_steps:27|joint_limit:23|self_collision:8
1290,0.6048234105110168,35.541666666666664,0.3958333333333333,0.1619204431772232,0.14458420872688293,11.461402893066406,0.17795120179653168,0.010416666666666666,2213.2637412548065,max_steps:38|pos_err_exceeded:29|joint_limit:18|self_collision:7
1300,0.6037671566009521,34.958333333333336,0.4166666666666667,0.0025083571672439575,0.09490235149860382,11.639891624450684,0.06311649084091187,0.034722222222222224,2230.0482211112976,max_steps:40|joint_limit:28|pos_err_exceeded:22|init_ik_fail:3
1310,0.6942152976989746,40.916666666666664,0.5208333333333334,-0.37361472845077515,0.04274165630340576,11.34237289428711,0.054416656494140625,0.25390625,2247.1170711517334,max_steps:50|pos_err_exceeded:20|joint_limit:18|self_collision:6
1320,0.6105709075927734,35.677083333333336,0.4791666666666667,-0.06723693013191223,0.11397233605384827,11.539457321166992,0.32333487272262573,0.08854166666666667,2264.1156980991364,max_steps:46|pos_err_exceeded:21|joint_limit:20|self_collision:5
1330,0.5644718408584595,31.84375,0.40625,-0.07346466928720474,0.10977980494499207,11.497583389282227,0.9172293543815613,0.020833333333333332,2280.951563835144,max_steps:39|joint_limit:26|pos_err_exceeded:21|self_collision:6
1340,0.6802139282226562,38.427083333333336,0.53125,-0.33808091282844543,0.06061583757400513,11.569101333618164,0.054299306124448776,0.1996527777777778,2297.983736515045,max_steps:51|pos_err_exceeded:19|joint_limit:16|self_collision:8
1350,0.6136941313743591,36.78125,0.3958333333333333,0.034497976303100586,0.08059602230787277,11.205667495727539,0.09792977571487427,0.03125,2314.823155403137,max_steps:38|joint_limit:30|pos_err_exceeded:22|self_collision:4
1360,0.6038776636123657,35.114583333333336,0.3958333333333333,-0.5405663847923279,0.07543106377124786,11.543123245239258,0.051559269428253174,0.08333333333333333,2331.786521434784,max_steps:38|joint_limit:27|pos_err_exceeded:26|self_collision:5
1370,0.6638461947441101,38.84375,0.4479166666666667,0.10030856728553772,0.1333705335855484,11.569744110107422,0.09933190792798996,0.041666666666666664,2348.8156843185425,max_steps:43|pos_err_exceeded:25|joint_limit:20|self_collision:5
1380,0.6146804094314575,36.364583333333336,0.40625,-0.19624865055084229,0.09382922202348709,11.494298934936523,0.13265860080718994,0.020833333333333332,2365.8511910438538,max_steps:39|pos_err_exceeded:31|joint_limit:19|self_collision:6
1390,0.5615220665931702,33.541666666666664,0.375,-0.2541971802711487,0.08091628551483154,11.413457870483398,0.1258007138967514,0.010416666666666666,2382.650876760483,max_steps:36|pos_err_exceeded:32|joint_limit:21|self_collision:7
1400,0.523603618144989,31.145833333333332,0.3333333333333333,-0.12315517663955688,0.13547383248806,11.515167236328125,0.05562671273946762,0.1328125,2399.4714884757996,max_steps:32|joint_limit:29|pos_err_exceeded:25|init_ik_fail:6
1410,0.5678412318229675,34.364583333333336,0.4166666666666667,-0.1395721286535263,0.12325151264667511,11.48874568939209,0.07950203120708466,0.020833333333333332,2416.2577106952667,max_steps:40|pos_err_exceeded:28|joint_limit:21|self_collision:5
1420,0.6098729372024536,35.458333333333336,0.3645833333333333,-0.02466396987438202,0.17642100155353546,11.442992210388184,0.4270636737346649,0.010416666666666666,2433.157723903656,max_steps:35|pos_err_exceeded:27|joint_limit:25|init_ik_fail:5
1430,0.6024002432823181,34.895833333333336,0.3854166666666667,0.06395968049764633,0.17724241316318512,11.307040214538574,0.4166411757469177,0.03125,2450.1238510608673,max_steps:37|pos_err_exceeded:30|joint_limit:22|self_collision:5
1440,0.6012029647827148,34.708333333333336,0.4479166666666667,-0.23944902420043945,0.09932167828083038,11.62226676940918,0.0708216056227684,0.19345238095238096,2466.979013442993,max_steps:43|pos_err_exceeded:21|joint_limit:21|init_ik_fail:6
1450,0.6406910419464111,37.875,0.4479166666666667,0.2322154939174652,0.11788178980350494,11.421163558959961,0.14701232314109802,0.020833333333333332,2483.8949587345123,max_steps:43|pos_err_exceeded:28|joint_limit:19|self_collision:4
1460,0.6762344241142273,39.791666666666664,0.53125,-0.01346510648727417,0.11443573236465454,11.244634628295898,0.6677637100219727,0.06770833333333333,2500.725954055786,max_steps:51|pos_err_exceeded:23|joint_limit:16|self_collision:5
1470,0.6179431080818176,36.40625,0.4479166666666667,-0.1947973668575287,0.13427117466926575,11.342829704284668,0.5392178893089294,0.041666666666666664,2517.572563648224,max_steps:43|joint_limit:25|pos_err_exceeded:20|self_collision:6
1480,0.6376014351844788,35.760416666666664,0.46875,-0.2879343628883362,0.11249436438083649,11.43208122253418,0.46716973185539246,0.010416666666666666,2534.413102388382,max_steps:45|joint_limit:22|pos_err_exceeded:20|self_collision:7
1490,0.588894784450531,34.4375,0.3958333333333333,-0.21111032366752625,0.10102234780788422,11.426058769226074,0.06414733827114105,0.09375,2551.2746806144714,max_steps:38|pos_err_exceeded:26|joint_limit:23|self_collision:8
1500,0.6325415968894958,38.510416666666664,0.4270833333333333,-0.03303214907646179,0.15601834654808044,11.67444896697998,0.06148489564657211,0.1875,2568.2551505565643,max_steps:41|pos_err_exceeded:25|joint_limit:23|init_ik_fail:4
1510,0.5625022649765015,32.6875,0.3645833333333333,0.06324164569377899,0.1572818160057068,11.549151420593262,0.3617800176143646,0.0,2585.2438662052155,max_steps:35|joint_limit:32|pos_err_exceeded:23|self_collision:4
1520,0.6854466795921326,41.53125,0.5104166666666666,-0.1579727977514267,0.08692575991153717,11.489616394042969,4.275517463684082,0.020833333333333332,2602.207372903824,max_steps:49|pos_err_exceeded:25|joint_limit:16|self_collision:3
1530,0.6056885123252869,36.40625,0.4479166666666667,-0.06985369324684143,0.08295157551765442,11.575736999511719,-0.0015973250847309828,0.234375,2619.275207042694,max_steps:43|pos_err_exceeded:25|joint_limit:19|self_collision:5
1540,0.5825440883636475,36.614583333333336,0.3958333333333333,0.08017866313457489,0.13065969944000244,11.475065231323242,0.4847290515899658,0.0,2636.176912546158,max_steps:38|pos_err_exceeded:27|joint_limit:24|self_collision:5
1550,0.6816031336784363,40.885416666666664,0.5,-0.11095379292964935,0.05333288386464119,11.704161643981934,0.05950510501861572,0.09375,2653.0760774612427,max_steps:48|pos_err_exceeded:25|joint_limit:16|self_collision:5
1560,0.5982257127761841,37.15625,0.3958333333333333,0.3538191616535187,0.1808929443359375,11.406265258789062,0.11306708306074142,0.010416666666666666,2670.087379217148,max_steps:38|pos_err_exceeded:26|joint_limit:26|self_collision:5
1570,0.6211044192314148,36.635416666666664,0.40625,-0.19310927391052246,0.03151450306177139,11.736564636230469,0.030272722244262695,0.21744791666666666,2687.0390305519104,max_steps:39|joint_limit:26|pos_err_exceeded:26|self_collision:5
1580,0.6421685814857483,38.822916666666664,0.4791666666666667,-0.14390450716018677,0.11127346009016037,11.626514434814453,0.09697218984365463,0.04861111111111111,2704.101732969284,max_steps:46|pos_err_exceeded:24|joint_limit:20|self_collision:4
1590,0.6056730151176453,36.291666666666664,0.46875,-0.17167529463768005,0.12179136276245117,11.61395263671875,0.11504515260457993,0.0,2721.2116692066193,max_steps:45|joint_limit:25|pos_err_exceeded:18|self_collision:8
1600,0.6071158051490784,37.375,0.4166666666666667,-0.14413487911224365,0.026659592986106873,11.72180461883545,-0.023129642009735107,0.2760416666666667,2738.4129145145416,max_steps:40|joint_limit:28|pos_err_exceeded:22|self_collision:4
1610,0.5960870981216431,37.125,0.34375,0.003031507134437561,0.10057219117879868,11.623916625976562,0.08792778104543686,0.052083333333333336,2755.4098682403564,max_steps:33|pos_err_exceeded:31|joint_limit:28|init_ik_fail:2
1620,0.5504758358001709,30.25,0.4270833333333333,-0.270082950592041,0.07558344304561615,11.475166320800781,0.053811848163604736,0.19047619047619047,2772.5009338855743,max_steps:41|pos_err_exceeded:24|joint_limit:21|self_collision:8
1630,0.5908756852149963,35.145833333333336,0.4583333333333333,0.04489903151988983,0.07614721357822418,11.712423324584961,-0.004073043819516897,0.13151041666666666,2789.446502685547,max_steps:44|pos_err_exceeded:22|joint_limit:18|self_collision:7
1640,0.5553094744682312,33.40625,0.3854166666666667,-0.35519278049468994,0.10312960296869278,11.420597076416016,0.2403487265110016,0.020833333333333332,2806.4598813056946,max_steps:37|joint_limit:24|pos_err_exceeded:24|self_collision:7
1650,0.6522336006164551,39.354166666666664,0.4375,-0.24913908541202545,0.09475648403167725,11.493875503540039,0.06613390147686005,0.041666666666666664,2823.3372972011566,max_steps:42|joint_limit:24|pos_err_exceeded:24|self_collision:6
1660,0.6371231079101562,38.197916666666664,0.4895833333333333,-0.22712498903274536,0.07179875671863556,11.67758846282959,0.005877932067960501,0.2682291666666667,2840.439278125763,max_steps:47|pos_err_exceeded:21|joint_limit:20|self_collision:4
1670,0.6579275131225586,38.427083333333336,0.46875,-0.11594000458717346,0.1209898293018341,11.644545555114746,0.1605474054813385,0.010416666666666666,2857.4149355888367,max_steps:45|pos_err_exceeded:24|joint_limit:23|init_ik_fail:2
1680,0.5822817087173462,33.489583333333336,0.4166666666666667,-0.19989216327667236,0.10082927346229553,11.492050170898438,0.05243309587240219,0.1267361111111111,2874.3562245368958,max_steps:40|pos_err_exceeded:27|joint_limit:20|self_collision:5
1690,0.6081666946411133,37.34375,0.4375,-0.1124720647931099,0.13730455935001373,11.262680053710938,0.07693515717983246,0.010416666666666666,2891.2382383346558,max_steps:42|pos_err_exceeded:27|joint_limit:21|self_collision:5
1700,0.566878616809845,34.166666666666664,0.34375,-0.023685775697231293,0.10842987149953842,11.292705535888672,0.093878373503685,0.0625,2908.006320953369,max_steps:33|joint_limit:31|pos_err_exceeded:24|self_collision:6
1710,0.5737403631210327,33.229166666666664,0.3958333333333333,-0.3889523148536682,0.1294451802968979,11.090890884399414,0.16909685730934143,0.03125,2924.776831626892,max_steps:38|joint_limit:24|pos_err_exceeded:24|init_ik_fail:5
1720,0.5419034957885742,32.614583333333336,0.375,-0.17436490952968597,0.14588451385498047,11.437698364257812,0.11619006097316742,0.010416666666666666,2941.5826070308685,max_steps:36|joint_limit:26|pos_err_exceeded:19|self_collision:12
1730,0.6185269355773926,35.458333333333336,0.40625,0.17992080748081207,0.14312843978405,11.560445785522461,0.33798980712890625,0.0,2958.370951652527,max_steps:39|pos_err_exceeded:35|joint_limit:16|self_collision:4
1740,0.6048946380615234,34.0625,0.3958333333333333,0.03343867510557175,0.10818248987197876,11.420364379882812,0.38992613554000854,0.010416666666666666,2975.2967348098755,max_steps:38|pos_err_exceeded:32|joint_limit:20|self_collision:4
1750,0.5989968776702881,34.760416666666664,0.4166666666666667,-0.04127958416938782,0.1348475068807602,11.265341758728027,0.12339036911725998,0.052083333333333336,2992.07111120224,max_steps:40|pos_err_exceeded:30|joint_limit:17|self_collision:6
1760,0.6161266565322876,35.145833333333336,0.4166666666666667,-0.10379517823457718,0.08656266331672668,11.241092681884766,0.46160468459129333,0.041666666666666664,3008.959550857544,max_steps:40|pos_err_exceeded:28|joint_limit:21|self_collision:7
1770,0.5999464392662048,35.625,0.40625,0.07925760000944138,0.09731583297252655,11.541144371032715,0.05538317188620567,0.044270833333333336,3025.8687286376953,max_steps:39|pos_err_exceeded:30|joint_limit:24|self_collision:3
1780,0.6658083200454712,39.541666666666664,0.4479166666666667,0.06446465104818344,0.12641718983650208,11.538503646850586,0.07795402407646179,0.0625,3042.8299198150635,max_steps:43|pos_err_exceeded:27|joint_limit:15|self_collision:7
1790,0.6933200359344482,41.447916666666664,0.5104166666666666,-0.06549922376871109,0.07196922600269318,11.617525100708008,0.020379524677991867,0.22135416666666666,3059.961006641388,max_steps:49|joint_limit:23|pos_err_exceeded:15|self_collision:7
1800,0.6385039687156677,38.520833333333336,0.4479166666666667,0.1540430784225464,0.08189950883388519,11.565202713012695,0.08420340716838837,0.15885416666666666,3076.9894149303436,max_steps:43|pos_err_exceeded:29|joint_limit:18|self_collision:6
1810,0.6275992393493652,38.25,0.4270833333333333,-0.21861448884010315,0.05625345557928085,11.516273498535156,0.030124783515930176,0.19270833333333334,3094.054929971695,max_steps:41|pos_err_exceeded:26|joint_limit:23|self_collision:5
1820,0.6783143281936646,40.041666666666664,0.4583333333333333,-0.13705506920814514,0.12191656231880188,11.554632186889648,0.18417154252529144,0.052083333333333336,3111.0814781188965,max_steps:44|pos_err_exceeded:25|joint_limit:17|self_collision:9
1830,0.6763406991958618,39.552083333333336,0.5104166666666666,-0.3978801369667053,0.09693734347820282,11.49897575378418,0.15146344900131226,0.020833333333333332,3127.9581100940704,max_steps:49|pos_err_exceeded:29|joint_limit:14|init_ik_fail:2
1840,0.5774540901184082,33.65625,0.40625,-0.23225116729736328,0.14611533284187317,11.147384643554688,0.08968912065029144,0.052083333333333336,3144.800612449646,max_steps:39|pos_err_exceeded:27|joint_limit:19|self_collision:6
1850,0.6006184816360474,36.53125,0.3958333333333333,0.021088115870952606,0.14254572987556458,11.066228866577148,0.32702526450157166,0.0625,3161.582595348358,max_steps:38|pos_err_exceeded:26|joint_limit:23|self_collision:7
1860,0.5657839179039001,32.65625,0.3958333333333333,-0.28070342540740967,0.1009589433670044,11.337287902832031,0.13644099235534668,0.041666666666666664,3178.499585390091,max_steps:38|pos_err_exceeded:25|joint_limit:24|self_collision:6
1870,0.6282056570053101,36.53125,0.4479166666666667,-0.05618627369403839,0.08828756958246231,11.225141525268555,0.07298034429550171,0.0625,3195.364396572113,max_steps:43|pos_err_exceeded:28|joint_limit:21|init_ik_fail:3
1880,0.5893385410308838,35.46875,0.46875,-0.22897067666053772,0.13046462833881378,11.050361633300781,0.05001181364059448,0.0625,3212.2947902679443,max_steps:45|joint_limit:28|pos_err_exceeded:14|self_collision:5
1890,0.6659203767776489,38.604166666666664,0.4583333333333333,0.036288343369960785,0.13023902475833893,11.190338134765625,0.06408970057964325,0.052083333333333336,3229.249013900757,max_steps:44|joint_limit:22|pos_err_exceeded:21|self_collision:6
1900,0.6107661128044128,35.822916666666664,0.4583333333333333,0.01759713888168335,0.12775763869285583,10.88284969329834,0.07336010783910751,0.109375,3246.2818627357483,max_steps:44|joint_limit:23|pos_err_exceeded:16|self_collision:11
1910,0.633001446723938,38.5,0.40625,-0.060151468962430954,0.13207805156707764,10.520023345947266,2.4736509323120117,0.16666666666666666,3263.2080392837524,max_steps:39|pos_err_exceeded:27|joint_limit:22|self_collision:6
1920,0.6022041440010071,35.5625,0.34375,0.02889513224363327,0.12263716012239456,11.144424438476562,0.332965612411499,0.0625,3280.025664806366,pos_err_exceeded:33|max_steps:33|joint_limit:20|self_collision:6
1930,0.6041879057884216,35.75,0.4479166666666667,-0.18482652306556702,0.10707166790962219,10.994315147399902,0.6014262437820435,0.09375,3296.807034254074,max_steps:43|joint_limit:24|pos_err_exceeded:20|self_collision:6
1940,0.6210212707519531,36.96875,0.4270833333333333,0.11406872421503067,0.15363240242004395,11.14704418182373,0.08214213699102402,0.020833333333333332,3313.605638027191,max_steps:41|pos_err_exceeded:31|joint_limit:15|self_collision:5
1950,0.572480320930481,32.885416666666664,0.3854166666666667,0.004073314368724823,0.09124603122472763,10.570980072021484,0.83915114402771,0.13541666666666666,3330.565644979477,max_steps:37|pos_err_exceeded:31|joint_limit:24|init_ik_fail:2
1960,0.5899674296379089,34.979166666666664,0.40625,0.060264453291893005,0.09757156670093536,10.667085647583008,0.6265324354171753,0.07291666666666667,3347.4072263240814,max_steps:39|pos_err_exceeded:31|joint_limit:15|self_collision:9
1970,0.6370464563369751,37.677083333333336,0.4479166666666667,-0.13120050728321075,0.11512459069490433,11.124510765075684,0.05025899410247803,0.020833333333333332,3364.2177970409393,max_steps:43|pos_err_exceeded:26|joint_limit:19|self_collision:6
1980,0.5441364049911499,33.083333333333336,0.40625,-0.15739020705223083,0.13269808888435364,10.874029159545898,0.06637249886989594,0.13541666666666666,3381.172931432724,max_steps:39|joint_limit:26|pos_err_exceeded:15|self_collision:14
1990,0.5826758146286011,34.625,0.4479166666666667,0.31672173738479614,0.18715091049671173,11.442695617675781,0.0659300908446312,0.10416666666666667,3398.0803787708282,max_steps:43|joint_limit:27|pos_err_exceeded:21|self_collision:4
2000,0.5375871658325195,31.125,0.34375,-0.25053006410598755,0.1411460041999817,11.213478088378906,0.20785574615001678,0.03125,3414.963799715042,max_steps:33|joint_limit:30|pos_err_exceeded:25|self_collision:6
2010,0.5954655408859253,33.84375,0.4166666666666667,-0.28444844484329224,0.12071222066879272,11.247065544128418,0.12103311717510223,0.041666666666666664,3431.982841730118,max_steps:40|joint_limit:33|pos_err_exceeded:15|self_collision:7
2020,0.6112496852874756,36.135416666666664,0.4479166666666667,-0.0565020777285099,0.1117362231016159,11.350322723388672,0.05048280954360962,0.11875,3448.929821252823,max_steps:43|joint_limit:30|pos_err_exceeded:16|self_collision:5
2030,0.6008310317993164,35.53125,0.3958333333333333,0.049903444945812225,0.12696386873722076,11.5393705368042,0.11265802383422852,0.09375,3465.9422709941864,max_steps:38|pos_err_exceeded:28|joint_limit:25|self_collision:5
2040,0.570479154586792,34.15625,0.3854166666666667,-0.005923144519329071,0.09542389214038849,11.192622184753418,0.10270403325557709,0.0763888888888889,3482.9983382225037,max_steps:37|pos_err_exceeded:30|joint_limit:21|self_collision:6
2050,0.6010815501213074,36.145833333333336,0.4583333333333333,-0.11037701368331909,0.06136602163314819,11.150131225585938,0.09193506091833115,0.16319444444444445,3499.848994255066,max_steps:44|pos_err_exceeded:20|joint_limit:18|self_collision:9
2060,0.5847980976104736,34.604166666666664,0.4166666666666667,-0.19052454829216003,0.07085312902927399,11.198973655700684,0.08847832679748535,0.2048611111111111,3516.854590177536,max_steps:40|joint_limit:26|pos_err_exceeded:21|self_collision:9
2070,0.672827422618866,40.1875,0.4583333333333333,-0.07726746052503586,0.08146090060472488,11.402677536010742,0.08189859241247177,0.12760416666666666,3533.6549911499023,max_steps:44|joint_limit:24|pos_err_exceeded:22|self_collision:5
2080,0.609405517578125,37.322916666666664,0.375,0.04593572020530701,0.18349328637123108,11.18005657196045,0.1133967861533165,0.010416666666666666,3550.6962943077087,max_steps:36|pos_err_exceeded:28|joint_limit:26|init_ik_fail:4
2090,0.5689923763275146,33.260416666666664,0.375,0.006642036139965057,0.129736065864563,10.952105522155762,0.05164211988449097,0.08333333333333333,3567.518877029419,max_steps:36|pos_err_exceeded:29|joint_limit:22|self_collision:7
2100,0.5643832683563232,32.458333333333336,0.3854166666666667,0.22151976823806763,0.11793549358844757,10.987165451049805,0.5813080072402954,0.0625,3584.4278993606567,max_steps:37|pos_err_exceeded:30|joint_limit:21|self_collision:8
2110,0.5168063640594482,28.9375,0.3333333333333333,-0.06997235119342804,0.08818618208169937,11.276476860046387,0.05188155174255371,0.036458333333333336,3601.324971437454,max_steps:32|pos_err_exceeded:32|joint_limit:21|self_collision:7
2120,0.6494362354278564,40.177083333333336,0.40625,-0.21400487422943115,0.05614420771598816,11.194324493408203,0.06068352982401848,0.041666666666666664,3618.272800207138,max_steps:39|pos_err_exceeded:32|joint_limit:18|self_collision:5
2130,0.620806097984314,37.427083333333336,0.4479166666666667,-0.0976022407412529,0.06894543766975403,11.297110557556152,-0.008332034572958946,0.203125,3635.1866846084595,max_steps:43|pos_err_exceeded:21|joint_limit:16|self_collision:11
2140,0.609033465385437,35.010416666666664,0.375,0.10237952321767807,0.16375285387039185,11.121482849121094,0.12311343848705292,0.041666666666666664,3652.1404027938843,max_steps:36|joint_limit:26|pos_err_exceeded:25|init_ik_fail:5
2150,0.6395124793052673,38.229166666666664,0.4375,0.05718258023262024,0.12786591053009033,11.207365989685059,0.13373148441314697,0.041666666666666664,3669.158404111862,max_steps:42|pos_err_exceeded:26|joint_limit:16|self_collision:9
2160,0.685926616191864,41.166666666666664,0.5,-0.07711811363697052,0.102778360247612,10.868861198425293,0.10028275102376938,0.052083333333333336,3685.971752643585,max_steps:48|pos_err_exceeded:23|joint_limit:19|self_collision:4
2170,0.6246066093444824,37.833333333333336,0.4375,-0.27636006474494934,0.15179681777954102,11.172079086303711,0.09181684255599976,0.046875,3702.726182460785,max_steps:42|joint_limit:25|pos_err_exceeded:23|self_collision:5
2180,0.6525380611419678,38.479166666666664,0.40625,0.1902543306350708,0.14312076568603516,11.063127517700195,0.06082872673869133,0.03125,3719.6410114765167,max_steps:39|joint_limit:27|pos_err_exceeded:24|self_collision:5
2190,0.6184775233268738,36.53125,0.4270833333333333,-0.24490031599998474,0.06669739633798599,11.446073532104492,0.1531335562467575,0.0,3736.484707593918,max_steps:41|pos_err_exceeded:32|joint_limit:14|self_collision:5
2200,0.6575549244880676,39.614583333333336,0.5104166666666666,-0.010395150631666183,0.0960964560508728,11.226354598999023,0.08927925676107407,0.04861111111111111,3753.274665594101,max_steps:49|pos_err_exceeded:24|joint_limit:19|self_collision:4
2210,0.6888551712036133,42.729166666666664,0.5416666666666666,-0.25289860367774963,0.055641911923885345,11.222613334655762,0.05910360813140869,0.057291666666666664,3770.2636272907257,max_steps:52|joint_limit:20|pos_err_exceeded:18|self_collision:4
2220,0.6480492353439331,35.385416666666664,0.46875,-0.05357315391302109,0.12094846367835999,10.631284713745117,3.4572572708129883,0.052083333333333336,3787.1509804725647,max_steps:45|pos_err_exceeded:25|joint_limit:19|init_ik_fail:4
2230,0.6292558908462524,37.458333333333336,0.3958333333333333,-0.2859824597835541,0.10157419741153717,11.058477401733398,0.0574570894241333,0.0625,3804.012752056122,max_steps:38|pos_err_exceeded:32|joint_limit:16|self_collision:9
2240,0.6022424697875977,35.364583333333336,0.4270833333333333,-0.3291856348514557,0.07481043040752411,11.198667526245117,0.05878707021474838,0.052083333333333336,3821.0523438453674,max_steps:41|joint_limit:23|pos_err_exceeded:22|init_ik_fail:6
2250,0.6565591096878052,39.916666666666664,0.4375,0.10221900790929794,0.10030549764633179,10.947936058044434,0.4159674644470215,0.09375,3838.010599374771,max_steps:42|pos_err_exceeded:27|joint_limit:17|self_collision:10
2260,0.5563216209411621,34.552083333333336,0.3645833333333333,-0.08218789845705032,0.16182643175125122,10.887765884399414,0.325065016746521,0.07291666666666667,3854.8271498680115,max_steps:35|pos_err_exceeded:28|joint_limit:24|self_collision:7
2270,0.5864742994308472,36.302083333333336,0.3645833333333333,-0.04106971248984337,0.10963541269302368,10.769914627075195,1.8062185049057007,0.041666666666666664,3871.6221175193787,max_steps:35|joint_limit:30|pos_err_exceeded:25|self_collision:4
2280,0.625320553779602,35.666666666666664,0.4583333333333333,-0.33839505910873413,0.1420363038778305,10.81817626953125,0.17040857672691345,0.020833333333333332,3888.4411919116974,max_steps:44|joint_limit:25|pos_err_exceeded:17|self_collision:9
2290,0.6779001951217651,39.0625,0.5,0.049773190170526505,0.10831025242805481,10.905731201171875,0.12837857007980347,0.052083333333333336,3905.204430103302,max_steps:48|pos_err_exceeded:27|joint_limit:16|self_collision:4
2300,0.6148666739463806,37.34375,0.4375,-0.16712358593940735,0.08376527577638626,11.083440780639648,0.2841492295265198,0.052083333333333336,3921.9504685401917,max_steps:42|joint_limit:22|pos_err_exceeded:20|self_collision:9
2310,0.6314769983291626,37.4375,0.4791666666666667,-0.23024195432662964,0.17223617434501648,10.994983673095703,0.05529950186610222,0.052083333333333336,3938.846701145172,max_steps:46|joint_limit:24|pos_err_exceeded:21|self_collision:3
2320,0.6219263076782227,37.5625,0.4375,0.16021068394184113,0.0885394960641861,11.061546325683594,0.08877988904714584,0.041666666666666664,3955.7054154872894,max_steps:42|pos_err_exceeded:27|joint_limit:20|self_collision:5
2330,0.6015278697013855,35.78125,0.3854166666666667,-0.04306063801050186,0.06558752059936523,11.129329681396484,0.05533212423324585,0.15773809523809523,3972.6142065525055,max_steps:37|joint_limit:29|pos_err_exceeded:23|self_collision:6
2340,0.6857907176017761,41.270833333333336,0.5,0.14091657102108002,0.10660477727651596,11.31212043762207,0.010812139138579369,0.2838541666666667,3989.7173476219177,max_steps:48|joint_limit:25|pos_err_exceeded:13|self_collision:8
2350,0.6127812266349792,36.84375,0.4270833333333333,0.07339204847812653,0.051236189901828766,11.101417541503906,0.09803374856710434,0.25,4006.7225811481476,max_steps:41|pos_err_exceeded:27|joint_limit:23|init_ik_fail:3
2360,0.6069482564926147,35.65625,0.4791666666666667,0.03512289375066757,0.10539688915014267,11.160490989685059,0.05584605783224106,0.010416666666666666,4023.5543456077576,max_steps:46|joint_limit:24|pos_err_exceeded:18|self_collision:7
2370,0.6399682760238647,38.0625,0.4895833333333333,0.15647274255752563,0.10201588273048401,11.147026062011719,0.05077368766069412,0.16041666666666668,4040.543003797531,max_steps:47|joint_limit:22|pos_err_exceeded:19|self_collision:7
2380,0.5698363780975342,33.895833333333336,0.375,-0.13448673486709595,0.10385157912969589,11.42292594909668,0.06283670663833618,0.010416666666666666,4057.5270199775696,max_steps:36|joint_limit:26|pos_err_exceeded:23|self_collision:8
2390,0.5798389911651611,33.3125,0.40625,-0.1004692018032074,0.07296808809041977,11.385934829711914,0.03840448707342148,0.21354166666666666,4074.5480029582977,max_steps:39|pos_err_exceeded:27|joint_limit:22|self_collision:6
2400,0.6251194477081299,36.729166666666664,0.4791666666666667,-0.2602155804634094,0.12701672315597534,11.232616424560547,0.3282621502876282,0.0,4091.3627545833588,max_steps:46|joint_limit:21|pos_err_exceeded:18|self_collision:7
2410,0.6630615592002869,39.375,0.4791666666666667,-0.08419434726238251,0.11068584024906158,11.09235954284668,0.06801168620586395,0.08854166666666667,4108.2042553424835,max_steps:46|joint_limit:25|pos_err_exceeded:21|self_collision:4
2420,0.6260311007499695,38.135416666666664,0.4791666666666667,-0.16764074563980103,0.029090486466884613,11.51982307434082,0.06706993281841278,0.19791666666666666,4125.385848283768,max_steps:46|pos_err_exceeded:28|joint_limit:16|self_collision:4
2430,0.6473242044448853,37.927083333333336,0.4479166666666667,-0.14047345519065857,0.12338254600763321,11.237196922302246,0.17592553794384003,0.0625,4142.400957107544,max_steps:43|joint_limit:31|pos_err_exceeded:17|self_collision:4
2440,0.6468055248260498,37.40625,0.4479166666666667,0.14169655740261078,0.07827922701835632,11.270757675170898,-0.0072411103174090385,0.28515625,4159.4264459609985,max_steps:43|pos_err_exceeded:22|joint_limit:22|self_collision:5
2450,0.6526025533676147,39.010416666666664,0.4895833333333333,-0.22758129239082336,0.06704448163509369,11.591682434082031,0.05442085117101669,0.21006944444444445,4176.3390855789185,max_steps:47|joint_limit:24|pos_err_exceeded:16|self_collision:8
2460,0.6550506353378296,37.84375,0.4270833333333333,0.037459954619407654,0.11923149228096008,10.806918144226074,0.08184455335140228,0.0625,4193.226459980011,max_steps:41|pos_err_exceeded:28|joint_limit:21|self_collision:5
2470,0.6587225794792175,38.635416666666664,0.4583333333333333,-0.18421117961406708,0.09658361971378326,11.121686935424805,0.06679948419332504,0.03125,4210.045855283737,max_steps:44|joint_limit:24|pos_err_exceeded:23|init_ik_fail:3
2480,0.5851747989654541,34.572916666666664,0.3333333333333333,-0.03888250142335892,0.12616302073001862,10.93493938446045,0.1845134198665619,0.041666666666666664,4226.8838040828705,max_steps:32|joint_limit:30|pos_err_exceeded:27|self_collision:6
2490,0.6652652025222778,38.489583333333336,0.4895833333333333,-0.1071256697177887,0.09344372898340225,11.064608573913574,0.05281766504049301,0.052083333333333336,4243.7753121852875,max_steps:47|pos_err_exceeded:24|joint_limit:22|self_collision:3
2500,0.6543481349945068,37.833333333333336,0.46875,-0.18350297212600708,0.09271605312824249,11.390508651733398,0.08443834632635117,0.0,4260.586860656738,max_steps:45|pos_err_exceeded:23|joint_limit:21|self_collision:5
2510,0.6495344042778015,37.875,0.4166666666666667,0.042743973433971405,0.11838975548744202,11.078970909118652,1.520944595336914,0.020833333333333332,4277.385384559631,max_steps:40|pos_err_exceeded:32|joint_limit:15|init_ik_fail:5
2520,0.5844889283180237,33.5,0.4166666666666667,0.1511053442955017,0.1297779083251953,11.133420944213867,0.05556045100092888,0.020833333333333332,4294.233035087585,max_steps:40|joint_limit:24|pos_err_exceeded:23|self_collision:6
2530,0.5989475250244141,34.791666666666664,0.4166666666666667,-0.05535763502120972,0.11000921577215195,11.186399459838867,0.07229308784008026,0.046875,4311.183400154114,max_steps:40|pos_err_exceeded:26|joint_limit:21|self_collision:6
2540,0.6703518629074097,39.833333333333336,0.5,0.11399149894714355,0.0655563622713089,10.901301383972168,0.27251026034355164,0.052083333333333336,4327.995180130005,max_steps:48|pos_err_exceeded:27|joint_limit:12|self_collision:7
2550,0.7120394706726074,42.78125,0.5104166666666666,-0.1074344739317894,0.08770665526390076,11.3097562789917,0.10421224683523178,0.08072916666666667,4344.841989994049,max_steps:49|pos_err_exceeded:25|joint_limit:15|self_collision:4
2560,0.6045947074890137,34.302083333333336,0.40625,-0.03187873959541321,0.08480828255414963,10.958697319030762,0.030282240360975266,0.2721354166666667,4361.809955120087,max_steps:39|pos_err_exceeded:26|joint_limit:26|self_collision:4
2570,0.6098597645759583,35.520833333333336,0.4270833333333333,-0.20283903181552887,0.09220042824745178,11.441615104675293,0.05276664346456528,0.13802083333333334,4378.719797611237,max_steps:41|joint_limit:32|pos_err_exceeded:19|self_collision:2
2580,0.5879491567611694,34.46875,0.4166666666666667,-0.09877815842628479,0.12280517816543579,11.327837944030762,0.3257266879081726,0.03125,4395.674288034439,max_steps:40|joint_limit:29|pos_err_exceeded:21|self_collision:6
2590,0.6119704246520996,36.96875,0.4166666666666667,-0.04133814573287964,0.0884564071893692,11.229682922363281,0.08317705243825912,0.1796875,4412.439302444458,max_steps:40|pos_err_exceeded:29|joint_limit:20|init_ik_fail:5
2600,0.616287112236023,36.708333333333336,0.4479166666666667,0.21022431552410126,0.1406458169221878,11.15082836151123,1.7290143966674805,0.010416666666666666,4429.288524389267,max_steps:43|joint_limit:25|pos_err_exceeded:18|self_collision:8
2610,0.5538989901542664,33.15625,0.3333333333333333,-0.09012280404567719,0.09881830960512161,11.256820678710938,0.05586966127157211,0.0625,4446.156312704086,joint_limit:33|max_steps:32|pos_err_exceeded:20|self_collision:8
2620,0.5530998110771179,30.947916666666668,0.3958333333333333,-0.07518325001001358,0.11286061257123947,11.056364059448242,0.11311205476522446,0.03125,4463.013929843903,max_steps:38|pos_err_exceeded:22|joint_limit:21|self_collision:10
2630,0.6766707897186279,41.958333333333336,0.4791666666666667,-0.1580541580915451,0.0895911455154419,10.967828750610352,0.4381079077720642,0.07291666666666667,4479.911956310272,max_steps:46|pos_err_exceeded:27|joint_limit:22|self_collision:1
2640,0.5741976499557495,34.145833333333336,0.3958333333333333,0.07721224427223206,0.1194211095571518,11.167654991149902,0.0776081532239914,0.0625,4496.699926376343,max_steps:38|joint_limit:26|pos_err_exceeded:21|self_collision:6
2650,0.641381025314331,37.625,0.4791666666666667,-0.32105404138565063,0.1274895966053009,11.303439140319824,0.17936013638973236,0.0,4513.580707073212,max_steps:46|joint_limit:23|pos_err_exceeded:20|self_collision:4
2660,0.5399488806724548,32.5,0.3125,0.1272115707397461,0.09744417667388916,11.167802810668945,0.10687248408794403,0.0625,4530.4023406505585,pos_err_exceeded:33|max_steps:30|joint_limit:25|self_collision:7
2670,0.6634907722473145,38.020833333333336,0.5104166666666666,0.04094335064291954,0.08616158366203308,11.424853324890137,0.06852948665618896,0.0859375,4547.247684717178,max_steps:49|joint_limit:21|pos_err_exceeded:20|self_collision:4
2680,0.6847748756408691,41.135416666666664,0.5208333333333334,-0.0007532425224781036,0.06803283095359802,11.092702865600586,0.07084374129772186,0.13194444444444445,4564.121299266815,max_steps:50|pos_err_exceeded:25|joint_limit:15|self_collision:5
2690,0.6708806753158569,37.177083333333336,0.53125,-0.01744801737368107,0.1049896627664566,10.816981315612793,0.0584147572517395,0.09375,4581.0634870529175,max_steps:51|joint_limit:20|pos_err_exceeded:17|self_collision:5
2700,0.6296678185462952,37.239583333333336,0.4583333333333333,0.07706448435783386,0.14205890893936157,11.194799423217773,0.11207493394613266,0.041666666666666664,4597.912620067596,max_steps:44|pos_err_exceeded:23|joint_limit:20|self_collision:6
2710,0.5956077575683594,35.072916666666664,0.3854166666666667,-0.03593906760215759,0.08477260172367096,10.845492362976074,0.052923403680324554,0.052083333333333336,4614.673143625259,max_steps:37|joint_limit:31|pos_err_exceeded:21|self_collision:5
2720,0.5905677676200867,35.5,0.40625,0.11905695497989655,0.15238095819950104,11.072135925292969,1.2392053604125977,0.041666666666666664,4631.52917432785,max_steps:39|joint_limit:31|pos_err_exceeded:21|self_collision:3
2730,0.628067135810852,36.3125,0.4166666666666667,-0.06050143390893936,0.11958034336566925,10.652048110961914,0.16238771378993988,0.08333333333333333,4648.346434593201,max_steps:40|pos_err_exceeded:27|joint_limit:21|init_ik_fail:4
2740,0.6122018694877625,35.802083333333336,0.4791666666666667,-0.11418447643518448,0.10927031934261322,10.812650680541992,0.6816397905349731,0.0625,4665.2544028759,max_steps:46|joint_limit:29|pos_err_exceeded:17|self_collision:4
2750,0.5980685949325562,34.395833333333336,0.4166666666666667,-0.03078664280474186,0.1126621663570404,10.956840515136719,0.20911020040512085,0.08333333333333333,4682.070367336273,max_steps:40|pos_err_exceeded:31|joint_limit:18|init_ik_fail:4
2760,0.6513652801513672,38.489583333333336,0.4375,0.1137571707367897,0.18266960978507996,10.921252250671387,0.05184928700327873,0.041666666666666664,4698.856625556946,max_steps:42|joint_limit:24|pos_err_exceeded:24|self_collision:5
2770,0.6426675319671631,37.854166666666664,0.4479166666666667,-0.09992904216051102,0.07407307624816895,11.394973754882812,0.23433123528957367,0.09027777777777778,4715.678372383118,max_steps:43|pos_err_exceeded:24|joint_limit:20|init_ik_fail:5
2780,0.6104897260665894,35.447916666666664,0.4166666666666667,0.03758187219500542,0.08806297928094864,10.906978607177734,0.9543075561523438,0.07291666666666667,4732.478610038757,max_steps:40|pos_err_exceeded:25|joint_limit:22|self_collision:7
2790,0.6194810271263123,37.020833333333336,0.4375,-0.19104094803333282,0.12998013198375702,10.591426849365234,1.088106632232666,0.10416666666666667,4749.242756605148,max_steps:42|pos_err_exceeded:28|joint_limit:21|self_collision:3
2800,0.5757986307144165,33.510416666666664,0.4583333333333333,0.218538299202919,0.10182814300060272,10.827853202819824,0.906095027923584,0.09375,4766.057063579559,max_steps:44|pos_err_exceeded:23|joint_limit:19|self_collision:7
2810,0.5824148654937744,33.520833333333336,0.3854166666666667,0.01877770759165287,0.12218810617923737,10.677909851074219,5.962014198303223,0.10416666666666667,4782.8892476558685,max_steps:37|pos_err_exceeded:33|joint_limit:20|self_collision:5
2820,0.5725492835044861,33.260416666666664,0.4479166666666667,0.23002730309963226,0.15506115555763245,10.657232284545898,1.0073843002319336,0.10416666666666667,4799.665022134781,max_steps:43|joint_limit:23|pos_err_exceeded:21|self_collision:5
2830,0.5900389552116394,35.5,0.4270833333333333,-0.17020122706890106,0.13946688175201416,10.76026725769043,0.7225358486175537,0.0625,4816.476375341415,max_steps:41|joint_limit:23|pos_err_exceeded:22|self_collision:6
2840,0.6041523218154907,34.947916666666664,0.3958333333333333,-0.049221161752939224,0.15511983633041382,10.66710090637207,0.22917312383651733,0.08333333333333333,4833.2913365364075,max_steps:38|pos_err_exceeded:28|joint_limit:20|self_collision:6
2850,0.591694712638855,35.489583333333336,0.4375,0.022458776831626892,0.12409333139657974,10.782527923583984,0.1550695300102234,0.03125,4850.061774492264,max_steps:42|joint_limit:25|pos_err_exceeded:19|init_ik_fail:5
2860,0.5987219214439392,34.854166666666664,0.4375,-0.0731719434261322,0.11203604936599731,10.962203979492188,0.2661007046699524,0.08333333333333333,4866.812813997269,max_steps:42|joint_limit:25|pos_err_exceeded:22|self_collision:5
2870,0.555353045463562,32.3125,0.3645833333333333,-0.06220584362745285,0.0863490030169487,11.092864036560059,0.31484586000442505,0.07291666666666667,4883.534658908844,max_steps:35|joint_limit:32|pos_err_exceeded:22|self_collision:4
2880,0.5984340310096741,34.03125,0.4270833333333333,0.18682798743247986,0.11413201689720154,10.773036003112793,0.5469451546669006,0.041666666666666664,4900.294154405594,max_steps:41|joint_limit:33|pos_err_exceeded:15|self_collision:4
2890,0.5919965505599976,35.03125,0.3854166666666667,-0.07598869502544403,0.10963790863752365,10.985397338867188,0.3755485713481903,0.041666666666666664,4917.05969786644,max_steps:37|joint_limit:26|pos_err_exceeded:25|self_collision:7
2900,0.6153663992881775,36.770833333333336,0.4375,0.04836219176650047,0.0957532450556755,11.105382919311523,0.11001890897750854,0.12152777777777778,4934.115566730499,max_steps:42|joint_limit:26|pos_err_exceeded:22|self_collision:5
2910,0.551837682723999,32.9375,0.34375,-0.16393737494945526,0.15107890963554382,11.12322998046875,0.05711120367050171,0.041666666666666664,4951.0547959804535,max_steps:33|pos_err_exceeded:26|joint_limit:25|self_collision:8
2920,0.6126205921173096,36.635416666666664,0.4270833333333333,-0.1509307622909546,0.08223092555999756,11.120569229125977,0.06500065326690674,0.010416666666666666,4967.873797178268,max_steps:41|pos_err_exceeded:30|joint_limit:17|self_collision:7
2930,0.6518809795379639,37.4375,0.4791666666666667,-0.1443438082933426,0.07233352959156036,11.00398063659668,0.10385555028915405,0.1796875,4984.76073384285,max_steps:46|pos_err_exceeded:24|joint_limit:20|self_collision:5
2940,0.6048088669776917,35.71875,0.4479166666666667,0.12389275431632996,0.15624618530273438,11.196762084960938,0.08876997232437134,0.03125,5001.59831237793,max_steps:43|joint_limit:25|pos_err_exceeded:19|self_collision:5
2950,0.6508421897888184,40.208333333333336,0.4583333333333333,-0.22760017216205597,0.13802066445350647,10.872438430786133,0.05293118953704834,0.09375,5018.551222324371,max_steps:44|joint_limit:26|pos_err_exceeded:20|self_collision:4
2960,0.6090604662895203,37.135416666666664,0.3854166666666667,-0.2765692174434662,0.05776645988225937,10.850288391113281,0.2804773449897766,0.125,5035.5433123111725,max_steps:37|pos_err_exceeded:27|joint_limit:26|self_collision:4
2970,0.6527013182640076,38.21875,0.46875,0.06696313619613647,0.12615245580673218,10.846406936645508,0.050739407539367676,0.0625,5052.389116287231,max_steps:45|joint_limit:21|pos_err_exceeded:20|self_collision:6
2980,0.6321194171905518,37.916666666666664,0.4895833333333333,-0.026582390069961548,0.13773924112319946,10.843084335327148,0.1255735605955124,0.041666666666666664,5069.247589349747,max_steps:47|joint_limit:24|pos_err_exceeded:18|self_collision:4
2990,0.6044361591339111,35.614583333333336,0.4166666666666667,-0.16931793093681335,0.05723915994167328,11.338122367858887,5.960464477539063e-08,0.23958333333333334,5086.13903093338,max_steps:40|pos_err_exceeded:26|joint_limit:22|self_collision:5
3000,0.6800439357757568,41.135416666666664,0.5208333333333334,0.13389882445335388,0.1332084834575653,10.730781555175781,1.6777589321136475,0.07291666666666667,5102.97815155983,max_steps:50|joint_limit:26|pos_err_exceeded:14|self_collision:4
3010,0.6147894263267517,36.28125,0.4270833333333333,-0.004889948293566704,0.0756492093205452,10.736940383911133,0.5341638922691345,0.125,5119.899699687958,max_steps:41|pos_err_exceeded:28|joint_limit:13|self_collision:11
3020,0.616675615310669,36.822916666666664,0.4375,0.08293019980192184,0.1354074478149414,10.616870880126953,0.504764199256897,0.052083333333333336,5136.615561008453,max_steps:42|joint_limit:26|pos_err_exceeded:21|self_collision:4
3030,0.6368422508239746,36.5,0.4583333333333333,0.2383762001991272,0.1353757679462433,10.211715698242188,0.4279451370239258,0.08333333333333333,5153.343881368637,max_steps:44|joint_limit:27|pos_err_exceeded:20|self_collision:4
3040,0.6100623607635498,35.46875,0.40625,0.27019450068473816,0.1645488291978836,10.23866081237793,0.5048241019248962,0.11458333333333333,5170.052443981171,max_steps:39|pos_err_exceeded:25|joint_limit:25|self_collision:5
3050,0.6070284843444824,36.3125,0.3645833333333333,0.024624958634376526,0.049914028495550156,9.909317016601562,0.3018094301223755,0.13541666666666666,5186.787809610367,max_steps:35|pos_err_exceeded:32|joint_limit:23|self_collision:5
3060,0.6381350755691528,36.447916666666664,0.46875,-0.15652504563331604,0.11342751979827881,10.011548042297363,0.1629219502210617,0.13541666666666666,5203.622399091721,max_steps:45|pos_err_exceeded:28|joint_limit:19|init_ik_fail:2
3070,0.5720184445381165,33.53125,0.4375,0.1583295315504074,0.1414315402507782,10.440768241882324,0.12249068915843964,0.0625,5220.4521906375885,max_steps:42|joint_limit:28|pos_err_exceeded:17|self_collision:7
3080,0.6778108477592468,40.927083333333336,0.46875,0.09341182559728622,0.0720268115401268,10.784866333007812,0.8072782754898071,0.10416666666666667,5237.246908187866,max_steps:45|joint_limit:24|pos_err_exceeded:22|init_ik_fail:3
3090,0.657561182975769,38.208333333333336,0.4583333333333333,0.06338659673929214,0.08613463491201401,10.76768684387207,0.07314912974834442,0.125,5254.062574625015,max_steps:44|pos_err_exceeded:25|joint_limit:23|self_collision:2
3100,0.6081758737564087,34.96875,0.4479166666666667,-0.22375787794589996,0.0954539030790329,11.048713684082031,0.05616740882396698,0.052083333333333336,5271.15282702446,max_steps:43|pos_err_exceeded:22|joint_limit:21|self_collision:9
3110,0.6561086177825928,38.489583333333336,0.4895833333333333,0.08896015584468842,0.10813439637422562,10.906486511230469,0.0716240406036377,0.21875,5288.120648384094,max_steps:47|joint_limit:27|pos_err_exceeded:11|self_collision:8
3120,0.5605751872062683,32.78125,0.375,-0.13922321796417236,0.08663193881511688,10.784103393554688,0.08182349056005478,0.020833333333333332,5304.883485555649,max_steps:36|pos_err_exceeded:28|joint_limit:22|init_ik_fail:6
3130,0.5849304795265198,34.614583333333336,0.375,0.031040573492646217,0.15450216829776764,10.780143737792969,0.07094749063253403,0.078125,5321.737113952637,max_steps:36|pos_err_exceeded:30|joint_limit:26|self_collision:2
3140,0.6046833395957947,36.6875,0.4479166666666667,-0.23372790217399597,0.11742207407951355,10.605728149414062,0.10957225412130356,0.08333333333333333,5338.623653888702,max_steps:43|joint_limit:21|pos_err_exceeded:18|self_collision:7
3150,0.5562087297439575,34.385416666666664,0.375,0.1492343544960022,0.08114099502563477,10.526573181152344,0.27766698598861694,0.09375,5355.53102016449,max_steps:36|pos_err_exceeded:27|joint_limit:26|self_collision:5
3160,0.5414841175079346,31.458333333333332,0.375,0.09228216856718063,0.06936118006706238,11.030726432800293,0.065640389919281,0.20535714285714285,5372.4730219841,max_steps:36|pos_err_exceeded:32|joint_limit:21|self_collision:6
3170,0.7188361883163452,42.510416666666664,0.53125,-0.06697874516248703,0.06815675646066666,11.127177238464355,0.06567750871181488,0.15104166666666666,5389.40519285202,max_steps:51|pos_err_exceeded:26|joint_limit:15|self_collision:4
3180,0.594122052192688,36.46875,0.40625,-0.11909234523773193,0.11857933551073074,11.098601341247559,0.05746203660964966,0.06770833333333333,5406.364998102188,max_steps:39|pos_err_exceeded:27|joint_limit:24|self_collision:4
3190,0.6325564384460449,37.322916666666664,0.46875,0.05689090117812157,0.1269562542438507,11.116960525512695,0.053950052708387375,0.05555555555555555,5423.267467737198,max_steps:45|joint_limit:22|pos_err_exceeded:21|init_ik_fail:6
3200,0.5490521192550659,32.270833333333336,0.3541666666666667,-0.02210446074604988,0.04439525678753853,11.076513290405273,0.011525815352797508,0.22916666666666666,5440.243118524551,max_steps:34|pos_err_exceeded:30|joint_limit:24|self_collision:5
3210,0.6709253787994385,39.364583333333336,0.4895833333333333,0.07243811339139938,0.062299538403749466,10.844972610473633,0.06332119554281235,0.2109375,5457.210678815842,max_steps:47|pos_err_exceeded:26|joint_limit:15|self_collision:6
3220,0.5937209129333496,35.21875,0.375,-0.1717093288898468,0.07691557705402374,10.481613159179688,0.2788345515727997,0.07291666666666667,5473.9685735702515,max_steps:36|pos_err_exceeded:35|joint_limit:17|self_collision:4
3230,0.6801455020904541,40.364583333333336,0.53125,-0.14643345773220062,0.09351204335689545,10.242583274841309,0.1600373238325119,0.11458333333333333,5490.793981075287,max_steps:51|joint_limit:23|pos_err_exceeded:18|self_collision:2
3240,0.5885335206985474,35.520833333333336,0.34375,0.12419173866510391,0.06434014439582825,10.693368911743164,0.5059944987297058,0.08333333333333333,5507.644309043884,max_steps:33|pos_err_exceeded:33|joint_limit:20|self_collision:7
3250,0.5422155261039734,30.791666666666668,0.3541666666666667,0.12510201334953308,0.15397006273269653,10.754672050476074,0.10826951265335083,0.057291666666666664,5524.47883605957,max_steps:34|pos_err_exceeded:30|joint_limit:23|self_collision:6
3260,0.5907111763954163,35.739583333333336,0.3854166666666667,0.15894155204296112,0.1247754842042923,10.782630920410156,0.0578216128051281,0.17708333333333334,5541.510797262192,max_steps:37|pos_err_exceeded:29|joint_limit:22|self_collision:6
3270,0.635600745677948,37.322916666666664,0.4583333333333333,-0.2527575194835663,0.07678069174289703,11.015527725219727,0.3024340271949768,0.1284722222222222,5558.371646404266,max_steps:44|pos_err_exceeded:26|joint_limit:19|self_collision:6
3280,0.6522585153579712,37.395833333333336,0.5104166666666666,-0.021279072389006615,0.10892541706562042,10.497966766357422,0.23082831501960754,0.15625,5575.126203775406,max_steps:49|pos_err_exceeded:23|joint_limit:15|self_collision:7
3290,0.5966743230819702,34.145833333333336,0.40625,-0.05660189688205719,0.11883635073900223,9.980627059936523,0.27299395203590393,0.041666666666666664,5591.988984107971,max_steps:39|joint_limit:26|pos_err_exceeded:26|self_collision:3
3300,0.6587933897972107,39.989583333333336,0.4895833333333333,0.13715201616287231,0.14122572541236877,10.918353080749512,0.28672322630882263,0.09375,5608.820219993591,max_steps:47|joint_limit:24|pos_err_exceeded:20|init_ik_fail:3
3310,0.5664059519767761,32.75,0.40625,-0.07707985490560532,0.15024900436401367,10.652756690979004,0.18420565128326416,0.10416666666666667,5625.674941539764,max_steps:39|joint_limit:26|pos_err_exceeded:25|self_collision:5
3320,0.62172532081604,37.375,0.4791666666666667,-0.0420658141374588,0.10506409406661987,10.726354598999023,0.0666029080748558,0.041666666666666664,5642.50118637085,max_steps:46|joint_limit:25|pos_err_exceeded:15|self_collision:8
3330,0.5429220199584961,31.229166666666668,0.375,-0.14213229715824127,0.1618078649044037,10.377553939819336,0.10138799995183945,0.13020833333333334,5659.381679058075,max_steps:36|joint_limit:24|pos_err_exceeded:22|self_collision:11
3340,0.5746163129806519,34.59375,0.3958333333333333,0.08555442094802856,0.12802539765834808,10.548789024353027,0.09934709966182709,0.11458333333333333,5676.294553279877,max_steps:38|pos_err_exceeded:28|joint_limit:22|self_collision:6
3350,0.5278325080871582,30.8125,0.3125,0.11915572732686996,0.0914560854434967,11.134912490844727,0.0662536472082138,0.11666666666666667,5693.349853992462,pos_err_exceeded:31|max_steps:30|joint_limit:29|self_collision:4
3360,0.6506889462471008,40.052083333333336,0.46875,-0.21821369230747223,0.05988296866416931,10.89996337890625,0.02693818137049675,0.2721354166666667,5710.32191157341,max_steps:45|joint_limit:23|pos_err_exceeded:20|self_collision:7
3370,0.6286324858665466,37.604166666666664,0.4375,-0.0064993686974048615,0.15372832119464874,10.549461364746094,0.0752829760313034,0.17708333333333334,5727.260741472244,max_steps:42|pos_err_exceeded:25|joint_limit:20|self_collision:6
3380,0.6185981631278992,34.979166666666664,0.4479166666666667,0.13570766150951385,0.0796356052160263,10.941871643066406,0.08109045028686523,0.09375,5744.104789972305,max_steps:43|pos_err_exceeded:26|joint_limit:17|self_collision:10
3390,0.6581422686576843,37.145833333333336,0.4895833333333333,0.23255741596221924,0.0876486748456955,10.644962310791016,0.10050960630178452,0.11458333333333333,5760.888484954834,max_steps:47|joint_limit:22|pos_err_exceeded:21|self_collision:4
3400,0.6212477087974548,36.791666666666664,0.46875,-0.14596745371818542,0.08376722782850266,10.52338695526123,0.24788445234298706,0.078125,5777.744767665863,max_steps:45|pos_err_exceeded:28|joint_limit:16|self_collision:6
3410,0.5404648780822754,30.947916666666668,0.34375,-0.32034626603126526,0.08603578805923462,10.619680404663086,0.056888680905103683,0.07291666666666667,5794.520889282227,max_steps:33|pos_err_exceeded:28|joint_limit:26|self_collision:7
3420,0.5751045942306519,33.15625,0.3958333333333333,-0.19353558123111725,0.08112871646881104,10.474494934082031,0.2955222427845001,0.10416666666666667,5811.567168951035,max_steps:38|joint_limit:32|pos_err_exceeded:20|self_collision:6
3430,0.6253197193145752,36.479166666666664,0.40625,-0.12369205057621002,0.0925711989402771,10.739748001098633,0.19608014822006226,0.010416666666666666,5828.4184539318085,max_steps:39|pos_err_exceeded:29|joint_limit:15|self_collision:8
3440,0.6901015043258667,39.083333333333336,0.5520833333333334,0.18447233736515045,0.10993549972772598,10.6859769821167,0.3976461887359619,0.11458333333333333,5845.275293827057,max_steps:53|pos_err_exceeded:23|joint_limit:13|self_collision:6
3450,0.6212829351425171,36.864583333333336,0.4479166666666667,-0.04586566984653473,0.09177234768867493,10.790229797363281,0.08686816692352295,0.11458333333333333,5862.1718313694,max_steps:43|joint_limit:22|pos_err_exceeded:22|init_ik_fail:5
3460,0.6150420308113098,34.614583333333336,0.4270833333333333,-0.06923544406890869,0.11428771913051605,10.6571044921875,0.6778135299682617,0.0625,5879.118739128113,max_steps:41|pos_err_exceeded:30|joint_limit:18|self_collision:6
3470,0.639561116695404,37.5,0.4479166666666667,-0.14755737781524658,0.08490091562271118,10.636340141296387,0.0937889814376831,0.14583333333333334,5895.9676394462585,max_steps:43|pos_err_exceeded:28|joint_limit:16|self_collision:5
3480,0.5558357238769531,31.635416666666668,0.3854166666666667,0.3236781656742096,0.13900935649871826,10.665119171142578,0.4870184063911438,0.15625,5912.877188920975,max_steps:37|joint_limit:29|pos_err_exceeded:25|self_collision:4
3490,0.5774847269058228,33.28125,0.3958333333333333,0.07785625010728836,0.15127058327198029,11.069128036499023,0.07692080736160278,0.052083333333333336,5929.76393032074,max_steps:38|joint_limit:30|pos_err_exceeded:19|self_collision:6
3500,0.6479183435440063,39.572916666666664,0.4479166666666667,0.26209211349487305,0.11267122626304626,11.054705619812012,0.09733246266841888,0.10416666666666667,5946.603526353836,max_steps:43|pos_err_exceeded:25|joint_limit:20|self_collision:6
3510,0.6299615502357483,37.104166666666664,0.4166666666666667,0.08193433284759521,0.07042460143566132,11.135686874389648,0.05494555085897446,0.0798611111111111,5963.439116239548,max_steps:40|pos_err_exceeded:29|joint_limit:19|self_collision:6
3520,0.6876548528671265,38.895833333333336,0.4895833333333333,0.18874205648899078,0.1175045520067215,10.627815246582031,0.11298303306102753,0.1328125,5980.443154573441,max_steps:47|pos_err_exceeded:27|joint_limit:13|self_collision:6
3530,0.671684741973877,40.552083333333336,0.4375,-0.08504482358694077,0.04672809690237045,10.931528091430664,0.09970738738775253,0.15364583333333334,5997.3027539253235,max_steps:42|pos_err_exceeded:29|joint_limit:18|self_collision:5
3540,0.6243383884429932,37.15625,0.4270833333333333,-0.07783400267362595,0.06933148950338364,11.065470695495605,0.07705974578857422,0.14583333333333334,6014.268073558807,max_steps:41|pos_err_exceeded:24|joint_limit:24|self_collision:6
3550,0.6092606782913208,36.510416666666664,0.4166666666666667,-0.0029510960448533297,0.1174398809671402,10.957182884216309,0.06346730887889862,0.09375,6031.252855300903,max_steps:40|joint_limit:27|pos_err_exceeded:24|init_ik_fail:5
3560,0.5960158109664917,33.822916666666664,0.4479166666666667,0.20204365253448486,0.13456657528877258,11.284381866455078,0.1328597515821457,0.11979166666666667,6048.223338127136,max_steps:43|pos_err_exceeded:26|joint_limit:20|self_collision:6
3570,0.6470831036567688,38.458333333333336,0.5520833333333334,0.12243757396936417,0.16537518799304962,11.109893798828125,0.06588160991668701,0.07291666666666667,6065.289309263229,max_steps:53|joint_limit:19|pos_err_exceeded:16|self_collision:6
3580,0.4851222038269043,29.083333333333332,0.2916666666666667,0.06409866362810135,0.0995778739452362,11.277132987976074,-0.003956397529691458,0.19661458333333334,6082.336696386337,max_steps:28|pos_err_exceeded:27|joint_limit:24|self_collision:12
3590,0.6008443832397461,35.3125,0.4375,0.21561825275421143,0.176600843667984,11.29530143737793,0.06339657306671143,0.09375,6099.273315191269,max_steps:42|joint_limit:24|pos_err_exceeded:23|self_collision:4
3600,0.6149808764457703,36.989583333333336,0.46875,0.023225924000144005,0.11894745379686356,11.140533447265625,0.06236348673701286,0.052083333333333336,6116.23489522934,max_steps:45|joint_limit:24|pos_err_exceeded:18|self_collision:7
3610,0.5851578712463379,34.666666666666664,0.4479166666666667,0.0020692944526672363,0.12504664063453674,11.061015129089355,0.198985755443573,0.07291666666666667,6133.126450300217,max_steps:43|pos_err_exceeded:27|joint_limit:18|init_ik_fail:4
3620,0.569067656993866,33.5,0.3958333333333333,0.1636907011270523,0.11198173463344574,11.000450134277344,0.09183794260025024,0.041666666666666664,6149.995350122452,max_steps:38|pos_err_exceeded:31|joint_limit:19|self_collision:7
3630,0.6330100893974304,36.15625,0.4375,0.09403005242347717,0.10268951952457428,11.035223007202148,0.15800921618938446,0.052083333333333336,6166.844978094101,max_steps:42|joint_limit:24|pos_err_exceeded:23|self_collision:6
3640,0.5489851236343384,33.520833333333336,0.375,0.05637108162045479,0.09509050846099854,10.992431640625,0.08383160829544067,0.07291666666666667,6183.669976472855,max_steps:36|pos_err_exceeded:25|joint_limit:22|self_collision:9
3650,0.6632453799247742,38.552083333333336,0.5104166666666666,-0.1293739527463913,0.08473312854766846,10.898463249206543,0.11693695187568665,0.08333333333333333,6200.58868765831,max_steps:49|joint_limit:23|pos_err_exceeded:18|self_collision:6
3660,0.5487509965896606,32.145833333333336,0.3854166666666667,-0.0856337696313858,0.12067155539989471,10.980624198913574,0.7792355418205261,0.10416666666666667,6217.4078896045685,max_steps:37|pos_err_exceeded:26|joint_limit:24|self_collision:5
3670,0.5873150825500488,36.0625,0.4166666666666667,-0.08435729891061783,0.12505033612251282,10.906072616577148,0.42424917221069336,0.052083333333333336,6234.186897516251,max_steps:40|pos_err_exceeded:29|joint_limit:20|self_collision:4
3680,0.638704240322113,37.354166666666664,0.46875,-0.13547414541244507,0.08329812437295914,10.827642440795898,0.06495722383260727,0.08333333333333333,6251.035442113876,max_steps:45|pos_err_exceeded:23|joint_limit:22|self_collision:5
3690,0.6134388446807861,38.333333333333336,0.46875,-0.001852195942774415,0.07899915426969528,10.651057243347168,0.1444912850856781,0.052083333333333336,6267.854975700378,max_steps:45|joint_limit:27|pos_err_exceeded:17|self_collision:4
3700,0.5805880427360535,34.625,0.40625,0.14374153316020966,0.07964026927947998,10.961699485778809,0.07438617944717407,0.07291666666666667,6284.635902404785,max_steps:39|pos_err_exceeded:28|joint_limit:21|self_collision:6
3710,0.5651625394821167,34.104166666666664,0.375,-0.09322793036699295,0.08949697017669678,10.948789596557617,0.11791586875915527,0.03125,6301.553919792175,max_steps:36|pos_err_exceeded:30|joint_limit:23|self_collision:5
3720,0.5424087047576904,32.59375,0.34375,-0.18417327105998993,0.11656799912452698,11.210262298583984,0.30299893021583557,0.07291666666666667,6318.329265356064,max_steps:33|joint_limit:28|pos_err_exceeded:25|self_collision:5
3730,0.6189844608306885,36.4375,0.40625,0.1558210253715515,0.11897818744182587,11.190605163574219,0.1001935601234436,0.041666666666666664,6335.135382175446,max_steps:39|joint_limit:27|pos_err_exceeded:24|self_collision:5
3740,0.570669412612915,34.572916666666664,0.375,-0.0980658158659935,0.12631794810295105,11.147647857666016,0.06641857326030731,0.03125,6351.920960903168,max_steps:36|pos_err_exceeded:32|joint_limit:22|self_collision:5
3750,0.5639519691467285,34.479166666666664,0.375,-0.1300732046365738,0.14701524376869202,10.702983856201172,0.07180178165435791,0.14583333333333334,6368.72713971138,max_steps:36|joint_limit:29|pos_err_exceeded:23|init_ik_fail:5
3760,0.6385431885719299,37.895833333333336,0.4479166666666667,0.20545758306980133,0.1321009248495102,10.784194946289062,0.3005731403827667,0.08333333333333333,6385.537761688232,max_steps:43|pos_err_exceeded:24|joint_limit:19|self_collision:7
3770,0.6920285224914551,41.010416666666664,0.4895833333333333,0.05646431818604469,0.023799356073141098,11.220458984375,0.0037958226166665554,0.19661458333333334,6402.413418054581,max_steps:47|joint_limit:24|pos_err_exceeded:22|self_collision:2
3780,0.6139333844184875,38.0625,0.4270833333333333,-0.3226153552532196,0.06768445670604706,11.255778312683105,0.10275014489889145,0.03125,6419.201306819916,max_steps:41|joint_limit:26|pos_err_exceeded:24|init_ik_fail:3
3790,0.6463705897331238,38.395833333333336,0.4479166666666667,-0.1607508510351181,0.0512610524892807,11.238304138183594,0.025208890438079834,0.20182291666666666,6436.140598058701,max_steps:43|joint_limit:26|pos_err_exceeded:17|self_collision:9
3800,0.6371716260910034,36.677083333333336,0.46875,0.014597367495298386,0.07559958100318909,11.208642959594727,0.09853172302246094,0.06770833333333333,6453.049866437912,max_steps:45|pos_err_exceeded:25|joint_limit:20|self_collision:5
3810,0.6111403703689575,36.791666666666664,0.4479166666666667,-0.175571009516716,0.09529580175876617,11.326726913452148,0.16188877820968628,0.10069444444444445,6470.05309009552,max_steps:43|pos_err_exceeded:24|joint_limit:20|self_collision:9
3820,0.5979610681533813,34.729166666666664,0.3645833333333333,0.0528581440448761,0.07599522918462753,11.237735748291016,0.8597347736358643,0.010416666666666666,6486.874893188477,max_steps:35|pos_err_exceeded:31|joint_limit:25|self_collision:4
3830,0.5828418731689453,34.010416666666664,0.3958333333333333,-0.021856680512428284,0.08560124784708023,11.306185722351074,0.06927206367254257,0.020833333333333332,6503.7260389328,max_steps:38|pos_err_exceeded:29|joint_limit:23|init_ik_fail:3
3840,0.6255664229393005,38.03125,0.4583333333333333,0.07009536027908325,0.0932006984949112,11.285572052001953,0.1835373044013977,0.020833333333333332,6520.628211021423,max_steps:44|pos_err_exceeded:24|joint_limit:23|self_collision:3
3850,0.6138138771057129,36.364583333333336,0.4270833333333333,-0.0022442168556153774,0.1216321587562561,10.939214706420898,0.48736485838890076,0.09895833333333333,6537.526830434799,max_steps:41|pos_err_exceeded:27|joint_limit:19|self_collision:7
3860,0.6244015097618103,35.854166666666664,0.46875,0.09570185840129852,0.1502489149570465,11.276591300964355,0.1465444266796112,0.03125,6554.391453266144,max_steps:45|pos_err_exceeded:24|joint_limit:22|self_collision:4
3870,0.6219512820243835,36.270833333333336,0.46875,-0.20271345973014832,0.051058702170848846,11.47293472290039,0.005948901176452637,0.2552083333333333,6571.306859970093,max_steps:45|pos_err_exceeded:22|joint_limit:20|self_collision:5
3880,0.5817708969116211,33.916666666666664,0.3958333333333333,-0.008807836100459099,0.09465092420578003,11.31973648071289,0.060106001794338226,0.03125,6588.1994972229,max_steps:38|joint_limit:27|pos_err_exceeded:24|self_collision:6
3890,0.6313807368278503,37.072916666666664,0.4375,0.09816095978021622,0.1172301322221756,11.431812286376953,1.2108783721923828,0.010416666666666666,6605.090834617615,max_steps:42|joint_limit:26|pos_err_exceeded:22|self_collision:5
3900,0.6025311946868896,34.333333333333336,0.4375,0.06607761979103088,0.08341316133737564,11.385068893432617,0.36311015486717224,0.0625,6621.9733164310455,max_steps:42|pos_err_exceeded:22|joint_limit:20|self_collision:10
3910,0.5885977745056152,34.697916666666664,0.4166666666666667,0.09771688282489777,0.12372876703739166,11.539968490600586,0.15867942571640015,0.020833333333333332,6638.884553670883,max_steps:40|joint_limit:24|pos_err_exceeded:19|self_collision:8
3920,0.6294578313827515,36.322916666666664,0.4791666666666667,-0.021732520312070847,0.14374879002571106,11.460360527038574,0.19082066416740417,0.020833333333333332,6655.704181432724,max_steps:46|joint_limit:25|pos_err_exceeded:19|self_collision:6
3930,0.5469115376472473,32.4375,0.375,-0.2259828746318817,0.1452198028564453,11.66389274597168,0.46939653158187866,0.0,6672.444057703018,max_steps:36|joint_limit:28|pos_err_exceeded:22|self_collision:6
3940,0.5824527740478516,36.28125,0.375,-0.060018833726644516,0.11784185469150543,11.59742546081543,1.4505341053009033,0.026041666666666668,6689.36226606369,max_steps:36|pos_err_exceeded:30|joint_limit:20|init_ik_fail:5
3950,0.6213611364364624,37.458333333333336,0.4270833333333333,-0.04973730817437172,0.16961434483528137,11.6101713180542,1.383707046508789,0.020833333333333332,6706.3089010715485,max_steps:41|pos_err_exceeded:25|joint_limit:22|self_collision:7
3960,0.6400873064994812,37.75,0.46875,0.20532669126987457,0.10234609246253967,11.581192016601562,0.05036020278930664,0.041666666666666664,6723.415444850922,max_steps:45|pos_err_exceeded:24|joint_limit:20|self_collision:4
3970,0.6230237483978271,35.875,0.4583333333333333,-0.06550275534391403,0.09612377732992172,11.525954246520996,0.29758498072624207,0.010416666666666666,6740.184850692749,max_steps:44|pos_err_exceeded:24|joint_limit:16|self_collision:9
3980,0.5733565092086792,35.385416666666664,0.3958333333333333,-0.060046497732400894,0.13603152334690094,11.61494255065918,0.12457450479269028,0.010416666666666666,6757.091377735138,max_steps:38|joint_limit:24|pos_err_exceeded:22|self_collision:11
3990,0.6104562282562256,37.1875,0.4270833333333333,-0.01985400728881359,0.08196759968996048,11.584663391113281,0.4558189809322357,0.020833333333333332,6774.00043296814,max_steps:41|pos_err_exceeded:23|joint_limit:18|self_collision:8
4000,0.6998006701469421,42.291666666666664,0.5,-0.008145740255713463,0.07607857882976532,11.48945426940918,0.8992602229118347,0.020833333333333332,6790.897657871246,max_steps:48|pos_err_exceeded:23|joint_limit:19|self_collision:5
4010,0.5625417232513428,33.9375,0.3229166666666667,-0.03988011181354523,0.095582976937294,11.63851547241211,0.05086902901530266,0.020833333333333332,6807.890925884247,max_steps:31|joint_limit:27|pos_err_exceeded:26|self_collision:11
4020,0.6016530990600586,34.916666666666664,0.3854166666666667,-0.1966896504163742,0.06465741991996765,11.580177307128906,0.18657246232032776,0.010416666666666666,6824.787496805191,max_steps:37|pos_err_exceeded:34|joint_limit:16|self_collision:7
4030,0.6257236003875732,36.822916666666664,0.3854166666666667,0.09291112422943115,0.11879567056894302,11.603716850280762,0.32727712392807007,0.010416666666666666,6841.541251420975,max_steps:37|pos_err_exceeded:27|joint_limit:20|self_collision:8
4040,0.5491786003112793,31.145833333333332,0.375,0.2836570143699646,0.09941606223583221,11.593544006347656,0.06454750150442123,0.16493055555555555,6858.376578092575,max_steps:36|joint_limit:27|pos_err_exceeded:26|self_collision:5
4050,0.6250494718551636,38.708333333333336,0.4375,0.3007257282733917,0.16149121522903442,11.446523666381836,0.22870010137557983,0.020833333333333332,6875.132616281509,max_steps:42|pos_err_exceeded:26|joint_limit:22|self_collision:3
4060,0.5415735244750977,32.3125,0.3541666666666667,-0.1496543437242508,0.09080007672309875,11.485072135925293,0.05553855746984482,0.15416666666666667,6891.925747871399,max_steps:34|pos_err_exceeded:32|joint_limit:22|self_collision:5
4070,0.6047607660293579,35.625,0.40625,0.13194380700588226,0.10475672781467438,11.378772735595703,3.6470465660095215,0.052083333333333336,6908.830658197403,max_steps:39|pos_err_exceeded:28|joint_limit:24|self_collision:4
4080,0.6393948793411255,37.510416666666664,0.4895833333333333,-0.1304491013288498,0.10911518335342407,11.459650993347168,0.7782230377197266,0.010416666666666666,6925.641760587692,max_steps:47|pos_err_exceeded:19|joint_limit:19|self_collision:6
4090,0.6200761795043945,36.416666666666664,0.40625,0.17879058420658112,0.15219280123710632,11.249964714050293,10.985301971435547,0.0625,6942.405194759369,max_steps:39|pos_err_exceeded:25|joint_limit:23|self_collision:7
4100,0.6613495349884033,39.96875,0.5,0.2003353387117386,0.140176460146904,11.052348136901855,1.7586641311645508,0.052083333333333336,6959.2006919384,max_steps:48|joint_limit:22|pos_err_exceeded:22|self_collision:2
4110,0.669871985912323,40.84375,0.46875,0.11387605220079422,0.07888620346784592,11.406764030456543,0.07765968888998032,0.07552083333333333,6976.13215970993,max_steps:45|joint_limit:23|pos_err_exceeded:21|self_collision:5
4120,0.6000953912734985,36.208333333333336,0.4270833333333333,-0.1533919870853424,0.1055983304977417,11.053553581237793,6.204654216766357,0.07291666666666667,6992.913840055466,max_steps:41|joint_limit:24|pos_err_exceeded:23|self_collision:6
4130,0.6388057470321655,36.9375,0.46875,-0.012822799384593964,0.15973594784736633,11.030014038085938,4.690164566040039,0.0625,7009.817273139954,max_steps:45|pos_err_exceeded:25|joint_limit:23|self_collision:2
4140,0.6161031126976013,35.40625,0.34375,0.03498268872499466,0.11117132753133774,11.227210998535156,0.09937208890914917,0.03125,7026.646621465683,max_steps:33|joint_limit:28|pos_err_exceeded:22|self_collision:11
4150,0.6056462526321411,36.21875,0.3958333333333333,0.07998783886432648,0.10137978196144104,11.461065292358398,4.862151145935059,0.010416666666666666,7043.476891756058,max_steps:38|pos_err_exceeded:31|joint_limit:18|self_collision:7
4160,0.6005191802978516,36.25,0.4479166666666667,-0.11763343214988708,0.03322570025920868,11.433309555053711,0.053417664021253586,0.07291666666666667,7060.44647860527,max_steps:43|pos_err_exceeded:28|joint_limit:19|self_collision:4
4170,0.5000883340835571,29.604166666666668,0.2604166666666667,-0.046405114233493805,0.12763339281082153,11.109968185424805,0.37173551321029663,0.03125,7077.324211597443,pos_err_exceeded:31|joint_limit:26|max_steps:25|self_collision:11
4180,0.574325442314148,35.802083333333336,0.40625,-0.07528221607208252,0.11192096769809723,10.724716186523438,0.13831642270088196,0.07291666666666667,7094.1712765693665,max_steps:39|joint_limit:28|pos_err_exceeded:24|self_collision:3
4190,0.6364806890487671,36.822916666666664,0.4375,-0.08789101243019104,0.10974150151014328,11.199560165405273,0.05922148749232292,0.20208333333333334,7110.924325704575,max_steps:42|pos_err_exceeded:26|joint_limit:19|self_collision:8
4200,0.6980869770050049,42.229166666666664,0.5729166666666666,0.19293734431266785,0.13230489194393158,11.037391662597656,0.5909072756767273,0.020833333333333332,7127.81156039238,max_steps:55|pos_err_exceeded:21|joint_limit:18|self_collision:2
4210,0.689018726348877,41.020833333333336,0.5520833333333334,-0.005215376615524292,0.07303469628095627,11.181280136108398,1.8379701375961304,0.08333333333333333,7144.616522550583,max_steps:53|joint_limit:22|pos_err_exceeded:16|self_collision:4
4220,0.634978175163269,36.21875,0.4583333333333333,0.0061764782294631,0.05753788352012634,11.088920593261719,1.2077231407165527,0.052083333333333336,7161.450893878937,max_steps:44|joint_limit:21|pos_err_exceeded:18|self_collision:11
4230,0.6590842604637146,38.75,0.4895833333333333,0.07803195714950562,0.0657501369714737,11.36018180847168,0.40513432025909424,0.06597222222222222,7178.3138999938965,max_steps:47|pos_err_exceeded:23|joint_limit:20|self_collision:5
4240,0.5571111440658569,33.635416666666664,0.375,0.1299288123846054,0.110524483025074,11.44239330291748,1.5207953453063965,0.010416666666666666,7195.108839511871,max_steps:36|pos_err_exceeded:28|joint_limit:21|self_collision:7
4250,0.6360222101211548,36.916666666666664,0.4895833333333333,0.10360987484455109,0.11574907600879669,11.182029724121094,25.945770263671875,0.052083333333333336,7211.927462816238,max_steps:47|pos_err_exceeded:24|joint_limit:21|self_collision:2
4260,0.5788692235946655,34.197916666666664,0.375,-0.08189964294433594,0.1208217442035675,11.00662612915039,2.0903100967407227,0.09375,7228.684888601303,max_steps:36|pos_err_exceeded:31|joint_limit:28|init_ik_fail:1
4270,0.613813042640686,35.78125,0.4479166666666667,-0.2759479582309723,0.06653103977441788,11.123022079467773,5.925992965698242,0.020833333333333332,7245.495457410812,max_steps:43|joint_limit:27|pos_err_exceeded:18|self_collision:7
4280,0.5826014876365662,35.03125,0.4166666666666667,-0.004444209858775139,0.09042803943157196,11.421211242675781,2.2529501914978027,0.010416666666666666,7262.365056276321,max_steps:40|joint_limit:28|pos_err_exceeded:17|self_collision:7
4290,0.5997959971427917,37.791666666666664,0.4375,-0.18649140000343323,0.16230429708957672,11.622973442077637,0.96104896068573,0.036458333333333336,7279.230482816696,max_steps:42|joint_limit:24|pos_err_exceeded:20|init_ik_fail:5
4300,0.6528290510177612,39.739583333333336,0.4895833333333333,0.1557992547750473,0.10739575326442719,11.530142784118652,0.11905376613140106,0.010416666666666666,7296.237052440643,max_steps:47|joint_limit:22|pos_err_exceeded:22|self_collision:5
4310,0.6437937021255493,37.489583333333336,0.4166666666666667,0.06847395747900009,0.1010623425245285,11.585454940795898,0.05228078365325928,0.020833333333333332,7313.060205459595,max_steps:40|pos_err_exceeded:27|joint_limit:25|self_collision:2
4320,0.6056530475616455,35.666666666666664,0.4166666666666667,0.16472874581813812,0.12922526895999908,11.508407592773438,0.21052470803260803,0.020833333333333332,7329.820102214813,max_steps:40|pos_err_exceeded:27|joint_limit:24|self_collision:5
4330,0.6473610401153564,37.75,0.4791666666666667,0.2776995003223419,0.11303776502609253,11.289464950561523,0.22630393505096436,0.052083333333333336,7346.620395421982,max_steps:46|pos_err_exceeded:25|joint_limit:21|self_collision:3
4340,0.6539804935455322,38.916666666666664,0.46875,-0.10279550403356552,0.0994868278503418,11.404157638549805,0.07397322356700897,0.0,7363.415479421616,max_steps:45|joint_limit:23|pos_err_exceeded:19|self_collision:9
4350,0.5949403643608093,35.40625,0.4479166666666667,0.05702955648303032,0.08291356265544891,11.51481819152832,0.16676878929138184,0.010416666666666666,7380.267780303955,max_steps:43|joint_limit:22|pos_err_exceeded:20|self_collision:10
4360,0.5835702419281006,35.927083333333336,0.3541666666666667,0.11810947209596634,0.12367550283670425,11.352241516113281,0.06458040326833725,0.041666666666666664,7397.025156021118,max_steps:34|pos_err_exceeded:33|joint_limit:25|self_collision:3
4370,0.6457707285881042,38.760416666666664,0.4791666666666667,0.08715739846229553,0.12836262583732605,11.379061698913574,2.290431499481201,0.020833333333333332,7413.878482103348,max_steps:46|joint_limit:21|pos_err_exceeded:21|self_collision:5
4380,0.6185081601142883,37.666666666666664,0.4270833333333333,0.24382829666137695,0.107471764087677,11.494940757751465,0.0573982410132885,0.0763888888888889,7430.759169816971,max_steps:41|pos_err_exceeded:26|joint_limit:16|self_collision:7
4390,0.5903185606002808,33.5,0.3958333333333333,-0.013153440319001675,0.1141841784119606,11.580192565917969,0.06850568950176239,0.12760416666666666,7447.553269863129,max_steps:38|pos_err_exceeded:27|joint_limit:23|init_ik_fail:4
4400,0.6402817964553833,38.322916666666664,0.46875,-0.11422939598560333,0.11764413118362427,11.634195327758789,0.13011503219604492,0.140625,7464.532697916031,max_steps:45|pos_err_exceeded:24|joint_limit:19|self_collision:6
4410,0.6345581412315369,37.479166666666664,0.5,0.021645022556185722,0.10748125612735748,11.341795921325684,3.624314069747925,0.03125,7481.343745231628,max_steps:48|pos_err_exceeded:22|joint_limit:21|self_collision:3
4420,0.6714943647384644,39.979166666666664,0.5208333333333334,-0.22642043232917786,0.05926572531461716,11.696314811706543,0.05836300179362297,0.08854166666666667,7498.226562976837,max_steps:50|joint_limit:29|pos_err_exceeded:11|self_collision:4
4430,0.6228870749473572,36.854166666666664,0.4479166666666667,0.11188296973705292,0.10829129815101624,11.407913208007812,12.26287841796875,0.03125,7515.115530729294,max_steps:43|joint_limit:24|pos_err_exceeded:19|self_collision:6
4440,0.5710700750350952,34.864583333333336,0.4166666666666667,0.04840296506881714,0.07874811440706253,11.559333801269531,0.6231150031089783,0.010416666666666666,7531.967326402664,max_steps:40|joint_limit:29|pos_err_exceeded:19|self_collision:5
4450,0.6043846011161804,35.5625,0.4166666666666667,-0.3052101135253906,0.04350878298282623,11.550944328308105,0.056831203401088715,0.22135416666666666,7548.89023065567,max_steps:40|joint_limit:27|pos_err_exceeded:21|self_collision:7
4460,0.6626652479171753,39.46875,0.46875,0.22388222813606262,0.10830983519554138,11.51934814453125,0.27836430072784424,0.020833333333333332,7565.686085700989,max_steps:45|joint_limit:23|pos_err_exceeded:23|init_ik_fail:3
4470,0.5539206862449646,32.104166666666664,0.3229166666666667,0.10573603212833405,0.10967417806386948,11.421430587768555,2.2687878608703613,0.020833333333333332,7582.682649612427,pos_err_exceeded:32|max_steps:31|joint_limit:26|self_collision:6
4480,0.6517224311828613,37.59375,0.46875,0.052377860993146896,0.06009351834654808,11.688175201416016,0.045479536056518555,0.2721354166666667,7599.6807153224945,max_steps:45|joint_limit:26|pos_err_exceeded:16|self_collision:5
4490,0.6277306079864502,37.40625,0.4166666666666667,-0.15196631848812103,0.05773407965898514,11.623817443847656,0.08205827325582504,0.20535714285714285,7616.740030050278,max_steps:40|pos_err_exceeded:24|joint_limit:20|self_collision:8
4500,0.6271896362304688,36.833333333333336,0.4375,-0.02563665807247162,0.06411702185869217,11.34054946899414,0.6467171907424927,0.020833333333333332,7633.747238397598,max_steps:42|joint_limit:25|pos_err_exceeded:24|self_collision:4
4510,0.6291888952255249,37.625,0.4166666666666667,-0.1470412313938141,0.09508350491523743,11.560493469238281,1.102286696434021,0.010416666666666666,7650.567079782486,max_steps:40|joint_limit:26|pos_err_exceeded:24|self_collision:6
4520,0.6100699305534363,34.90625,0.4270833333333333,-0.12995746731758118,0.13655196130275726,11.508075714111328,2.664426565170288,0.010416666666666666,7667.461838722229,max_steps:41|joint_limit:24|pos_err_exceeded:20|self_collision:7
4530,0.6007825136184692,35.489583333333336,0.3854166666666667,0.09322485327720642,0.10742822289466858,11.378904342651367,3.2099075317382812,0.010416666666666666,7684.295414447784,max_steps:37|pos_err_exceeded:27|joint_limit:19|self_collision:8
4540,0.5855668783187866,34.520833333333336,0.4479166666666667,-0.0761907622218132,0.10700785368680954,11.444974899291992,0.6683721542358398,0.034722222222222224,7701.276281118393,max_steps:43|pos_err_exceeded:26|joint_limit:19|self_collision:6
4550,0.6380863785743713,37.71875,0.4375,-0.23463954031467438,0.11231520771980286,11.168062210083008,0.7506756782531738,0.052083333333333336,7718.196192979813,max_steps:42|joint_limit:26|pos_err_exceeded:24|self_collision:3
4560,0.5438608527183533,31.614583333333332,0.3854166666666667,-0.0668017715215683,0.16508637368679047,11.306429862976074,2.2399792671203613,0.010416666666666666,7735.009198665619,max_steps:37|joint_limit:28|pos_err_exceeded:18|self_collision:9
4570,0.5953598022460938,35.0,0.3958333333333333,0.03272762522101402,0.06768389046192169,11.61341667175293,0.2806573510169983,0.020833333333333332,7751.76672911644,max_steps:38|pos_err_exceeded:28|joint_limit:24|self_collision:4
4580,0.6647142767906189,38.802083333333336,0.46875,-0.09461624920368195,0.09036261588335037,11.428863525390625,6.258903503417969,0.020833333333333332,7768.607902288437,max_steps:45|joint_limit:24|pos_err_exceeded:19|self_collision:6
4590,0.6930862665176392,40.46875,0.5104166666666666,-0.25853681564331055,0.1198553815484047,11.314476013183594,2.0057244300842285,0.020833333333333332,7785.434839248657,max_steps:49|joint_limit:22|pos_err_exceeded:19|self_collision:5
4600,0.6403399705886841,37.625,0.53125,0.10206278413534164,0.12258854508399963,11.447314262390137,0.9756907224655151,0.0,7802.239353895187,max_steps:51|pos_err_exceeded:22|joint_limit:16|init_ik_fail:4
4610,0.5570328831672668,32.854166666666664,0.3645833333333333,-0.1861286610364914,0.10977183282375336,11.493169784545898,0.11917853355407715,0.0625,7819.156502962112,max_steps:35|joint_limit:27|pos_err_exceeded:24|init_ik_fail:6
4620,0.6401395201683044,37.416666666666664,0.4270833333333333,0.007457337342202663,0.1069759801030159,11.246932983398438,1.6975582838058472,0.057291666666666664,7835.991863965988,max_steps:41|pos_err_exceeded:26|joint_limit:21|self_collision:5
4630,0.6076216101646423,36.177083333333336,0.4583333333333333,-0.1971418261528015,0.05938339978456497,11.497416496276855,0.6322579383850098,0.0,7852.97625207901,max_steps:44|pos_err_exceeded:22|joint_limit:19|self_collision:6
4640,0.5547404289245605,32.6875,0.3958333333333333,-0.071479432284832,0.07117408514022827,11.645663261413574,0.05427563190460205,0.1736111111111111,7869.832575082779,max_steps:38|joint_limit:27|pos_err_exceeded:26|self_collision:5
4650,0.5514549016952515,33.291666666666664,0.3229166666666667,0.004000965505838394,0.03837454319000244,11.591261863708496,0.01888342760503292,0.2760416666666667,7886.871194601059,joint_limit:31|max_steps:31|pos_err_exceeded:22|self_collision:8
4660,0.5615913271903992,33.260416666666664,0.3854166666666667,0.1421959549188614,0.13345390558242798,11.411972045898438,0.20708417892456055,0.010416666666666666,7903.869856834412,max_steps:37|pos_err_exceeded:28|joint_limit:24|self_collision:6
4670,0.617668867111206,36.895833333333336,0.4270833333333333,0.007070497609674931,0.11570888757705688,11.072436332702637,2.0031652450561523,0.0625,7920.979695796967,max_steps:41|pos_err_exceeded:24|joint_limit:23|self_collision:6
4680,0.6117966175079346,36.208333333333336,0.4270833333333333,0.14415664970874786,0.10293261706829071,11.409590721130371,0.05386074632406235,0.08333333333333333,7937.770003557205,max_steps:41|pos_err_exceeded:26|joint_limit:23|self_collision:4
4690,0.6643762588500977,39.28125,0.4895833333333333,0.05523001402616501,0.06496167182922363,11.672508239746094,0.055320143699645996,0.11458333333333333,7954.6034326553345,max_steps:47|pos_err_exceeded:21|joint_limit:18|self_collision:8
4700,0.5557423830032349,33.989583333333336,0.40625,0.04432881996035576,0.13475574553012848,11.573626518249512,0.05863773822784424,0.06770833333333333,7971.432991027832,max_steps:39|joint_limit:25|pos_err_exceeded:24|self_collision:7
4710,0.6396931409835815,38.104166666666664,0.4479166666666667,0.019635433331131935,0.1251824051141739,11.40466594696045,0.702576756477356,0.020833333333333332,7988.225942611694,max_steps:43|joint_limit:26|pos_err_exceeded:25|self_collision:2
4720,0.6516053080558777,38.635416666666664,0.4791666666666667,-0.05302376300096512,0.07043179124593735,11.38940715789795,0.09829246997833252,0.010416666666666666,8005.095796585083,max_steps:46|joint_limit:24|pos_err_exceeded:22|self_collision:3
4730,0.6126537322998047,36.583333333333336,0.4375,-0.09836814552545547,0.08254843950271606,11.389286041259766,0.16954927146434784,0.046875,8021.9862241744995,max_steps:42|pos_err_exceeded:29|joint_limit:21|self_collision:4
4740,0.6721657514572144,41.041666666666664,0.5,-0.14780491590499878,0.1302298605442047,11.382879257202148,0.2529374361038208,0.03125,8038.87074136734,max_steps:48|pos_err_exceeded:22|joint_limit:17|self_collision:6
4750,0.5868391990661621,35.072916666666664,0.3958333333333333,0.043173279613256454,0.09959587454795837,11.114437103271484,0.08925275504589081,0.020833333333333332,8055.638736486435,max_steps:38|pos_err_exceeded:31|joint_limit:21|self_collision:6
4760,0.6681436896324158,39.708333333333336,0.5416666666666666,0.12890677154064178,0.1332533210515976,11.10295295715332,0.20564179122447968,0.0625,8072.516804695129,max_steps:52|pos_err_exceeded:20|joint_limit:19|self_collision:4
4770,0.5724079012870789,35.0625,0.34375,0.04251166060566902,0.1298072636127472,11.300868034362793,0.4708497226238251,0.010416666666666666,8089.327920436859,max_steps:33|joint_limit:31|pos_err_exceeded:27|self_collision:3
4780,0.6118611097335815,36.208333333333336,0.3958333333333333,0.12105905264616013,0.10085326433181763,11.390430450439453,0.5671570897102356,0.020833333333333332,8106.156355381012,max_steps:38|pos_err_exceeded:30|joint_limit:21|self_collision:6
4790,0.6482898592948914,38.291666666666664,0.40625,0.05498708039522171,0.12437772005796432,11.136874198913574,0.07120947539806366,0.010416666666666666,8122.889266967773,max_steps:39|joint_limit:31|pos_err_exceeded:19|self_collision:4
4800,0.6404693126678467,38.0625,0.4166666666666667,-0.2676010727882385,0.06554260849952698,11.481771469116211,0.16245460510253906,0.010416666666666666,8139.670735836029,max_steps:40|pos_err_exceeded:26|joint_limit:21|self_collision:7
4810,0.5772125720977783,34.864583333333336,0.4166666666666667,0.09086088091135025,0.10765548050403595,11.289172172546387,0.08650922775268555,0.03125,8156.511088848114,max_steps:40|pos_err_exceeded:25|joint_limit:25|self_collision:3
4820,0.5692319869995117,33.71875,0.3958333333333333,-0.10002574324607849,0.0703650638461113,11.442054748535156,0.05648573487997055,0.11458333333333333,8173.379602909088,max_steps:38|pos_err_exceeded:28|joint_limit:24|self_collision:5
4830,0.6212668418884277,36.010416666666664,0.4375,0.06212392449378967,0.10907106101512909,11.286901473999023,0.15135201811790466,0.041666666666666664,8190.263680458069,max_steps:42|joint_limit:31|pos_err_exceeded:20|init_ik_fail:2
4840,0.6017141342163086,34.21875,0.4166666666666667,0.07028105854988098,0.12316970527172089,11.183680534362793,0.7037358283996582,0.052083333333333336,8207.106003046036,max_steps:40|joint_limit:32|pos_err_exceeded:22|init_ik_fail:2
4850,0.6169581413269043,37.041666666666664,0.4791666666666667,-0.18115495145320892,0.11382724344730377,11.316116333007812,1.1143698692321777,0.03125,8223.978919267654,max_steps:46|pos_err_exceeded:25|joint_limit:18|self_collision:4
4860,0.6423500180244446,38.083333333333336,0.46875,0.2720981240272522,0.1099550724029541,11.482597351074219,0.052915774285793304,0.041666666666666664,8240.927463293076,max_steps:45|pos_err_exceeded:25|joint_limit:24|self_collision:2
4870,0.5802571177482605,34.46875,0.3541666666666667,0.012098683044314384,0.13586382567882538,10.977127075195312,1.142043113708496,0.0625,8257.900895357132,max_steps:34|pos_err_exceeded:28|joint_limit:27|self_collision:5
4880,0.5870369672775269,34.145833333333336,0.375,0.13153758645057678,0.11046899855136871,11.490546226501465,0.07776419818401337,0.010416666666666666,8274.74544095993,max_steps:36|pos_err_exceeded:27|joint_limit:25|self_collision:6
4890,0.5684918761253357,33.697916666666664,0.3958333333333333,-0.062170617282390594,0.11469236761331558,11.319421768188477,1.177679419517517,0.052083333333333336,8291.538299560547,max_steps:38|joint_limit:29|pos_err_exceeded:26|init_ik_fail:2
4900,0.5773615837097168,36.1875,0.3645833333333333,-0.24283204972743988,0.18147775530815125,11.456156730651855,1.1802728176116943,0.052083333333333336,8308.341332435608,max_steps:35|joint_limit:27|pos_err_exceeded:25|init_ik_fail:5
4910,0.607451319694519,35.052083333333336,0.3958333333333333,-0.09378062933683395,0.07613229751586914,11.421981811523438,1.8701967000961304,0.010416666666666666,8325.158128023148,max_steps:38|pos_err_exceeded:30|joint_limit:21|self_collision:6
4920,0.6007269620895386,35.09375,0.4166666666666667,0.15743349492549896,0.1362745761871338,11.530450820922852,0.9467019438743591,0.020833333333333332,8341.999350309372,max_steps:40|pos_err_exceeded:25|joint_limit:25|self_collision:4
4930,0.6437766551971436,36.895833333333336,0.46875,0.0899868756532669,0.1351407915353775,11.629600524902344,0.2958103120326996,0.010416666666666666,8359.102416992188,max_steps:45|pos_err_exceeded:26|joint_limit:20|init_ik_fail:4
4940,0.5668853521347046,33.927083333333336,0.3854166666666667,0.03681481257081032,0.06988368928432465,11.664815902709961,0.04734957218170166,0.2578125,8376.07286119461,max_steps:37|joint_limit:29|pos_err_exceeded:20|self_collision:8
4950,0.5899152755737305,34.520833333333336,0.3854166666666667,-0.03137250244617462,0.09185534715652466,11.614028930664062,0.36252009868621826,0.010416666666666666,8393.008198976517,max_steps:37|pos_err_exceeded:27|joint_limit:26|self_collision:5
4960,0.5159501433372498,30.510416666666668,0.3020833333333333,0.02079281583428383,0.07612984627485275,11.555834770202637,0.12567999958992004,0.03125,8409.9867811203,pos_err_exceeded:30|max_steps:29|joint_limit:28|self_collision:7
4970,0.6219574213027954,37.197916666666664,0.4895833333333333,-0.10594125092029572,0.10439211130142212,11.669219970703125,0.05301320552825928,0.09895833333333333,8426.890286445618,max_steps:47|joint_limit:22|pos_err_exceeded:19|init_ik_fail:5
4980,0.6403279304504395,36.958333333333336,0.4791666666666667,-0.07633278518915176,0.06791949272155762,11.5188627243042,0.06343507766723633,0.0,8443.758405685425,max_steps:46|pos_err_exceeded:25|joint_limit:20|self_collision:5
4990,0.68262779712677,42.010416666666664,0.4270833333333333,-0.07998397201299667,0.09074851870536804,11.427892684936523,0.28391167521476746,0.0,8460.6006026268,max_steps:41|pos_err_exceeded:30|joint_limit:19|self_collision:5
5000,0.6842206716537476,43.052083333333336,0.5104166666666666,0.12221094220876694,0.10829944908618927,11.477283477783203,5.639331817626953,0.020833333333333332,8477.443582296371,max_steps:49|pos_err_exceeded:22|joint_limit:20|self_collision:3
5010,0.6031529903411865,35.21875,0.4479166666666667,0.15034112334251404,0.09835027903318405,11.565189361572266,0.6845585703849792,0.010416666666666666,8494.304833650589,max_steps:43|pos_err_exceeded:26|joint_limit:21|init_ik_fail:3
5020,0.6796383261680603,40.739583333333336,0.4895833333333333,0.2843855321407318,0.1431053876876831,11.539706230163574,0.9710819125175476,0.0,8511.225035190582,max_steps:47|pos_err_exceeded:25|joint_limit:19|init_ik_fail:4
5030,0.6039345264434814,35.166666666666664,0.4270833333333333,0.1850523054599762,0.07249047607183456,11.593877792358398,0.060281239449977875,0.020833333333333332,8528.074372053146,max_steps:41|pos_err_exceeded:28|joint_limit:23|self_collision:3
5040,0.6343164443969727,39.03125,0.40625,0.16466183960437775,0.05056924745440483,11.623736381530762,0.054846327751874924,0.11160714285714286,8545.013548612595,max_steps:39|pos_err_exceeded:31|joint_limit:22|self_collision:3
5050,0.6348204612731934,37.041666666666664,0.4479166666666667,0.09991665184497833,0.0782056599855423,11.563342094421387,0.10137920081615448,0.07291666666666667,8561.891222953796,max_steps:43|pos_err_exceeded:33|joint_limit:18|init_ik_fail:1
5060,0.6126160621643066,35.208333333333336,0.4166666666666667,0.11883034557104111,0.1019439697265625,11.605814933776855,2.592569351196289,0.0,8578.73842215538,max_steps:40|joint_limit:29|pos_err_exceeded:24|self_collision:2
5070,0.6204986572265625,35.916666666666664,0.4583333333333333,0.1418398767709732,0.14737538993358612,11.586740493774414,0.27161380648612976,0.010416666666666666,8595.754504203796,max_steps:44|joint_limit:24|pos_err_exceeded:23|self_collision:3
5080,0.6291356086730957,38.416666666666664,0.4791666666666667,0.13553154468536377,0.06802280992269516,11.425623893737793,1.2706012725830078,0.020833333333333332,8612.575595378876,max_steps:46|joint_limit:23|pos_err_exceeded:22|self_collision:5
5090,0.5745850801467896,33.1875,0.375,0.07598138600587845,0.13783381879329681,11.352605819702148,0.705776572227478,0.0625,8629.381133794785,max_steps:36|pos_err_exceeded:26|joint_limit:25|self_collision:5
5100,0.6393506526947021,36.697916666666664,0.4375,-0.059177763760089874,0.08009054511785507,11.446950912475586,1.1400721073150635,0.03125,8646.213809251785,max_steps:42|pos_err_exceeded:27|joint_limit:17|self_collision:7
5110,0.6111624836921692,35.53125,0.4479166666666667,0.09544417262077332,0.1066853478550911,11.58236312866211,0.055705271661281586,0.0763888888888889,8663.024847269058,max_steps:43|pos_err_exceeded:23|joint_limit:22|self_collision:5
5120,0.5858948230743408,34.020833333333336,0.3958333333333333,-0.010585913434624672,0.06698717176914215,11.608977317810059,0.05963687226176262,0.10416666666666667,8679.922039747238,max_steps:38|pos_err_exceeded:26|joint_limit:24|self_collision:6
5130,0.5923440456390381,35.4375,0.3854166666666667,0.17093384265899658,0.11613155901432037,11.257307052612305,0.8943575620651245,0.06770833333333333,8696.732014417648,max_steps:37|pos_err_exceeded:26|joint_limit:25|self_collision:6
5140,0.7048792839050293,42.541666666666664,0.4895833333333333,-0.25403231382369995,0.05692487582564354,11.175623893737793,0.058481037616729736,0.06944444444444445,8713.754917860031,max_steps:47|pos_err_exceeded:22|joint_limit:20|self_collision:5
5150,0.626842737197876,36.75,0.4791666666666667,0.00817154161632061,0.13538627326488495,11.416037559509277,2.0410749912261963,0.052083333333333336,8730.5800614357,max_steps:46|joint_limit:24|pos_err_exceeded:21|self_collision:3
5160,0.5678728818893433,33.114583333333336,0.3958333333333333,0.12978577613830566,0.14618328213691711,11.176481246948242,3.524146556854248,0.020833333333333332,8747.492141008377,max_steps:38|joint_limit:27|pos_err_exceeded:18|self_collision:7
5170,0.6128233075141907,36.333333333333336,0.4166666666666667,0.10428045690059662,0.09891575574874878,11.322425842285156,0.05054839700460434,0.16145833333333334,8764.399107217789,max_steps:40|pos_err_exceeded:28|joint_limit:22|self_collision:6
5180,0.5409051179885864,29.604166666666668,0.40625,-0.06105878949165344,0.13488304615020752,11.372634887695312,0.8516003489494324,0.0,8781.238750696182,max_steps:39|joint_limit:28|pos_err_exceeded:17|self_collision:8
5190,0.6558418273925781,37.510416666666664,0.4791666666666667,0.2889738380908966,0.14845141768455505,11.331381797790527,0.11430522054433823,0.03125,8798.114899158478,max_steps:46|pos_err_exceeded:25|joint_limit:19|self_collision:4
5200,0.5829569101333618,34.75,0.4375,-0.010460134595632553,0.12172594666481018,11.273452758789062,0.08234302699565887,0.10416666666666667,8814.919488668442,max_steps:42|joint_limit:25|pos_err_exceeded:21|self_collision:4
5210,0.57077956199646,32.75,0.40625,-0.031794510781764984,0.10207074880599976,11.270467758178711,0.18069295585155487,0.03125,8831.716679811478,max_steps:39|pos_err_exceeded:26|joint_limit:19|self_collision:6
5220,0.5898387432098389,34.614583333333336,0.3958333333333333,-0.14727643132209778,0.09339932352304459,11.384023666381836,1.2389899492263794,0.0,8848.544636249542,max_steps:38|pos_err_exceeded:33|joint_limit:17|self_collision:5
5230,0.6528699994087219,39.583333333333336,0.4166666666666667,0.047501567751169205,0.086738720536232,11.183558464050293,1.195389747619629,0.03125,8865.357691764832,max_steps:40|pos_err_exceeded:33|joint_limit:19|init_ik_fail:3
5240,0.7111651301383972,41.614583333333336,0.5416666666666666,0.025331202894449234,0.07655782252550125,11.478052139282227,0.0612284354865551,0.059027777777777776,8882.248868703842,max_steps:52|pos_err_exceeded:25|joint_limit:13|self_collision:5
5250,0.7035708427429199,41.71875,0.5729166666666666,0.10032089799642563,0.11405034363269806,11.36860466003418,0.08834980428218842,0.010416666666666666,8899.123950958252,max_steps:55|pos_err_exceeded:23|joint_limit:16|init_ik_fail:1
5260,0.7080017924308777,43.270833333333336,0.5416666666666666,-0.1686185747385025,0.11028686165809631,11.318775177001953,0.06410213559865952,0.03125,8915.844020843506,max_steps:52|joint_limit:23|pos_err_exceeded:17|self_collision:4
5270,0.6449172496795654,36.0625,0.46875,0.10337673872709274,0.13778166472911835,11.309164047241211,0.5315748453140259,0.010416666666666666,8932.786880254745,max_steps:45|joint_limit:22|pos_err_exceeded:20|init_ik_fail:5
5280,0.6372896432876587,38.510416666666664,0.40625,-0.1821281462907791,0.08316294848918915,11.324470520019531,0.058019958436489105,0.052083333333333336,8949.639243364334,max_steps:39|pos_err_exceeded:30|joint_limit:20|self_collision:6
5290,0.7135151624679565,40.59375,0.46875,0.07681626826524734,0.06673441082239151,11.419849395751953,0.08525852859020233,0.11979166666666667,8966.481783628464,max_steps:45|pos_err_exceeded:22|joint_limit:21|self_collision:6
5300,0.6333178877830505,38.520833333333336,0.4270833333333333,-0.0632600262761116,0.10319121181964874,11.276071548461914,0.38846081495285034,0.010416666666666666,8983.309434652328,max_steps:41|pos_err_exceeded:27|joint_limit:18|self_collision:8
5310,0.6769830584526062,39.697916666666664,0.53125,-0.0796111598610878,0.10220967233181,11.189168930053711,0.973458468914032,0.041666666666666664,9000.23510503769,max_steps:51|pos_err_exceeded:18|joint_limit:17|self_collision:8
5320,0.5881249904632568,34.322916666666664,0.4166666666666667,0.2816653847694397,0.11692748963832855,11.448110580444336,0.8942824602127075,0.010416666666666666,9017.292839288712,max_steps:40|pos_err_exceeded:25|joint_limit:23|self_collision:5
5330,0.5797315835952759,34.96875,0.3854166666666667,-0.2711223065853119,0.1289481520652771,11.235812187194824,0.055056214332580566,0.0859375,9034.31517982483,max_steps:37|pos_err_exceeded:27|joint_limit:23|self_collision:5
5340,0.5870097875595093,34.322916666666664,0.40625,0.023991599678993225,0.12460383772850037,11.276779174804688,0.23887237906455994,0.052083333333333336,9051.19490480423,max_steps:39|joint_limit:28|pos_err_exceeded:20|self_collision:7
5350,0.5958542823791504,34.90625,0.3958333333333333,-0.19667083024978638,0.08699087798595428,11.350723266601562,2.7719221115112305,0.041666666666666664,9068.125564575195,max_steps:38|joint_limit:28|pos_err_exceeded:23|self_collision:7
5360,0.6366824507713318,39.489583333333336,0.4895833333333333,-0.06725294142961502,0.09270881116390228,11.140326499938965,3.4670543670654297,0.07291666666666667,9085.041866779327,max_steps:47|pos_err_exceeded:22|joint_limit:19|self_collision:5
5370,0.58545982837677,35.15625,0.4375,-0.321611225605011,0.24382130801677704,11.065910339355469,1.2384984493255615,0.052083333333333336,9101.817355394363,max_steps:42|pos_err_exceeded:25|joint_limit:21|self_collision:6
5380,0.6911114454269409,41.677083333333336,0.4479166666666667,0.07777035236358643,0.06271403282880783,11.32142162322998,0.20749816298484802,0.041666666666666664,9118.664553165436,max_steps:43|joint_limit:26|pos_err_exceeded:23|init_ik_fail:3
5390,0.7045143842697144,43.145833333333336,0.5104166666666666,0.1960059404373169,0.09487450122833252,11.52560043334961,0.06711792945861816,0.026041666666666668,9135.458381414413,max_steps:49|joint_limit:21|pos_err_exceeded:20|self_collision:4
5400,0.5934270620346069,34.729166666666664,0.40625,0.21848031878471375,0.12677839398384094,11.419458389282227,0.2457597255706787,0.0,9152.305858135223,max_steps:39|pos_err_exceeded:27|joint_limit:24|self_collision:4
5410,0.5710458159446716,33.739583333333336,0.3645833333333333,-3.447779454290867e-05,0.12240983545780182,11.369808197021484,0.8532980680465698,0.03125,9169.130517959595,max_steps:35|joint_limit:26|pos_err_exceeded:21|self_collision:12
5420,0.5908337831497192,33.666666666666664,0.34375,-0.09807348996400833,0.0376158282160759,11.664088249206543,0.01340639591217041,0.265625,9186.115516424179,max_steps:33|joint_limit:28|pos_err_exceeded:28|self_collision:7
5430,0.6261505484580994,35.645833333333336,0.4375,-0.027290891855955124,0.11359111219644547,11.549616813659668,0.061411064118146896,0.03125,9203.060720920563,max_steps:42|pos_err_exceeded:24|joint_limit:21|self_collision:8
5440,0.6148418188095093,37.197916666666664,0.4270833333333333,-0.04421978071331978,0.06952989101409912,11.666476249694824,0.03550136089324951,0.24479166666666666,9219.964393854141,max_steps:41|joint_limit:27|pos_err_exceeded:23|self_collision:4
5450,0.7168253660202026,43.09375,0.5208333333333334,-0.11915270984172821,0.05696488916873932,11.678553581237793,0.18768243491649628,0.13333333333333333,9236.891324043274,max_steps:50|pos_err_exceeded:23|joint_limit:15|self_collision:7
5460,0.604301929473877,35.28125,0.4270833333333333,-0.12255879491567612,0.09374791383743286,11.643674850463867,0.059492193162441254,0.03819444444444445,9253.670212507248,max_steps:41|pos_err_exceeded:28|joint_limit:18|self_collision:8
5470,0.6477912664413452,38.208333333333336,0.3958333333333333,-0.09967419505119324,0.09773606806993484,11.64925765991211,0.20175954699516296,0.036458333333333336,9270.77935910225,max_steps:38|joint_limit:31|pos_err_exceeded:17|self_collision:8
5480,0.6621150374412537,38.5625,0.4791666666666667,0.22460228204727173,0.06979258358478546,11.740625381469727,0.050504326820373535,0.11197916666666667,9288.018910169601,max_steps:46|pos_err_exceeded:23|joint_limit:20|self_collision:7
5490,0.6566494703292847,41.583333333333336,0.5,0.22841453552246094,0.11966614425182343,11.654661178588867,0.07744006812572479,0.052083333333333336,9305.052382946014,max_steps:48|pos_err_exceeded:21|joint_limit:21|self_collision:3
5500,0.5550211071968079,33.375,0.3333333333333333,-0.10664590448141098,0.06596981734037399,11.690689086914062,0.06629419326782227,0.12291666666666666,9322.160887241364,joint_limit:35|max_steps:32|pos_err_exceeded:22|self_collision:6
5510,0.6478492021560669,35.541666666666664,0.5416666666666666,-0.10409894585609436,0.07135969400405884,11.735044479370117,0.007464488502591848,0.21223958333333334,9339.314123153687,max_steps:52|joint_limit:21|pos_err_exceeded:17|self_collision:5
5520,0.5220305919647217,31.291666666666668,0.375,-0.30612531304359436,0.05662909895181656,11.692683219909668,0.008451780304312706,0.30859375,9356.47835969925,max_steps:36|joint_limit:26|pos_err_exceeded:19|init_ik_fail:10
5530,0.6647050976753235,40.135416666666664,0.46875,-0.1790095418691635,0.055610861629247665,11.750286102294922,0.01890532299876213,0.26953125,9373.679603338242,max_steps:45|pos_err_exceeded:27|joint_limit:17|self_collision:7
5540,0.608539879322052,35.166666666666664,0.3958333333333333,-0.12217943370342255,0.04975704476237297,11.739107131958008,0.02794615551829338,0.18489583333333334,9390.93948674202,max_steps:38|pos_err_exceeded:29|joint_limit:24|self_collision:3
5550,0.5753850936889648,32.75,0.40625,0.12223654985427856,0.09275388717651367,11.674171447753906,0.41629719734191895,0.13802083333333334,9408.02656340599,max_steps:39|pos_err_exceeded:27|joint_limit:26|init_ik_fail:2
5560,0.5482615232467651,32.28125,0.40625,-0.07442297041416168,0.052355147898197174,11.755195617675781,0.04878950119018555,0.20442708333333334,9425.307762384415,max_steps:39|joint_limit:29|pos_err_exceeded:21|self_collision:6
5570,0.5683500170707703,33.083333333333336,0.375,0.22381757199764252,0.09971973299980164,11.697200775146484,0.010239417664706707,0.21354166666666666,9442.496495723724,max_steps:36|pos_err_exceeded:29|joint_limit:24|self_collision:4
5580,0.6938378810882568,41.052083333333336,0.53125,0.1528952270746231,0.06186098977923393,11.747363090515137,0.05753600597381592,0.11805555555555555,9459.648155212402,max_steps:51|pos_err_exceeded:26|joint_limit:15|self_collision:3
5590,0.5505525469779968,32.260416666666664,0.375,0.17038293182849884,0.060351770371198654,11.74134349822998,0.018889110535383224,0.3229166666666667,9476.858441114426,max_steps:36|joint_limit:26|pos_err_exceeded:22|self_collision:8
5600,0.5649288892745972,33.489583333333336,0.40625,-0.012798389419913292,0.06373225152492523,11.74539852142334,-0.011004209518432617,0.24088541666666666,9494.03705739975,max_steps:39|joint_limit:25|pos_err_exceeded:24|init_ik_fail:5
5610,0.6371583342552185,36.46875,0.4479166666666667,-0.24078156054019928,0.07425335049629211,11.75506591796875,0.04901325702667236,0.22786458333333334,9511.257859230042,max_steps:43|pos_err_exceeded:24|joint_limit:17|self_collision:9
5620,0.6085561513900757,35.697916666666664,0.4166666666666667,-0.10171712189912796,0.09224770963191986,11.755195617675781,-0.001386880874633789,0.28125,9528.567424535751,max_steps:40|pos_err_exceeded:26|joint_limit:23|self_collision:5
5630,0.6078844666481018,36.59375,0.3854166666666667,-0.012198036536574364,0.06545498967170715,11.755195617675781,0.030269941315054893,0.20572916666666666,9545.862201452255,max_steps:37|pos_err_exceeded:25|joint_limit:25|self_collision:6
5640,0.7112812995910645,42.416666666666664,0.5729166666666666,0.04985671862959862,0.06280440837144852,11.755195617675781,0.010358492843806744,0.2565104166666667,9563.030684232712,max_steps:55|pos_err_exceeded:19|joint_limit:13|init_ik_fail:6
5650,0.5957967638969421,34.885416666666664,0.4375,-0.03099549375474453,0.06821891665458679,11.755195617675781,-0.023720264434814453,0.2864583333333333,9580.186912059784,max_steps:42|pos_err_exceeded:22|joint_limit:21|init_ik_fail:6
5660,0.6609140634536743,40.791666666666664,0.4895833333333333,-0.2572343945503235,0.08015543222427368,11.755195617675781,0.019531091675162315,0.2669270833333333,9597.447720766068,max_steps:47|pos_err_exceeded:24|joint_limit:21|self_collision:3
5670,0.591978907585144,36.03125,0.40625,0.21009333431720734,0.06231916695833206,11.755195617675781,0.03736742585897446,0.17317708333333334,9614.753356933594,max_steps:39|joint_limit:26|pos_err_exceeded:23|self_collision:6
5680,0.5993863940238953,34.96875,0.4479166666666667,-0.16659511625766754,0.07902151346206665,11.755195617675781,-0.002381881233304739,0.2760416666666667,9631.934944152832,max_steps:43|joint_limit:29|pos_err_exceeded:21|self_collision:2
5690,0.5827977061271667,34.083333333333336,0.4166666666666667,0.056188423186540604,0.07106330245733261,11.755195617675781,0.0377524308860302,0.203125,9649.142182350159,max_steps:40|pos_err_exceeded:26|joint_limit:17|init_ik_fail:7
5700,0.603941798210144,36.166666666666664,0.4375,-0.034670390188694,0.046490512788295746,11.755195617675781,-0.005195419304072857,0.28125,9666.442793607712,max_steps:42|pos_err_exceeded:24|joint_limit:21|self_collision:7
5710,0.6141225099563599,36.28125,0.3958333333333333,-0.1865847110748291,0.14152461290359497,11.742734909057617,0.05209283158183098,0.06597222222222222,9683.581041097641,max_steps:38|joint_limit:26|pos_err_exceeded:25|self_collision:4
5720,0.5337650179862976,31.052083333333332,0.3854166666666667,-0.06741974502801895,0.0742122158408165,11.753416061401367,0.021388372406363487,0.15104166666666666,9700.810191392899,max_steps:37|joint_limit:33|pos_err_exceeded:17|self_collision:6
5730,0.6130295991897583,36.604166666666664,0.4270833333333333,-0.14479084312915802,0.06895995140075684,11.739927291870117,0.0795927494764328,0.13194444444444445,9717.881663322449,max_steps:41|pos_err_exceeded:30|joint_limit:17|self_collision:5
5740,0.6364386081695557,37.260416666666664,0.4895833333333333,0.09697332978248596,0.06809931993484497,11.584197998046875,0.02690180204808712,0.22135416666666666,9734.965044736862,max_steps:47|joint_limit:22|pos_err_exceeded:20|self_collision:6
5750,0.5858792066574097,33.96875,0.40625,0.5016548037528992,0.129252091050148,11.52973747253418,0.18727850914001465,0.03125,9751.988213777542,max_steps:39|pos_err_exceeded:24|joint_limit:22|self_collision:7
5760,0.6770623922348022,40.53125,0.46875,0.08519501239061356,0.05950182303786278,11.48508071899414,0.0761585682630539,0.18055555555555555,9769.044518232346,max_steps:45|pos_err_exceeded:28|joint_limit:18|self_collision:3
5770,0.602010190486908,35.78125,0.3958333333333333,0.023482006043195724,0.0715440884232521,11.6210355758667,0.05000992864370346,0.27976190476190477,9786.357461452484,max_steps:38|pos_err_exceeded:31|joint_limit:18|self_collision:8
5780,0.6055957674980164,34.708333333333336,0.4479166666666667,-0.008793200366199017,0.10218637436628342,11.155189514160156,0.9764717817306519,0.052083333333333336,9803.316952228546,max_steps:43|pos_err_exceeded:24|joint_limit:21|self_collision:4
5790,0.6466859579086304,37.260416666666664,0.4479166666666667,-0.10867939889431,0.11928093433380127,11.268115043640137,1.3014495372772217,0.052083333333333336,9820.213129997253,max_steps:43|joint_limit:26|pos_err_exceeded:21|self_collision:5
5800,0.6870715022087097,41.65625,0.5416666666666666,0.06209643557667732,0.13931965827941895,11.335941314697266,0.10592909902334213,0.03125,9837.038725852966,max_steps:52|joint_limit:19|pos_err_exceeded:17|init_ik_fail:5
5810,0.6292321085929871,35.708333333333336,0.4375,0.0003586334642022848,0.10090361535549164,11.475261688232422,0.051805417984724045,0.03125,9853.891504526138,max_steps:42|joint_limit:22|pos_err_exceeded:20|self_collision:8
5820,0.5968846082687378,36.0625,0.4270833333333333,0.02512425184249878,0.1325724571943283,11.296035766601562,0.43937230110168457,0.03125,9870.781491994858,max_steps:41|joint_limit:26|pos_err_exceeded:21|self_collision:5
5830,0.5766650438308716,34.260416666666664,0.4166666666666667,0.2388799488544464,0.13673768937587738,11.133255004882812,5.087524890899658,0.052083333333333336,9887.625384807587,max_steps:40|pos_err_exceeded:25|joint_limit:19|self_collision:7
5840,0.5975549817085266,35.395833333333336,0.34375,-0.19718234241008759,0.1038145050406456,11.41358757019043,1.2891316413879395,0.020833333333333332,9904.348455190659,max_steps:33|pos_err_exceeded:30|joint_limit:27|self_collision:4
5850,0.6426651477813721,38.625,0.4583333333333333,0.011790684424340725,0.10196591168642044,11.543540954589844,0.07790549844503403,0.08333333333333333,9921.12436747551,max_steps:44|pos_err_exceeded:22|joint_limit:20|self_collision:8
5860,0.6868753433227539,41.666666666666664,0.5104166666666666,-0.2956216335296631,0.09576155990362167,11.469879150390625,0.7564407587051392,0.0,9938.010386943817,max_steps:49|pos_err_exceeded:23|joint_limit:19|self_collision:4
5870,0.59696364402771,34.645833333333336,0.4270833333333333,0.09833881258964539,0.1518261432647705,11.446136474609375,0.4101484715938568,0.03125,9954.862500667572,max_steps:41|pos_err_exceeded:27|joint_limit:24|init_ik_fail:3
5880,0.616455078125,36.09375,0.3958333333333333,-0.09010382741689682,0.10174739360809326,11.345904350280762,0.07354438304901123,0.052083333333333336,9971.705080032349,max_steps:38|pos_err_exceeded:27|joint_limit:23|self_collision:8
5890,0.6166142821311951,35.885416666666664,0.4375,0.05099443346261978,0.1262073814868927,10.935394287109375,1.0029438734054565,0.0625,9988.512118816376,max_steps:42|pos_err_exceeded:26|joint_limit:24|self_collision:3
5900,0.6680843830108643,39.322916666666664,0.4895833333333333,-0.07523514330387115,0.13918673992156982,11.087016105651855,0.21812590956687927,0.03125,10005.280782222748,max_steps:47|pos_err_exceeded:24|joint_limit:22|self_collision:2
5910,0.6032247543334961,37.208333333333336,0.3645833333333333,0.14083150029182434,0.09521609544754028,11.013193130493164,0.6152715682983398,0.0625,10021.979358434677,max_steps:35|pos_err_exceeded:27|joint_limit:25|self_collision:5
5920,0.6213837265968323,38.15625,0.5,-0.14370791614055634,0.09832504391670227,11.401815414428711,0.5411056280136108,0.020833333333333332,10038.754045248032,max_steps:48|joint_limit:22|pos_err_exceeded:22|self_collision:3
5930,0.6065429449081421,34.572916666666664,0.4791666666666667,-0.11058352887630463,0.13204629719257355,11.410400390625,0.36424463987350464,0.020833333333333332,10055.613246440887,max_steps:46|joint_limit:25|pos_err_exceeded:16|self_collision:7
5940,0.49867719411849976,30.270833333333332,0.3645833333333333,0.18815676867961884,0.1572529375553131,11.360194206237793,0.08130645751953125,0.03125,10072.49056172371,max_steps:35|joint_limit:29|pos_err_exceeded:20|self_collision:9
5950,0.6273711323738098,38.375,0.4270833333333333,-0.0972413420677185,0.10411663353443146,10.914965629577637,0.7927863597869873,0.09375,10089.37961101532,max_steps:41|pos_err_exceeded:28|joint_limit:20|self_collision:6
5960,0.5610254406929016,31.666666666666668,0.3333333333333333,0.1553182750940323,0.08438201993703842,11.338099479675293,0.09286316484212875,0.07291666666666667,10106.163001775742,pos_err_exceeded:34|max_steps:32|joint_limit:21|self_collision:8
5970,0.583258867263794,35.46875,0.4270833333333333,-0.06235310062766075,0.10882004350423813,11.36975383758545,0.06518018245697021,0.03125,10122.95536851883,max_steps:41|pos_err_exceeded:27|joint_limit:22|self_collision:4
5980,0.5696703791618347,34.416666666666664,0.375,-0.018556879833340645,0.06671908497810364,11.177980422973633,0.22129091620445251,0.08333333333333333,10139.795458316803,max_steps:36|pos_err_exceeded:32|joint_limit:21|self_collision:5
5990,0.6710524559020996,38.4375,0.5104166666666666,-0.2409227043390274,0.11895418167114258,11.236369132995605,0.19334957003593445,0.052083333333333336,10156.647721767426,max_steps:49|joint_limit:26|pos_err_exceeded:13|self_collision:7
6000,0.55317223072052,32.364583333333336,0.375,-0.27855297923088074,0.09810330718755722,11.26324462890625,0.7052270770072937,0.052083333333333336,10173.455161809921,max_steps:36|pos_err_exceeded:23|joint_limit:20|self_collision:11
