task_id,T_rl,T_base,ratio_rl_base,term_rl,term_base
0,30,28,1.0714285714285714,cone,cone
1,32,30,1.0666666666666667,cone,cone
2,32,26,1.2307692307692308,cone,cone
3,17,29,0.5862068965517241,collision,cone
4,111,32,3.46875,jl,cone
5,45,28,1.6071428571428572,cone,jl
6,67,52,1.2884615384615385,jl,cone
7,43,26,1.6538461538461537,cone,cone
8,26,22,1.1818181818181819,cone,cone
9,31,27,1.1481481481481481,jl,cone
10,109,27,4.037037037037037,cone,cone
11,14,47,0.2978723404255319,jl,cone
12,30,24,1.25,cone,cone
13,23,64,0.359375,jl,cone
14,37,25,1.48,cone,cone
15,39,23,1.6956521739130435,cone,cone
16,59,32,1.84375,jl,cone
17,28,24,1.1666666666666667,cone,cone
18,15,64,0.234375,jl,cone
19,6,22,0.2727272727272727,jl,jl
20,59,50,1.18,jl,cone
21,46,24,1.9166666666666667,jl,cone
22,33,31,1.064516129032258,cone,cone
23,85,61,1.3934426229508197,cone,cone
24,37,33,1.121212121212121,jl,cone
25,22,18,1.2222222222222223,cone,cone
26,43,43,1.0,cone,cone
27,23,22,1.0454545454545454,cone,cone
28,72,32,2.25,cone,cone
29,23,23,1.0,lateral,lateral
30,74,54,1.3703703703703705,cone,cone
31,136,109,1.2477064220183487,cone,cone
32,30,30,1.0,lateral,lateral
33,98,25,3.92,cone,cone
34,8,10,0.8,jl,jl
35,24,23,1.0434782608695652,lateral,lateral
36,68,35,1.9428571428571428,cone,cone
37,47,37,1.2702702702702702,cone,cone
38,88,37,2.3783783783783785,jl,cone
39,65,47,1.3829787234042554,cone,cone
40,49,51,0.9607843137254902,cone,cone
41,50,42,1.1904761904761905,cone,cone
42,40,39,1.0256410256410255,lateral,cone
43,12,10,1.2,jl,jl
44,21,21,1.0,cone,cone
45,61,45,1.3555555555555556,jl,cone
46,51,44,1.1590909090909092,cone,cone
47,36,33,1.0909090909090908,cone,cone
48,49,33,1.4848484848484849,cone,jl
49,92,28,3.2857142857142856,cone,cone
50,73,45,1.6222222222222222,cone,cone
51,23,31,0.7419354838709677,jl,cone
52,13,23,0.5652173913043478,jl,collision
53,20,21,0.9523809523809523,collision,cone
54,34,34,1.0,cone,cone
55,24,25,0.96,jl,cone
56,14,14,1.0,lateral,lateral
57,45,29,1.5517241379310345,cone,cone
58,19,18,1.0555555555555556,cone,cone
59,20,20,1.0,cone,cone
60,77,29,2.6551724137931036,cone,cone
61,81,45,1.8,cone,cone
62,21,13,1.6153846153846154,cone,jl
63,75,39,1.9230769230769231,cone,cone
64,92,91,1.010989010989011,cone,cone
65,35,35,1.0,lateral,lateral
66,88,50,1.76,cone,cone
67,41,40,1.025,jl,jl
68,39,40,0.975,jl,cone
69,35,50,0.7,cone,cone
70,40,40,1.0,lateral,lateral
71,35,40,0.875,jl,cone
72,22,16,1.375,cone,cone
73,13,16,0.8125,jl,jl
74,14,30,0.4666666666666667,jl,cone
75,46,37,1.2432432432432432,jl,cone
76,29,27,1.0740740740740742,cone,cone
77,20,19,1.0526315789473684,cone,cone
78,12,12,1.0,lateral,lateral
79,15,17,0.8823529411764706,jl,jl
80,47,42,1.119047619047619,cone,cone
81,20,15,1.3333333333333333,cone,cone
82,94,36,2.611111111111111,cone,cone
83,83,33,2.515151515151515,cone,cone
84,34,30,1.1333333333333333,cone,cone
85,81,49,1.653061224489796,cone,cone
86,110,20,5.5,cone,cone
87,15,15,1.0,cone,cone
88,28,33,0.8484848484848485,cone,cone
89,53,44,1.2045454545454546,jl,cone
90,24,22,1.0909090909090908,cone,cone
91,64,63,1.0158730158730158,cone,cone
92,16,26,0.6153846153846154,jl,cone
93,48,35,1.3714285714285714,cone,cone
94,35,26,1.3461538461538463,cone,cone
95,29,26,1.1153846153846154,cone,cone
96,14,14,1.0,lateral,lateral
97,50,32,1.5625,cone,cone
98,34,23,1.4782608695652173,cone,cone
99,48,41,1.170731707317073,cone,cone
100,27,22,1.2272727272727273,cone,cone
101,24,22,1.0909090909090908,cone,cone
102,30,25,1.2,jl,jl
103,19,20,0.95,jl,jl
104,15,15,1.0,cone,cone
105,57,37,1.5405405405405406,jl,cone
106,11,16,0.6875,jl,jl
107,28,17,1.6470588235294117,cone,cone
108,49,49,1.0,cone,cone
109,26,42,0.6190476190476191,jl,cone
110,15,14,1.0714285714285714,cone,cone
111,62,55,1.1272727272727272,lateral,cone
112,21,16,1.3125,cone,jl
113,38,46,0.8260869565217391,jl,jl
114,32,33,0.9696969696969697,lateral,lateral
115,33,26,1.2692307692307692,jl,cone
116,64,53,1.2075471698113207,cone,cone
117,39,33,1.1818181818181819,cone,jl
118,20,30,0.6666666666666666,jl,cone
119,41,39,1.0512820512820513,cone,cone
120,26,25,1.04,cone,cone
121,58,50,1.16,lateral,cone
122,40,39,1.0256410256410255,cone,cone
123,17,17,1.0,jl,jl
124,13,13,1.0,cone,lateral
125,8,21,0.38095238095238093,collision,cone
126,13,13,1.0,jl,jl
127,50,30,1.6666666666666667,cone,cone
128,38,35,1.0857142857142856,cone,cone
129,43,43,1.0,lateral,lateral
130,95,68,1.3970588235294117,cone,cone
131,22,20,1.1,cone,cone
132,17,16,1.0625,cone,cone
133,14,10,1.4,jl,jl
134,109,41,2.658536585365854,cone,cone
135,39,39,1.0,cone,cone
136,51,44,1.1590909090909092,cone,cone
137,20,19,1.0526315789473684,cone,cone
138,36,25,1.44,cone,cone
139,32,25,1.28,cone,cone
140,24,23,1.0434782608695652,cone,cone
141,32,24,1.3333333333333333,cone,cone
142,38,33,1.1515151515151516,jl,jl
143,9,36,0.25,collision,cone
144,29,23,1.2608695652173914,cone,cone
145,62,56,1.1071428571428572,lateral,cone
146,78,64,1.21875,cone,cone
147,32,24,1.3333333333333333,cone,jl
148,74,32,2.3125,jl,cone
149,32,25,1.28,cone,cone
150,54,46,1.173913043478261,cone,cone
151,86,31,2.774193548387097,cone,cone
152,31,30,1.0333333333333334,lateral,jl
153,84,62,1.3548387096774193,cone,cone
154,11,27,0.4074074074074074,jl,cone
155,20,27,0.7407407407407407,cone,cone
156,12,16,0.75,collision,collision
157,61,39,1.564102564102564,cone,cone
158,30,23,1.3043478260869565,cone,cone
159,63,27,2.3333333333333335,cone,jl
160,67,40,1.675,jl,cone
161,47,36,1.3055555555555556,cone,cone
162,26,27,0.9629629629629629,cone,cone
163,36,23,1.565217391304348,jl,cone
164,44,38,1.1578947368421053,cone,cone
165,24,24,1.0,lateral,lateral
166,19,19,1.0,cone,cone
167,47,44,1.0681818181818181,cone,cone
168,66,32,2.0625,jl,cone
169,29,27,1.0740740740740742,cone,cone
170,32,28,1.1428571428571428,lateral,cone
171,21,23,0.9130434782608695,cone,cone
172,53,35,1.5142857142857142,jl,cone
173,65,33,1.9696969696969697,cone,cone
174,71,38,1.868421052631579,cone,cone
175,29,30,0.9666666666666667,jl,cone
176,5,15,0.3333333333333333,jl,jl
177,20,46,0.43478260869565216,jl,cone
178,46,30,1.5333333333333334,cone,cone
179,16,18,0.8888888888888888,jl,cone
180,16,16,1.0,jl,cone
181,19,18,1.0555555555555556,cone,cone
182,38,25,1.52,cone,cone
183,21,21,1.0,lateral,lateral
184,26,45,0.5777777777777777,jl,jl
185,18,17,1.0588235294117647,cone,cone
186,43,36,1.1944444444444444,cone,cone
187,94,36,2.611111111111111,cone,cone
188,77,30,2.566666666666667,cone,jl
189,55,43,1.2790697674418605,cone,cone
190,20,23,0.8695652173913043,jl,cone
191,14,14,1.0,lateral,lateral
192,27,23,1.173913043478261,cone,cone
193,19,19,1.0,lateral,lateral
194,19,17,1.1176470588235294,jl,jl
195,21,20,1.05,cone,cone
196,91,26,3.5,cone,cone
197,101,33,3.0606060606060606,cone,cone
198,82,72,1.1388888888888888,cone,cone
199,29,28,1.0357142857142858,cone,cone
200,43,42,1.0238095238095237,lateral,lateral
201,31,28,1.1071428571428572,cone,cone
202,17,17,1.0,cone,cone
203,32,33,0.9696969696969697,jl,cone
204,60,50,1.2,jl,cone
205,59,48,1.2291666666666667,lateral,cone
206,92,71,1.295774647887324,cone,cone
207,13,14,0.9285714285714286,jl,cone
208,13,21,0.6190476190476191,jl,cone
209,76,50,1.52,cone,cone
210,29,29,1.0,cone,cone
211,28,29,0.9655172413793104,cone,cone
212,76,28,2.7142857142857144,cone,cone
213,14,17,0.8235294117647058,collision,collision
214,20,27,0.7407407407407407,jl,cone
215,25,26,0.9615384615384616,cone,cone
216,46,36,1.2777777777777777,jl,jl
217,29,25,1.16,cone,cone
218,55,44,1.25,cone,cone
219,22,21,1.0476190476190477,cone,cone
220,21,23,0.9130434782608695,jl,jl
221,3,12,0.25,jl,jl
222,69,69,1.0,jl,cone
223,36,35,1.0285714285714285,lateral,cone
224,30,28,1.0714285714285714,cone,cone
225,15,21,0.7142857142857143,jl,jl
226,44,43,1.0232558139534884,cone,cone
227,82,77,1.0649350649350648,cone,cone
228,38,34,1.1176470588235294,jl,cone
229,64,31,2.064516129032258,cone,cone
230,21,37,0.5675675675675675,jl,cone
231,9,15,0.6,collision,collision
232,22,22,1.0,lateral,lateral
233,53,53,1.0,lateral,lateral
234,69,59,1.1694915254237288,cone,cone
235,23,19,1.2105263157894737,cone,cone
236,101,45,2.2444444444444445,cone,cone
237,23,23,1.0,lateral,lateral
238,66,27,2.4444444444444446,jl,cone
239,47,40,1.175,cone,cone
240,28,15,1.8666666666666667,jl,jl
241,43,43,1.0,lateral,cone
242,31,43,0.7209302325581395,jl,lateral
243,12,12,1.0,jl,jl
244,41,28,1.4642857142857142,cone,cone
245,17,14,1.2142857142857142,cone,cone
246,17,25,0.68,jl,cone
247,14,14,1.0,lateral,lateral
248,74,27,2.740740740740741,cone,cone
249,8,12,0.6666666666666666,collision,collision
250,63,62,1.0161290322580645,cone,cone
251,49,28,1.75,cone,cone
252,62,52,1.1923076923076923,cone,cone
253,49,37,1.3243243243243243,cone,cone
254,24,34,0.7058823529411765,jl,cone
255,21,20,1.05,cone,cone
256,21,21,1.0,cone,cone
257,7,15,0.4666666666666667,jl,jl
258,40,34,1.1764705882352942,jl,jl
259,20,20,1.0,cone,cone
260,48,39,1.2307692307692308,cone,cone
261,46,36,1.2777777777777777,cone,cone
262,18,18,1.0,cone,cone
263,17,27,0.6296296296296297,cone,cone
264,29,51,0.5686274509803921,cone,cone
265,8,16,0.5,jl,cone
266,35,31,1.1290322580645162,jl,cone
267,15,16,0.9375,cone,cone
268,24,23,1.0434782608695652,cone,cone
269,26,25,1.04,cone,cone
270,73,53,1.3773584905660377,cone,cone
271,21,23,0.9130434782608695,cone,cone
272,85,70,1.2142857142857142,cone,cone
273,22,21,1.0476190476190477,cone,cone
274,105,31,3.3870967741935485,jl,cone
275,27,27,1.0,lateral,lateral
276,21,21,1.0,cone,cone
277,79,71,1.1126760563380282,cone,cone
278,28,24,1.1666666666666667,cone,cone
279,37,21,1.7619047619047619,cone,cone
280,64,62,1.032258064516129,cone,cone
281,80,51,1.5686274509803921,cone,cone
282,26,23,1.1304347826086956,jl,jl
283,40,28,1.4285714285714286,cone,cone
284,26,25,1.04,cone,cone
285,20,19,1.0526315789473684,cone,cone
286,17,17,1.0,cone,cone
287,17,17,1.0,cone,cone
288,39,31,1.2580645161290323,cone,cone
289,96,97,0.9896907216494846,cone,cone
290,22,23,0.9565217391304348,jl,cone
291,25,22,1.1363636363636365,jl,jl
292,18,18,1.0,lateral,lateral
293,24,24,1.0,jl,cone
294,61,61,1.0,lateral,lateral
295,38,30,1.2666666666666666,cone,cone
296,44,30,1.4666666666666666,cone,cone
297,76,65,1.1692307692307693,jl,cone
298,37,24,1.5416666666666667,cone,cone
299,28,28,1.0,jl,jl
300,17,17,1.0,cone,cone
301,17,16,1.0625,cone,cone
302,29,20,1.45,jl,jl
303,34,29,1.1724137931034482,jl,jl
304,27,27,1.0,lateral,lateral
305,16,28,0.5714285714285714,jl,jl
306,27,25,1.08,cone,cone
307,37,36,1.0277777777777777,lateral,cone
308,51,46,1.108695652173913,jl,jl
309,23,24,0.9583333333333334,cone,cone
310,47,36,1.3055555555555556,cone,cone
311,18,18,1.0,lateral,lateral
312,17,11,1.5454545454545454,jl,jl
313,48,31,1.5483870967741935,cone,cone
314,6,24,0.25,jl,cone
315,1,38,0.02631578947368421,jl,cone
316,38,37,1.027027027027027,lateral,jl
317,26,48,0.5416666666666666,jl,cone
318,34,31,1.096774193548387,cone,cone
319,51,49,1.0408163265306123,cone,cone
320,36,36,1.0,cone,cone
321,10,10,1.0,jl,jl
322,63,45,1.4,cone,cone
323,51,27,1.8888888888888888,jl,cone
324,8,40,0.2,jl,cone
325,67,46,1.4565217391304348,cone,cone
326,23,23,1.0,cone,cone
327,52,42,1.2380952380952381,jl,cone
328,29,27,1.0740740740740742,cone,cone
329,47,47,1.0,cone,cone
330,28,25,1.12,cone,cone
331,19,25,0.76,jl,cone
332,118,31,3.806451612903226,cone,cone
333,24,23,1.0434782608695652,cone,cone
334,103,26,3.9615384615384617,cone,cone
335,22,18,1.2222222222222223,cone,cone
336,73,46,1.5869565217391304,jl,cone
337,50,48,1.0416666666666667,jl,jl
338,35,30,1.1666666666666667,cone,cone
339,69,43,1.6046511627906976,cone,cone
340,22,19,1.1578947368421053,cone,cone
341,32,28,1.1428571428571428,jl,cone
342,52,53,0.9811320754716981,cone,cone
343,1,19,0.05263157894736842,jl,cone
344,43,40,1.075,lateral,cone
345,24,24,1.0,cone,cone
346,57,60,0.95,jl,jl
347,57,38,1.5,cone,cone
348,6,19,0.3157894736842105,jl,cone
349,36,31,1.1612903225806452,cone,cone
350,42,13,3.230769230769231,jl,jl
351,37,33,1.121212121212121,cone,cone
352,71,35,2.0285714285714285,lateral,cone
353,27,30,0.9,cone,cone
354,30,30,1.0,cone,cone
355,98,56,1.75,cone,cone
356,50,38,1.3157894736842106,cone,cone
357,45,48,0.9375,cone,cone
358,94,51,1.8431372549019607,cone,cone
359,17,16,1.0625,jl,jl
360,18,11,1.6363636363636365,cone,jl
361,28,22,1.2727272727272727,cone,cone
362,76,68,1.1176470588235294,jl,cone
363,34,31,1.096774193548387,jl,cone
364,39,29,1.3448275862068966,cone,cone
365,55,18,3.0555555555555554,jl,cone
366,15,14,1.0714285714285714,cone,cone
367,57,43,1.3255813953488371,cone,cone
368,48,26,1.8461538461538463,jl,cone
369,34,30,1.1333333333333333,cone,cone
370,22,20,1.1,cone,cone
371,62,54,1.1481481481481481,cone,cone
372,92,49,1.8775510204081634,cone,cone
373,21,18,1.1666666666666667,cone,cone
374,26,23,1.1304347826086956,cone,cone
375,17,18,0.9444444444444444,cone,cone
376,65,44,1.4772727272727273,cone,cone
377,31,27,1.1481481481481481,cone,cone
378,6,34,0.17647058823529413,jl,jl
379,32,24,1.3333333333333333,cone,cone
380,77,47,1.6382978723404256,lateral,cone
381,40,34,1.1764705882352942,cone,cone
382,24,25,0.96,cone,cone
383,23,21,1.0952380952380953,cone,cone
384,6,10,0.6,jl,collision
385,58,59,0.9830508474576272,cone,lateral
386,26,26,1.0,lateral,lateral
387,78,75,1.04,lateral,cone
388,79,68,1.161764705882353,cone,cone
389,53,53,1.0,lateral,lateral
390,61,68,0.8970588235294118,cone,cone
391,35,35,1.0,lateral,lateral
392,33,31,1.064516129032258,cone,cone
393,23,20,1.15,cone,cone
394,34,34,1.0,lateral,lateral
395,64,18,3.5555555555555554,cone,cone
396,17,21,0.8095238095238095,jl,cone
397,67,19,3.526315789473684,cone,cone
398,62,35,1.7714285714285714,cone,cone
399,26,31,0.8387096774193549,cone,cone
400,68,64,1.0625,lateral,jl
401,40,40,1.0,cone,cone
402,45,31,1.4516129032258065,cone,cone
403,8,10,0.8,jl,jl
404,25,32,0.78125,cone,lateral
405,7,11,0.6363636363636364,collision,collision
406,26,29,0.896551724137931,jl,cone
407,21,22,0.9545454545454546,cone,cone
408,46,37,1.2432432432432432,cone,cone
409,18,18,1.0,lateral,lateral
410,55,55,1.0,cone,cone
411,58,45,1.288888888888889,cone,cone
412,27,25,1.08,cone,cone
413,96,19,5.052631578947368,cone,cone
414,46,43,1.069767441860465,cone,cone
415,43,36,1.1944444444444444,cone,cone
416,64,57,1.1228070175438596,cone,cone
417,60,24,2.5,jl,cone
418,26,20,1.3,cone,cone
419,37,34,1.088235294117647,cone,cone
420,7,75,0.09333333333333334,jl,cone
421,1,16,0.0625,jl,collision
422,22,47,0.46808510638297873,cone,cone
423,27,27,1.0,cone,cone
424,56,29,1.9310344827586208,cone,cone
425,21,18,1.1666666666666667,cone,cone
426,65,48,1.3541666666666667,cone,cone
427,15,14,1.0714285714285714,cone,cone
428,41,41,1.0,lateral,lateral
429,14,23,0.6086956521739131,jl,cone
430,83,80,1.0375,cone,cone
431,53,43,1.2325581395348837,cone,cone
432,59,24,2.4583333333333335,cone,cone
433,29,25,1.16,cone,cone
434,29,25,1.16,cone,cone
435,63,24,2.625,jl,cone
436,47,53,0.8867924528301887,cone,cone
437,56,40,1.4,cone,cone
438,71,56,1.2678571428571428,cone,cone
439,27,26,1.0384615384615385,cone,cone
440,61,54,1.1296296296296295,cone,cone
441,122,26,4.6923076923076925,cone,cone
442,45,44,1.0227272727272727,cone,cone
443,17,15,1.1333333333333333,jl,jl
444,29,22,1.3181818181818181,cone,jl
445,11,50,0.22,jl,jl
446,77,73,1.0547945205479452,cone,cone
447,65,45,1.4444444444444444,lateral,cone
448,24,19,1.263157894736842,cone,cone
449,25,25,1.0,cone,cone
450,20,10,2.0,jl,jl
451,26,38,0.6842105263157895,jl,cone
452,29,35,0.8285714285714286,cone,cone
453,35,24,1.4583333333333333,jl,jl
454,23,24,0.9583333333333334,cone,cone
455,48,49,0.9795918367346939,cone,cone
456,59,24,2.4583333333333335,jl,cone
457,3,16,0.1875,jl,jl
458,38,33,1.1515151515151516,cone,cone
459,25,22,1.1363636363636365,cone,cone
460,30,26,1.1538461538461537,cone,cone
461,38,27,1.4074074074074074,cone,cone
462,80,64,1.25,cone,cone
463,31,31,1.0,cone,cone
464,40,31,1.2903225806451613,jl,cone
465,42,33,1.2727272727272727,cone,cone
466,20,17,1.1764705882352942,cone,cone
467,25,26,0.9615384615384616,jl,cone
468,63,34,1.8529411764705883,jl,cone
469,20,20,1.0,cone,cone
470,54,43,1.255813953488372,jl,cone
471,13,13,1.0,cone,cone
472,23,23,1.0,cone,cone
473,43,20,2.15,jl,cone
474,25,25,1.0,cone,cone
475,15,24,0.625,jl,cone
476,10,10,1.0,jl,jl
477,32,30,1.0666666666666667,cone,cone
478,14,18,0.7777777777777778,jl,jl
479,33,33,1.0,jl,cone
480,26,30,0.8666666666666667,collision,collision
481,89,57,1.5614035087719298,cone,cone
482,21,18,1.1666666666666667,cone,cone
483,63,54,1.1666666666666667,cone,cone
484,42,35,1.2,cone,cone
485,14,15,0.9333333333333333,jl,jl
486,25,21,1.1904761904761905,cone,cone
487,71,49,1.4489795918367347,cone,cone
488,17,15,1.1333333333333333,cone,cone
489,41,40,1.025,jl,cone
490,30,21,1.4285714285714286,cone,cone
491,20,19,1.0526315789473684,lateral,lateral
492,27,25,1.08,cone,cone
493,43,36,1.1944444444444444,cone,cone
494,17,17,1.0,cone,cone
495,6,12,0.5,collision,collision
496,71,49,1.4489795918367347,cone,cone
497,33,29,1.1379310344827587,cone,cone
498,18,21,0.8571428571428571,cone,cone
499,11,11,1.0,jl,jl
500,60,46,1.3043478260869565,cone,cone
501,5,28,0.17857142857142858,jl,cone
502,23,25,0.92,cone,cone
503,17,18,0.9444444444444444,cone,cone
504,69,55,1.2545454545454546,cone,cone
505,22,29,0.7586206896551724,cone,cone
506,17,17,1.0,cone,cone
507,32,36,0.8888888888888888,jl,cone
508,118,41,2.8780487804878048,cone,cone
509,31,30,1.0333333333333334,cone,cone
510,42,53,0.7924528301886793,jl,jl
511,13,29,0.4482758620689655,collision,cone
512,22,56,0.39285714285714285,cone,cone
513,34,26,1.3076923076923077,cone,cone
514,34,27,1.2592592592592593,cone,cone
515,27,26,1.0384615384615385,cone,cone
516,24,22,1.0909090909090908,cone,cone
517,47,35,1.3428571428571427,cone,cone
518,35,34,1.0294117647058822,jl,jl
519,28,21,1.3333333333333333,cone,cone
520,33,29,1.1379310344827587,jl,cone
521,19,40,0.475,jl,cone
522,29,20,1.45,jl,jl
523,39,40,0.975,cone,cone
524,12,12,1.0,cone,cone
525,26,21,1.2380952380952381,cone,cone
526,42,41,1.024390243902439,jl,cone
527,13,28,0.4642857142857143,jl,cone
528,14,11,1.2727272727272727,jl,jl
529,54,44,1.2272727272727273,cone,cone
530,43,40,1.075,cone,cone
531,17,69,0.2463768115942029,jl,lateral
532,72,51,1.411764705882353,cone,cone
533,14,41,0.34146341463414637,jl,cone
534,37,38,0.9736842105263158,cone,cone
535,54,48,1.125,lateral,cone
536,25,24,1.0416666666666667,cone,cone
537,25,25,1.0,lateral,lateral
538,47,31,1.5161290322580645,cone,cone
539,11,10,1.1,jl,jl
540,63,60,1.05,cone,cone
541,36,36,1.0,lateral,lateral
542,6,19,0.3157894736842105,jl,jl
543,18,18,1.0,cone,cone
544,20,17,1.1764705882352942,lateral,jl
545,27,24,1.125,cone,cone
546,12,43,0.27906976744186046,jl,cone
547,46,50,0.92,cone,cone
548,42,36,1.1666666666666667,cone,cone
549,13,32,0.40625,jl,cone
550,8,10,0.8,jl,jl
551,30,48,0.625,jl,cone
552,85,62,1.3709677419354838,cone,cone
553,46,16,2.875,jl,cone
554,15,14,1.0714285714285714,jl,jl
555,8,21,0.38095238095238093,jl,cone
556,100,35,2.857142857142857,cone,cone
557,40,25,1.6,jl,jl
558,48,37,1.2972972972972974,jl,cone
559,41,29,1.4137931034482758,cone,cone
560,39,39,1.0,cone,cone
561,46,27,1.7037037037037037,cone,cone
562,29,20,1.45,cone,cone
563,64,31,2.064516129032258,cone,cone
564,18,19,0.9473684210526315,cone,cone
565,44,35,1.2571428571428571,cone,cone
566,55,20,2.75,cone,cone
567,23,25,0.92,cone,cone
568,79,23,3.4347826086956523,cone,cone
569,38,43,0.8837209302325582,jl,jl
570,80,73,1.095890410958904,jl,jl
571,104,29,3.586206896551724,cone,cone
572,20,22,0.9090909090909091,jl,cone
573,13,23,0.5652173913043478,jl,cone
574,29,29,1.0,cone,jl
575,26,23,1.1304347826086956,jl,cone
576,22,45,0.4888888888888889,jl,cone
577,31,27,1.1481481481481481,cone,cone
578,40,37,1.0810810810810811,cone,cone
579,29,22,1.3181818181818181,cone,cone
580,58,41,1.4146341463414633,cone,cone
581,17,17,1.0,cone,cone
582,12,12,1.0,cone,cone
583,50,44,1.1363636363636365,cone,cone
584,42,35,1.2,cone,cone
585,32,21,1.5238095238095237,cone,cone
586,30,23,1.3043478260869565,cone,cone
587,61,44,1.3863636363636365,cone,cone
588,19,18,1.0555555555555556,cone,cone
589,74,32,2.3125,cone,cone
590,25,29,0.8620689655172413,jl,cone
591,19,23,0.8260869565217391,cone,cone
592,31,55,0.5636363636363636,jl,jl
593,96,33,2.909090909090909,jl,cone
594,101,61,1.6557377049180328,cone,cone
595,19,27,0.7037037037037037,cone,cone
596,57,63,0.9047619047619048,cone,cone
597,41,42,0.9761904761904762,cone,cone
598,105,39,2.6923076923076925,cone,cone
599,41,32,1.28125,cone,cone
600,57,54,1.0555555555555556,cone,cone
601,43,38,1.131578947368421,cone,cone
602,110,51,2.156862745098039,cone,cone
603,19,20,0.95,cone,cone
604,36,33,1.0909090909090908,cone,cone
605,17,15,1.1333333333333333,collision,collision
606,67,39,1.7179487179487178,cone,cone
607,55,45,1.2222222222222223,cone,cone
608,53,31,1.7096774193548387,cone,cone
609,67,38,1.763157894736842,cone,cone
610,42,32,1.3125,cone,cone
611,28,29,0.9655172413793104,jl,cone
612,56,57,0.9824561403508771,lateral,lateral
613,31,31,1.0,lateral,lateral
614,34,25,1.36,cone,cone
615,58,55,1.0545454545454545,cone,cone
616,71,35,2.0285714285714285,cone,cone
617,68,54,1.2592592592592593,cone,cone
618,45,27,1.6666666666666667,cone,jl
619,26,23,1.1304347826086956,cone,cone
620,21,17,1.2352941176470589,cone,cone
621,72,45,1.6,cone,cone
622,33,28,1.1785714285714286,cone,cone
623,31,32,0.96875,lateral,lateral
624,67,43,1.558139534883721,cone,cone
625,93,67,1.3880597014925373,cone,cone
626,30,30,1.0,cone,cone
627,25,21,1.1904761904761905,cone,cone
628,75,43,1.744186046511628,cone,cone
629,42,33,1.2727272727272727,jl,cone
630,44,37,1.1891891891891893,cone,cone
631,56,54,1.037037037037037,cone,cone
632,23,21,1.0952380952380953,cone,cone
633,62,59,1.0508474576271187,cone,cone
634,21,18,1.1666666666666667,cone,cone
635,49,29,1.6896551724137931,jl,cone
636,12,12,1.0,cone,cone
637,18,17,1.0588235294117647,cone,cone
638,48,33,1.4545454545454546,cone,cone
639,121,24,5.041666666666667,cone,cone
640,56,41,1.3658536585365855,lateral,cone
641,61,63,0.9682539682539683,cone,cone
642,43,32,1.34375,cone,cone
643,13,32,0.40625,jl,cone
644,26,25,1.04,cone,cone
645,78,66,1.1818181818181819,jl,cone
646,91,41,2.2195121951219514,cone,cone
647,17,17,1.0,cone,cone
648,63,60,1.05,lateral,cone
649,40,33,1.2121212121212122,cone,cone
650,37,31,1.1935483870967742,cone,cone
651,94,86,1.0930232558139534,cone,cone
652,59,42,1.4047619047619047,cone,cone
653,56,46,1.2173913043478262,cone,cone
654,78,30,2.6,cone,cone
655,30,28,1.0714285714285714,cone,cone
656,5,10,0.5,jl,jl
657,106,24,4.416666666666667,lateral,cone
658,14,32,0.4375,jl,cone
659,48,22,2.1818181818181817,cone,cone
660,28,29,0.9655172413793104,jl,jl
661,48,36,1.3333333333333333,cone,cone
662,72,51,1.411764705882353,cone,cone
663,73,71,1.028169014084507,cone,cone
664,32,23,1.391304347826087,cone,cone
665,76,61,1.2459016393442623,cone,cone
666,27,21,1.2857142857142858,cone,cone
667,23,22,1.0454545454545454,cone,cone
668,41,14,2.9285714285714284,cone,cone
669,23,28,0.8214285714285714,cone,cone
670,51,40,1.275,cone,cone
671,27,25,1.08,cone,cone
672,18,17,1.0588235294117647,cone,cone
673,58,58,1.0,cone,cone
674,51,48,1.0625,cone,cone
675,32,31,1.032258064516129,cone,cone
676,35,28,1.25,cone,cone
677,52,45,1.1555555555555554,jl,cone
678,21,22,0.9545454545454546,cone,cone
679,47,33,1.4242424242424243,collision,cone
680,52,45,1.1555555555555554,cone,cone
681,28,27,1.037037037037037,cone,cone
682,76,58,1.3103448275862069,cone,cone
683,27,59,0.4576271186440678,jl,cone
684,35,29,1.206896551724138,cone,cone
685,71,45,1.5777777777777777,jl,cone
686,96,41,2.341463414634146,cone,cone
687,43,42,1.0238095238095237,cone,cone
688,26,28,0.9285714285714286,jl,cone
689,20,20,1.0,cone,cone
690,36,25,1.44,cone,cone
691,91,31,2.935483870967742,cone,cone
692,77,38,2.026315789473684,cone,cone
693,14,15,0.9333333333333333,lateral,lateral
694,18,17,1.0588235294117647,cone,cone
695,47,35,1.3428571428571427,jl,cone
696,42,22,1.9090909090909092,cone,jl
697,66,25,2.64,cone,cone
698,42,31,1.3548387096774193,cone,cone
699,35,30,1.1666666666666667,jl,jl
700,19,19,1.0,lateral,lateral
701,98,50,1.96,cone,cone
702,34,32,1.0625,cone,cone
703,58,61,0.9508196721311475,jl,lateral
704,39,31,1.2580645161290323,cone,cone
705,24,22,1.0909090909090908,cone,cone
706,49,39,1.2564102564102564,cone,cone
707,56,49,1.1428571428571428,cone,cone
708,26,59,0.4406779661016949,jl,cone
709,10,10,1.0,jl,jl
710,20,20,1.0,jl,cone
711,69,43,1.6046511627906976,lateral,cone
712,21,33,0.6363636363636364,jl,jl
713,73,76,0.9605263157894737,cone,cone
714,109,25,4.36,cone,cone
715,52,44,1.1818181818181819,cone,cone
716,21,23,0.9130434782608695,cone,cone
717,19,14,1.3571428571428572,jl,jl
718,23,19,1.2105263157894737,cone,cone
719,18,26,0.6923076923076923,jl,cone
720,58,51,1.1372549019607843,cone,cone
721,45,40,1.125,cone,cone
722,19,19,1.0,cone,cone
723,12,12,1.0,cone,cone
724,51,18,2.8333333333333335,cone,cone
725,41,28,1.4642857142857142,cone,cone
726,20,28,0.7142857142857143,jl,cone
727,32,29,1.103448275862069,cone,cone
728,31,32,0.96875,lateral,lateral
729,19,17,1.1176470588235294,cone,cone
730,50,30,1.6666666666666667,cone,cone
731,13,13,1.0,cone,cone
732,32,32,1.0,lateral,lateral
733,62,62,1.0,cone,cone
734,35,33,1.0606060606060606,cone,cone
735,12,44,0.2727272727272727,jl,lateral
736,68,50,1.36,cone,cone
737,52,35,1.4857142857142858,cone,cone
738,74,21,3.5238095238095237,cone,cone
739,25,25,1.0,lateral,lateral
740,49,50,0.98,jl,cone
741,16,15,1.0666666666666667,cone,cone
742,114,31,3.6774193548387095,cone,cone
743,25,16,1.5625,jl,jl
744,92,36,2.5555555555555554,cone,cone
745,96,43,2.2325581395348837,cone,cone
746,27,34,0.7941176470588235,jl,cone
747,32,23,1.391304347826087,cone,cone
748,24,21,1.1428571428571428,cone,cone
749,63,46,1.3695652173913044,cone,cone
750,13,13,1.0,cone,cone
751,28,27,1.037037037037037,cone,cone
752,6,31,0.1935483870967742,jl,cone
753,31,46,0.6739130434782609,cone,cone
754,11,16,0.6875,jl,jl
755,27,26,1.0384615384615385,jl,cone
756,22,20,1.1,jl,jl
757,19,20,0.95,cone,cone
758,12,22,0.5454545454545454,collision,cone
759,69,62,1.1129032258064515,cone,cone
760,12,21,0.5714285714285714,jl,cone
761,17,16,1.0625,cone,cone
762,70,42,1.6666666666666667,cone,cone
763,68,49,1.3877551020408163,cone,cone
764,36,36,1.0,cone,cone
765,19,18,1.0555555555555556,cone,cone
766,24,23,1.0434782608695652,cone,cone
767,25,21,1.1904761904761905,cone,cone
768,41,33,1.2424242424242424,cone,cone
769,31,23,1.3478260869565217,cone,cone
770,32,32,1.0,cone,cone
771,60,51,1.1764705882352942,cone,cone
772,21,21,1.0,lateral,lateral
773,5,30,0.16666666666666666,jl,cone
774,53,32,1.65625,jl,cone
775,21,19,1.105263157894737,cone,cone
776,41,44,0.9318181818181818,cone,cone
777,44,30,1.4666666666666666,jl,cone
778,33,51,0.6470588235294118,jl,lateral
779,42,28,1.5,cone,cone
780,65,37,1.7567567567567568,jl,cone
781,39,32,1.21875,cone,cone
782,13,11,1.1818181818181819,cone,cone
783,23,22,1.0454545454545454,cone,cone
784,4,45,0.08888888888888889,jl,cone
785,73,42,1.7380952380952381,lateral,cone
786,25,31,0.8064516129032258,jl,cone
787,45,29,1.5517241379310345,jl,cone
788,22,22,1.0,cone,cone
789,19,35,0.5428571428571428,jl,cone
790,67,74,0.9054054054054054,cone,lateral
791,69,47,1.4680851063829787,cone,cone
792,57,41,1.3902439024390243,cone,cone
793,40,43,0.9302325581395349,cone,cone
794,78,66,1.1818181818181819,jl,cone
795,12,12,1.0,cone,cone
796,28,26,1.0769230769230769,cone,cone
797,21,22,0.9545454545454546,cone,cone
798,31,40,0.775,cone,cone
799,31,31,1.0,cone,cone
800,13,35,0.37142857142857144,jl,jl
801,16,16,1.0,cone,cone
802,47,49,0.9591836734693877,lateral,lateral
803,32,29,1.103448275862069,lateral,cone
804,2,17,0.11764705882352941,jl,jl
805,53,33,1.606060606060606,cone,cone
806,77,45,1.711111111111111,cone,cone
807,6,25,0.24,jl,jl
808,20,20,1.0,lateral,lateral
809,25,23,1.0869565217391304,cone,cone
810,20,26,0.7692307692307693,jl,jl
811,73,65,1.123076923076923,cone,cone
812,28,19,1.4736842105263157,cone,cone
813,37,38,0.9736842105263158,jl,jl
814,110,45,2.4444444444444446,cone,cone
815,79,34,2.323529411764706,jl,cone
816,44,32,1.375,cone,cone
817,59,47,1.2553191489361701,cone,cone
818,21,26,0.8076923076923077,cone,cone
819,48,37,1.2972972972972974,cone,cone
820,77,47,1.6382978723404256,cone,cone
821,54,42,1.2857142857142858,cone,cone
822,10,10,1.0,lateral,lateral
823,25,31,0.8064516129032258,jl,cone
824,77,50,1.54,jl,cone
825,40,36,1.1111111111111112,lateral,cone
826,30,29,1.0344827586206897,cone,cone
827,75,55,1.3636363636363635,lateral,cone
828,72,73,0.9863013698630136,cone,jl
829,78,49,1.5918367346938775,cone,cone
830,28,31,0.9032258064516129,jl,jl
831,24,22,1.0909090909090908,cone,cone
832,18,25,0.72,jl,jl
833,68,27,2.5185185185185186,collision,cone
834,29,30,0.9666666666666667,jl,cone
835,103,29,3.5517241379310347,cone,cone
836,59,50,1.18,cone,cone
837,47,33,1.4242424242424243,cone,cone
838,1,17,0.058823529411764705,jl,cone
839,22,28,0.7857142857142857,jl,jl
840,60,43,1.3953488372093024,cone,cone
841,90,27,3.3333333333333335,lateral,cone
842,64,42,1.5238095238095237,cone,cone
843,46,46,1.0,lateral,lateral
844,36,27,1.3333333333333333,cone,cone
845,39,46,0.8478260869565217,jl,cone
846,33,34,0.9705882352941176,cone,cone
847,53,53,1.0,cone,cone
848,53,22,2.409090909090909,collision,cone
849,53,49,1.0816326530612246,cone,cone
850,8,21,0.38095238095238093,collision,cone
851,64,11,5.818181818181818,cone,jl
852,45,20,2.25,cone,cone
853,33,39,0.8461538461538461,jl,cone
854,31,25,1.24,jl,cone
855,101,45,2.2444444444444445,jl,cone
856,18,18,1.0,cone,cone
857,13,13,1.0,cone,cone
858,23,24,0.9583333333333334,cone,cone
859,36,25,1.44,cone,cone
860,74,41,1.8048780487804879,jl,cone
861,35,26,1.3461538461538463,cone,cone
862,35,27,1.2962962962962963,jl,jl
863,49,47,1.0425531914893618,cone,cone
864,109,29,3.7586206896551726,cone,cone
865,46,25,1.84,cone,cone
866,10,10,1.0,jl,jl
867,30,30,1.0,cone,cone
868,16,16,1.0,lateral,lateral
869,55,29,1.896551724137931,jl,cone
870,49,46,1.065217391304348,cone,cone
871,11,11,1.0,lateral,lateral
872,47,23,2.0434782608695654,cone,cone
873,21,19,1.105263157894737,cone,cone
874,41,41,1.0,lateral,lateral
875,19,18,1.0555555555555556,cone,cone
876,103,58,1.7758620689655173,jl,cone
877,35,33,1.0606060606060606,collision,cone
878,39,38,1.0263157894736843,cone,cone
879,23,21,1.0952380952380953,cone,cone
880,21,25,0.84,cone,cone
881,16,16,1.0,cone,cone
882,126,46,2.739130434782609,cone,cone
883,62,40,1.55,cone,cone
884,34,27,1.2592592592592593,cone,cone
885,35,32,1.09375,cone,cone
886,47,33,1.4242424242424243,cone,cone
887,19,19,1.0,cone,cone
888,54,28,1.9285714285714286,cone,cone
889,76,59,1.2881355932203389,cone,cone
890,32,60,0.5333333333333333,jl,cone
891,32,24,1.3333333333333333,cone,cone
892,85,16,5.3125,jl,jl
893,20,91,0.21978021978021978,cone,cone
894,19,17,1.1176470588235294,cone,cone
895,14,14,1.0,cone,cone
896,33,37,0.8918918918918919,jl,jl
897,31,28,1.1071428571428572,collision,cone
898,53,43,1.2325581395348837,jl,cone
899,61,48,1.2708333333333333,jl,cone
900,72,31,2.3225806451612905,jl,cone
901,28,21,1.3333333333333333,jl,jl
902,53,41,1.2926829268292683,cone,cone
903,113,10,11.3,cone,jl
904,51,45,1.1333333333333333,cone,cone
905,101,47,2.148936170212766,cone,cone
906,7,46,0.15217391304347827,jl,cone
907,29,30,0.9666666666666667,jl,cone
908,59,66,0.8939393939393939,jl,cone
909,58,39,1.4871794871794872,cone,cone
910,100,34,2.9411764705882355,cone,cone
911,44,22,2.0,cone,cone
912,66,52,1.2692307692307692,jl,cone
913,24,23,1.0434782608695652,cone,cone
914,25,25,1.0,cone,cone
915,41,20,2.05,cone,cone
916,21,18,1.1666666666666667,cone,cone
917,114,50,2.28,cone,cone
918,34,24,1.4166666666666667,jl,cone
919,56,55,1.018181818181818,cone,cone
920,89,34,2.6176470588235294,lateral,cone
921,78,36,2.1666666666666665,jl,cone
922,63,56,1.125,lateral,cone
923,40,35,1.1428571428571428,cone,cone
924,32,34,0.9411764705882353,jl,cone
925,38,38,1.0,lateral,lateral
926,10,44,0.22727272727272727,jl,cone
927,97,41,2.3658536585365852,jl,cone
928,30,29,1.0344827586206897,jl,cone
929,29,29,1.0,lateral,lateral
930,69,36,1.9166666666666667,cone,cone
931,12,15,0.8,jl,jl
932,30,29,1.0344827586206897,cone,cone
933,24,22,1.0909090909090908,cone,cone
934,6,16,0.375,jl,jl
935,26,12,2.1666666666666665,cone,jl
936,14,25,0.56,jl,cone
937,41,32,1.28125,cone,cone
938,48,40,1.2,cone,cone
939,22,21,1.0476190476190477,cone,cone
940,19,18,1.0555555555555556,cone,cone
941,58,55,1.0545454545454545,cone,cone
942,19,19,1.0,jl,cone
943,34,34,1.0,cone,cone
944,17,24,0.7083333333333334,jl,jl
945,48,41,1.170731707317073,cone,cone
946,61,44,1.3863636363636365,cone,cone
947,66,36,1.8333333333333333,cone,cone
948,62,40,1.55,cone,cone
949,31,32,0.96875,cone,cone
950,54,41,1.3170731707317074,cone,cone
951,132,21,6.285714285714286,cone,jl
952,101,42,2.4047619047619047,cone,cone
953,22,22,1.0,cone,cone
954,98,40,2.45,cone,cone
955,20,20,1.0,cone,cone
956,18,17,1.0588235294117647,cone,cone
957,28,18,1.5555555555555556,cone,cone
958,52,53,0.9811320754716981,lateral,lateral
959,81,76,1.0657894736842106,cone,cone
960,54,58,0.9310344827586207,jl,cone
961,11,24,0.4583333333333333,jl,jl
962,20,23,0.8695652173913043,cone,cone
963,26,36,0.7222222222222222,jl,jl
964,31,27,1.1481481481481481,cone,cone
965,65,65,1.0,lateral,lateral
966,47,24,1.9583333333333333,cone,cone
967,26,25,1.04,cone,cone
968,104,59,1.7627118644067796,cone,cone
969,1,16,0.0625,jl,cone
970,19,18,1.0555555555555556,cone,cone
971,24,24,1.0,lateral,lateral
972,24,35,0.6857142857142857,jl,cone
973,62,84,0.7380952380952381,cone,cone
974,59,45,1.3111111111111111,cone,cone
975,19,19,1.0,cone,cone
976,22,20,1.1,jl,cone
977,30,24,1.25,cone,jl
978,48,44,1.0909090909090908,cone,cone
979,35,37,0.9459459459459459,cone,cone
980,19,22,0.8636363636363636,jl,cone
981,19,17,1.1176470588235294,cone,cone
982,78,55,1.4181818181818182,cone,cone
983,42,42,1.0,lateral,lateral
984,21,23,0.9130434782608695,cone,cone
985,16,23,0.6956521739130435,jl,jl
986,16,16,1.0,cone,cone
987,26,21,1.2380952380952381,cone,cone
988,22,28,0.7857142857142857,cone,cone
989,40,38,1.0526315789473684,cone,cone
990,70,39,1.794871794871795,cone,cone
991,75,41,1.829268292682927,jl,cone
992,8,13,0.6153846153846154,jl,jl
993,68,37,1.837837837837838,cone,cone
994,31,27,1.1481481481481481,cone,cone
995,32,35,0.9142857142857143,jl,cone
996,15,15,1.0,collision,collision
997,14,14,1.0,cone,cone
998,80,61,1.3114754098360655,cone,cone
999,41,41,1.0,cone,cone
1000,101,26,3.8846153846153846,cone,cone
1001,20,20,1.0,cone,cone
1002,54,49,1.1020408163265305,cone,cone
1003,104,102,1.0196078431372548,cone,cone
1004,52,37,1.4054054054054055,cone,cone
1005,9,27,0.3333333333333333,jl,cone
1006,16,36,0.4444444444444444,jl,jl
1007,45,45,1.0,cone,cone
1008,15,15,1.0,lateral,lateral
1009,57,47,1.2127659574468086,lateral,cone
1010,31,27,1.1481481481481481,cone,cone
1011,21,20,1.05,cone,cone
1012,20,24,0.8333333333333334,cone,cone
1013,31,35,0.8857142857142857,jl,cone
1014,16,15,1.0666666666666667,cone,cone
1015,118,10,11.8,cone,jl
1016,23,24,0.9583333333333334,lateral,lateral
1017,106,34,3.1176470588235294,jl,cone
1018,19,99,0.1919191919191919,cone,cone
1019,49,49,1.0,lateral,lateral
1020,85,81,1.0493827160493827,cone,cone
1021,55,46,1.1956521739130435,cone,cone
1022,31,19,1.631578947368421,cone,cone
1023,77,59,1.305084745762712,cone,jl
1024,43,48,0.8958333333333334,cone,lateral
1025,12,13,0.9230769230769231,jl,jl
1026,18,17,1.0588235294117647,cone,cone
1027,49,36,1.3611111111111112,cone,cone
1028,27,24,1.125,cone,cone
1029,14,13,1.0769230769230769,cone,cone
1030,20,19,1.0526315789473684,cone,cone
1031,24,22,1.0909090909090908,cone,cone
1032,50,33,1.5151515151515151,cone,cone
1033,55,23,2.391304347826087,jl,cone
1034,15,42,0.35714285714285715,jl,cone
1035,39,39,1.0,lateral,lateral
1036,26,24,1.0833333333333333,cone,cone
1037,14,14,1.0,lateral,lateral
1038,28,28,1.0,cone,cone
1039,12,11,1.0909090909090908,cone,cone
1040,85,54,1.5740740740740742,cone,cone
1041,29,28,1.0357142857142858,cone,cone
1042,42,45,0.9333333333333333,jl,cone
1043,24,25,0.96,cone,cone
1044,50,36,1.3888888888888888,cone,cone
1045,20,20,1.0,lateral,lateral
1046,103,51,2.019607843137255,cone,cone
1047,52,20,2.6,cone,cone
1048,14,18,0.7777777777777778,collision,cone
1049,51,46,1.108695652173913,cone,cone
1050,45,28,1.6071428571428572,jl,cone
1051,43,43,1.0,cone,cone
1052,69,37,1.864864864864865,cone,cone
1053,56,32,1.75,cone,cone
1054,71,45,1.5777777777777777,cone,cone
1055,42,85,0.49411764705882355,jl,jl
1056,40,38,1.0526315789473684,cone,cone
1057,55,49,1.1224489795918366,cone,cone
1058,60,50,1.2,cone,cone
1059,81,30,2.7,cone,cone
1060,21,21,1.0,cone,cone
1061,11,11,1.0,lateral,lateral
1062,38,29,1.3103448275862069,cone,cone
1063,120,27,4.444444444444445,jl,cone
1064,29,31,0.9354838709677419,jl,cone
1065,45,35,1.2857142857142858,cone,cone
1066,25,24,1.0416666666666667,cone,cone
1067,12,61,0.19672131147540983,jl,lateral
1068,17,18,0.9444444444444444,collision,collision
1069,31,32,0.96875,cone,cone
1070,23,17,1.3529411764705883,cone,cone
1071,11,45,0.24444444444444444,jl,cone
1072,41,35,1.1714285714285715,cone,cone
1073,60,46,1.3043478260869565,lateral,cone
1074,25,30,0.8333333333333334,jl,cone
1075,77,52,1.4807692307692308,cone,cone
1076,62,38,1.631578947368421,cone,cone
1077,15,15,1.0,cone,cone
1078,28,28,1.0,jl,cone
1079,19,14,1.3571428571428572,cone,jl
1080,51,36,1.4166666666666667,cone,cone
1081,23,24,0.9583333333333334,cone,cone
1082,22,27,0.8148148148148148,cone,cone
1083,53,48,1.1041666666666667,cone,cone
1084,15,14,1.0714285714285714,cone,cone
1085,71,46,1.5434782608695652,cone,cone
1086,3,52,0.057692307692307696,jl,cone
1087,85,73,1.1643835616438356,cone,cone
1088,87,88,0.9886363636363636,jl,cone
1089,37,22,1.6818181818181819,cone,jl
1090,23,21,1.0952380952380953,cone,cone
1091,1,19,0.05263157894736842,jl,cone
1092,41,40,1.025,lateral,lateral
1093,29,29,1.0,lateral,lateral
1094,21,21,1.0,lateral,lateral
1095,50,59,0.847457627118644,jl,cone
1096,61,53,1.150943396226415,jl,cone
1097,15,17,0.8823529411764706,jl,jl
1098,22,27,0.8148148148148148,jl,jl
1099,26,23,1.1304347826086956,cone,cone
1100,50,26,1.9230769230769231,cone,cone
1101,22,22,1.0,cone,cone
1102,34,34,1.0,cone,cone
1103,30,35,0.8571428571428571,jl,jl
1104,28,22,1.2727272727272727,cone,cone
1105,94,93,1.010752688172043,cone,cone
1106,76,42,1.8095238095238095,cone,cone
1107,64,49,1.3061224489795917,cone,cone
1108,42,36,1.1666666666666667,jl,cone
1109,15,16,0.9375,jl,jl
1110,18,23,0.782608695652174,collision,cone
1111,86,34,2.5294117647058822,cone,cone
1112,17,17,1.0,cone,cone
1113,16,16,1.0,cone,cone
1114,12,21,0.5714285714285714,jl,cone
1115,10,22,0.45454545454545453,jl,jl
1116,22,37,0.5945945945945946,jl,jl
1117,55,37,1.4864864864864864,cone,jl
1118,89,32,2.78125,cone,cone
1119,3,20,0.15,jl,cone
1120,30,23,1.3043478260869565,lateral,cone
1121,36,35,1.0285714285714285,jl,cone
1122,10,10,1.0,lateral,lateral
1123,24,29,0.8275862068965517,jl,jl
1124,30,28,1.0714285714285714,cone,cone
1125,18,17,1.0588235294117647,cone,cone
1126,33,27,1.2222222222222223,cone,cone
1127,11,11,1.0,lateral,lateral
1128,15,21,0.7142857142857143,collision,cone
1129,134,22,6.090909090909091,cone,cone
1130,16,16,1.0,lateral,lateral
1131,10,10,1.0,lateral,lateral
1132,111,35,3.1714285714285713,cone,cone
1133,26,23,1.1304347826086956,cone,cone
1134,14,21,0.6666666666666666,cone,cone
1135,22,21,1.0476190476190477,cone,cone
1136,15,15,1.0,cone,cone
1137,26,22,1.1818181818181819,cone,cone
1138,32,27,1.1851851851851851,cone,cone
1139,46,34,1.3529411764705883,jl,cone
1140,19,17,1.1176470588235294,cone,cone
1141,12,32,0.375,jl,cone
1142,61,44,1.3863636363636365,cone,cone
1143,32,32,1.0,cone,cone
1144,69,45,1.5333333333333334,cone,cone
1145,53,49,1.0816326530612246,lateral,cone
1146,14,11,1.2727272727272727,jl,jl
1147,101,38,2.6578947368421053,cone,cone
1148,40,43,0.9302325581395349,jl,jl
1149,6,14,0.42857142857142855,jl,jl
1150,28,24,1.1666666666666667,jl,cone
1151,72,72,1.0,jl,jl
1152,17,17,1.0,cone,cone
1153,62,32,1.9375,jl,cone
1154,59,38,1.5526315789473684,cone,cone
1155,45,30,1.5,cone,cone
1156,33,29,1.1379310344827587,cone,cone
1157,17,17,1.0,cone,cone
1158,57,46,1.2391304347826086,cone,cone
1159,34,26,1.3076923076923077,jl,jl
1160,12,10,1.2,collision,collision
1161,18,24,0.75,jl,cone
1162,23,23,1.0,cone,cone
1163,40,31,1.2903225806451613,lateral,cone
1164,20,20,1.0,cone,cone
1165,34,26,1.3076923076923077,cone,cone
1166,27,22,1.2272727272727273,cone,cone
1167,43,37,1.162162162162162,cone,cone
1168,7,22,0.3181818181818182,jl,cone
1169,60,32,1.875,cone,cone
1170,45,40,1.125,cone,cone
1171,1,19,0.05263157894736842,jl,cone
1172,39,88,0.4431818181818182,jl,cone
1173,123,27,4.555555555555555,cone,jl
1174,90,26,3.4615384615384617,cone,cone
1175,100,36,2.7777777777777777,cone,cone
1176,84,29,2.896551724137931,jl,cone
1177,62,60,1.0333333333333334,lateral,cone
1178,68,31,2.193548387096774,cone,cone
1179,16,17,0.9411764705882353,cone,cone
1180,22,20,1.1,cone,cone
1181,51,26,1.9615384615384615,jl,cone
1182,85,36,2.361111111111111,jl,cone
1183,60,54,1.1111111111111112,cone,cone
1184,39,35,1.1142857142857143,cone,cone
1185,72,52,1.3846153846153846,cone,cone
1186,25,20,1.25,cone,cone
1187,52,33,1.5757575757575757,jl,cone
1188,22,10,2.2,cone,jl
1189,10,11,0.9090909090909091,lateral,lateral
1190,31,31,1.0,cone,cone
1191,60,56,1.0714285714285714,cone,cone
1192,15,16,0.9375,cone,cone
1193,61,54,1.1296296296296295,lateral,cone
1194,60,43,1.3953488372093024,cone,cone
1195,39,42,0.9285714285714286,jl,jl
1196,79,73,1.082191780821918,cone,cone
1197,7,18,0.3888888888888889,jl,jl
1198,57,24,2.375,jl,cone
1199,30,29,1.0344827586206897,cone,cone
1200,53,35,1.5142857142857142,cone,cone
1201,30,29,1.0344827586206897,cone,cone
1202,37,37,1.0,lateral,lateral
1203,31,31,1.0,lateral,jl
1204,67,43,1.558139534883721,lateral,cone
1205,28,57,0.49122807017543857,jl,lateral
1206,16,17,0.9411764705882353,jl,jl
1207,24,24,1.0,lateral,cone
1208,59,46,1.2826086956521738,cone,cone
1209,47,45,1.0444444444444445,jl,cone
1210,41,29,1.4137931034482758,cone,cone
1211,70,41,1.7073170731707317,jl,cone
1212,49,43,1.1395348837209303,cone,cone
1213,24,21,1.1428571428571428,cone,cone
1214,63,37,1.7027027027027026,cone,cone
1215,34,38,0.8947368421052632,cone,cone
1216,24,24,1.0,lateral,lateral
1217,31,27,1.1481481481481481,cone,cone
1218,56,40,1.4,jl,cone
1219,52,33,1.5757575757575757,jl,cone
1220,60,36,1.6666666666666667,cone,cone
1221,43,43,1.0,cone,cone
1222,16,17,0.9411764705882353,cone,cone
1223,18,17,1.0588235294117647,jl,jl
1224,34,20,1.7,cone,cone
1225,110,23,4.782608695652174,cone,cone
1226,74,49,1.510204081632653,cone,cone
1227,48,40,1.2,jl,jl
1228,47,34,1.3823529411764706,cone,cone
1229,86,56,1.5357142857142858,cone,cone
1230,23,20,1.15,cone,cone
1231,44,20,2.2,cone,cone
1232,44,30,1.4666666666666666,jl,cone
1233,23,27,0.8518518518518519,jl,lateral
1234,68,20,3.4,cone,cone
1235,32,22,1.4545454545454546,jl,jl
1236,10,10,1.0,lateral,lateral
1237,15,15,1.0,lateral,jl
1238,76,73,1.0410958904109588,cone,cone
1239,6,24,0.25,jl,cone
1240,84,38,2.210526315789474,jl,cone
1241,36,24,1.5,cone,cone
1242,36,32,1.125,lateral,cone
1243,32,30,1.0666666666666667,jl,jl
1244,25,25,1.0,cone,cone
1245,48,36,1.3333333333333333,cone,cone
1246,22,19,1.1578947368421053,cone,cone
1247,31,44,0.7045454545454546,jl,cone
1248,23,37,0.6216216216216216,jl,cone
1249,78,58,1.3448275862068966,cone,cone
1250,35,21,1.6666666666666667,cone,cone
1251,71,71,1.0,lateral,cone
1252,13,47,0.2765957446808511,jl,lateral
1253,18,25,0.72,cone,cone
1254,45,37,1.2162162162162162,cone,cone
1255,26,21,1.2380952380952381,cone,cone
1256,19,18,1.0555555555555556,jl,jl
1257,28,21,1.3333333333333333,cone,cone
1258,63,40,1.575,cone,cone
1259,58,54,1.0740740740740742,cone,cone
1260,112,101,1.108910891089109,cone,cone
1261,29,22,1.3181818181818181,cone,cone
1262,25,25,1.0,cone,cone
1263,19,19,1.0,cone,cone
1264,77,60,1.2833333333333334,jl,cone
1265,52,41,1.2682926829268293,cone,cone
1266,17,68,0.25,jl,cone
1267,95,41,2.317073170731707,jl,cone
1268,40,40,1.0,cone,cone
1269,47,44,1.0681818181818181,cone,cone
1270,16,24,0.6666666666666666,collision,cone
1271,9,27,0.3333333333333333,jl,cone
1272,51,45,1.1333333333333333,jl,jl
1273,41,31,1.3225806451612903,cone,cone
1274,26,24,1.0833333333333333,cone,cone
1275,32,28,1.1428571428571428,collision,cone
1276,22,20,1.1,jl,jl
1277,71,28,2.5357142857142856,jl,cone
1278,106,40,2.65,cone,cone
1279,52,49,1.0612244897959184,cone,cone
1280,63,36,1.75,lateral,cone
1281,61,39,1.564102564102564,cone,cone
1282,10,11,0.9090909090909091,jl,cone
1283,17,14,1.2142857142857142,jl,jl
1284,40,28,1.4285714285714286,cone,cone
1285,20,19,1.0526315789473684,lateral,lateral
1286,125,32,3.90625,cone,cone
1287,32,33,0.9696969696969697,cone,cone
1288,12,12,1.0,lateral,lateral
1289,21,28,0.75,cone,cone
1290,31,28,1.1071428571428572,cone,cone
1291,57,53,1.0754716981132075,cone,cone
1292,35,14,2.5,jl,jl
1293,84,29,2.896551724137931,cone,cone
1294,45,24,1.875,cone,cone
1295,19,19,1.0,cone,cone
1296,15,19,0.7894736842105263,jl,jl
1297,17,22,0.7727272727272727,cone,cone
1298,22,21,1.0476190476190477,cone,cone
1299,34,33,1.0303030303030303,jl,cone
1300,52,49,1.0612244897959184,cone,cone
1301,48,30,1.6,jl,cone
1302,29,26,1.1153846153846154,cone,cone
1303,16,16,1.0,jl,jl
1304,96,92,1.0434782608695652,cone,cone
1305,28,25,1.12,jl,jl
1306,20,49,0.40816326530612246,jl,cone
1307,12,43,0.27906976744186046,jl,cone
1308,29,30,0.9666666666666667,cone,cone
1309,54,26,2.076923076923077,jl,cone
1310,31,97,0.31958762886597936,jl,cone
1311,43,45,0.9555555555555556,cone,cone
1312,32,29,1.103448275862069,cone,cone
1313,48,51,0.9411764705882353,jl,cone
1314,15,17,0.8823529411764706,jl,cone
1315,13,12,1.0833333333333333,lateral,lateral
1316,44,39,1.1282051282051282,cone,cone
1317,28,34,0.8235294117647058,cone,cone
1318,35,38,0.9210526315789473,jl,cone
1319,26,31,0.8387096774193549,jl,jl
1320,19,27,0.7037037037037037,cone,cone
1321,11,11,1.0,cone,cone
1322,39,35,1.1142857142857143,cone,cone
1323,56,51,1.0980392156862746,lateral,cone
1324,13,22,0.5909090909090909,jl,jl
1325,49,50,0.98,lateral,lateral
1326,99,32,3.09375,jl,cone
1327,55,35,1.5714285714285714,cone,cone
1328,26,28,0.9285714285714286,jl,cone
1329,27,19,1.4210526315789473,cone,cone
1330,9,11,0.8181818181818182,jl,jl
1331,21,21,1.0,cone,cone
1332,46,29,1.5862068965517242,jl,cone
1333,38,37,1.027027027027027,cone,cone
1334,22,22,1.0,cone,cone
1335,24,43,0.5581395348837209,jl,jl
1336,21,28,0.75,cone,cone
1337,28,22,1.2727272727272727,cone,cone
1338,51,51,1.0,lateral,lateral
1339,25,25,1.0,cone,cone
1340,8,25,0.32,jl,cone
1341,72,39,1.8461538461538463,cone,cone
1342,15,28,0.5357142857142857,jl,jl
1343,75,49,1.530612244897959,cone,cone
1344,16,18,0.8888888888888888,cone,cone
1345,85,33,2.5757575757575757,cone,cone
1346,59,26,2.269230769230769,jl,cone
1347,12,14,0.8571428571428571,jl,jl
1348,19,19,1.0,jl,jl
1349,10,24,0.4166666666666667,jl,cone
1350,120,31,3.870967741935484,cone,cone
1351,26,34,0.7647058823529411,cone,cone
1352,84,50,1.68,lateral,cone
1353,57,55,1.0363636363636364,lateral,cone
1354,23,24,0.9583333333333334,cone,cone
1355,17,17,1.0,cone,cone
1356,65,52,1.25,cone,cone
1357,78,35,2.2285714285714286,jl,cone
1358,35,30,1.1666666666666667,cone,cone
1359,54,30,1.8,jl,cone
1360,16,17,0.9411764705882353,cone,cone
1361,31,40,0.775,jl,cone
1362,18,30,0.6,collision,cone
1363,42,37,1.135135135135135,cone,cone
1364,18,17,1.0588235294117647,cone,cone
1365,42,30,1.4,cone,cone
1366,35,53,0.660377358490566,jl,cone
1367,93,41,2.268292682926829,cone,cone
1368,53,48,1.1041666666666667,cone,cone
1369,70,54,1.2962962962962963,cone,cone
1370,10,49,0.20408163265306123,jl,cone
1371,71,48,1.4791666666666667,cone,cone
1372,9,23,0.391304347826087,jl,jl
1373,21,21,1.0,cone,cone
1374,11,74,0.14864864864864866,jl,cone
1375,16,20,0.8,cone,cone
1376,60,44,1.3636363636363635,cone,cone
1377,53,46,1.1521739130434783,cone,cone
1378,22,20,1.1,cone,cone
1379,61,34,1.7941176470588236,cone,cone
1380,24,24,1.0,lateral,cone
1381,51,43,1.186046511627907,cone,cone
1382,50,30,1.6666666666666667,cone,cone
1383,47,32,1.46875,cone,cone
1384,64,56,1.1428571428571428,cone,cone
1385,30,26,1.1538461538461537,jl,cone
1386,59,38,1.5526315789473684,cone,cone
1387,13,40,0.325,jl,cone
1388,34,33,1.0303030303030303,cone,cone
1389,35,25,1.4,cone,cone
1390,27,45,0.6,jl,cone
1391,36,31,1.1612903225806452,lateral,cone
1392,51,32,1.59375,cone,cone
1393,7,18,0.3888888888888889,jl,cone
1394,17,17,1.0,cone,cone
1395,60,68,0.8823529411764706,cone,lateral
1396,18,18,1.0,cone,cone
1397,45,41,1.0975609756097562,cone,cone
1398,50,40,1.25,cone,cone
1399,25,23,1.0869565217391304,cone,cone
1400,25,24,1.0416666666666667,cone,cone
1401,29,28,1.0357142857142858,lateral,cone
1402,12,11,1.0909090909090908,jl,jl
1403,32,25,1.28,jl,jl
1404,44,43,1.0232558139534884,cone,jl
1405,26,27,0.9629629629629629,lateral,lateral
1406,24,23,1.0434782608695652,lateral,lateral
1407,22,28,0.7857142857142857,jl,cone
1408,74,74,1.0,jl,jl
1409,90,79,1.139240506329114,cone,cone
1410,123,31,3.967741935483871,jl,cone
1411,47,32,1.46875,cone,cone
1412,12,21,0.5714285714285714,collision,collision
1413,104,70,1.4857142857142858,cone,cone
1414,31,30,1.0333333333333334,cone,cone
1415,26,52,0.5,jl,cone
1416,31,30,1.0333333333333334,cone,cone
1417,54,37,1.4594594594594594,cone,cone
1418,44,47,0.9361702127659575,cone,cone
1419,24,24,1.0,jl,cone
1420,109,33,3.303030303030303,cone,jl
1421,49,52,0.9423076923076923,cone,cone
1422,28,27,1.037037037037037,cone,cone
1423,31,70,0.44285714285714284,jl,cone
1424,10,10,1.0,jl,jl
1425,55,53,1.0377358490566038,cone,cone
1426,7,45,0.15555555555555556,jl,cone
1427,34,37,0.918918918918919,jl,cone
1428,7,14,0.5,jl,jl
1429,42,37,1.135135135135135,cone,cone
1430,37,31,1.1935483870967742,cone,cone
1431,23,23,1.0,cone,cone
1432,40,38,1.0526315789473684,jl,cone
1433,18,19,0.9473684210526315,lateral,lateral
1434,34,18,1.8888888888888888,cone,cone
1435,26,50,0.52,collision,cone
1436,18,17,1.0588235294117647,jl,jl
1437,34,27,1.2592592592592593,cone,cone
1438,30,30,1.0,jl,cone
1439,10,12,0.8333333333333334,jl,jl
1440,19,18,1.0555555555555556,jl,cone
1441,33,33,1.0,cone,cone
1442,60,43,1.3953488372093024,cone,cone
1443,17,17,1.0,cone,cone
1444,31,25,1.24,cone,cone
1445,55,57,0.9649122807017544,cone,cone
1446,47,39,1.205128205128205,cone,cone
1447,19,36,0.5277777777777778,jl,cone
1448,51,27,1.8888888888888888,jl,cone
1449,16,16,1.0,cone,cone
1450,49,24,2.0416666666666665,cone,cone
1451,20,22,0.9090909090909091,cone,cone
1452,64,64,1.0,lateral,lateral
1453,35,29,1.206896551724138,cone,cone
1454,34,21,1.619047619047619,cone,cone
1455,16,18,0.8888888888888888,jl,jl
1456,76,61,1.2459016393442623,cone,cone
1457,19,21,0.9047619047619048,cone,cone
1458,24,24,1.0,lateral,lateral
1459,96,89,1.0786516853932584,cone,cone
1460,37,28,1.3214285714285714,cone,cone
1461,61,45,1.3555555555555556,cone,cone
1462,44,34,1.2941176470588236,cone,cone
1463,60,59,1.0169491525423728,lateral,lateral
1464,14,14,1.0,cone,cone
1465,43,33,1.303030303030303,jl,cone
1466,9,31,0.2903225806451613,jl,cone
1467,56,46,1.2173913043478262,jl,cone
1468,18,11,1.6363636363636365,jl,jl
1469,13,14,0.9285714285714286,cone,cone
1470,34,23,1.4782608695652173,cone,cone
1471,18,26,0.6923076923076923,cone,cone
1472,34,19,1.7894736842105263,jl,cone
1473,43,42,1.0238095238095237,cone,cone
1474,63,42,1.5,cone,cone
1475,14,15,0.9333333333333333,jl,cone
1476,43,35,1.2285714285714286,cone,cone
1477,71,46,1.5434782608695652,cone,cone
1478,14,13,1.0769230769230769,cone,cone
1479,45,33,1.3636363636363635,cone,cone
1480,19,18,1.0555555555555556,cone,cone
1481,13,13,1.0,lateral,lateral
1482,48,46,1.0434782608695652,lateral,lateral
1483,44,36,1.2222222222222223,cone,cone
1484,60,29,2.0689655172413794,lateral,cone
1485,20,61,0.32786885245901637,jl,cone
1486,24,26,0.9230769230769231,cone,cone
1487,17,15,1.1333333333333333,jl,jl
1488,98,54,1.8148148148148149,cone,cone
1489,45,33,1.3636363636363635,jl,cone
1490,82,62,1.3225806451612903,cone,cone
1491,42,37,1.135135135135135,cone,cone
1492,118,54,2.185185185185185,cone,cone
1493,38,38,1.0,lateral,lateral
1494,14,39,0.358974358974359,jl,lateral
1495,46,41,1.1219512195121952,cone,cone
1496,14,22,0.6363636363636364,jl,jl
1497,28,26,1.0769230769230769,cone,cone
1498,27,27,1.0,lateral,lateral
1499,36,33,1.0909090909090908,lateral,cone
1500,57,45,1.2666666666666666,cone,cone
1501,23,31,0.7419354838709677,jl,cone
1502,51,51,1.0,jl,cone
1503,13,13,1.0,lateral,lateral
1504,7,27,0.25925925925925924,jl,cone
1505,74,31,2.3870967741935485,cone,cone
1506,74,25,2.96,cone,cone
1507,82,77,1.0649350649350648,cone,cone
1508,20,19,1.0526315789473684,cone,cone
1509,18,17,1.0588235294117647,jl,cone
1510,40,35,1.1428571428571428,cone,cone
1511,93,32,2.90625,lateral,cone
1512,37,29,1.2758620689655173,jl,cone
1513,39,35,1.1142857142857143,cone,cone
1514,31,32,0.96875,jl,cone
1515,43,34,1.2647058823529411,cone,cone
1516,59,48,1.2291666666666667,lateral,cone
1517,70,36,1.9444444444444444,cone,cone
1518,26,32,0.8125,cone,cone
1519,18,22,0.8181818181818182,cone,cone
1520,33,31,1.064516129032258,cone,cone
1521,14,13,1.0769230769230769,cone,cone
1522,77,73,1.0547945205479452,jl,cone
1523,77,35,2.2,jl,cone
1524,64,57,1.1228070175438596,cone,jl
1525,48,47,1.0212765957446808,cone,cone
1526,13,33,0.3939393939393939,jl,cone
1527,28,29,0.9655172413793104,lateral,lateral
1528,20,20,1.0,cone,cone
1529,24,24,1.0,cone,cone
1530,16,12,1.3333333333333333,jl,jl
1531,1,22,0.045454545454545456,jl,cone
1532,50,40,1.25,cone,cone
1533,17,18,0.9444444444444444,lateral,lateral
1534,30,25,1.2,cone,cone
1535,44,43,1.0232558139534884,cone,cone
1536,14,16,0.875,jl,jl
1537,19,20,0.95,cone,cone
1538,38,31,1.2258064516129032,cone,cone
1539,56,42,1.3333333333333333,cone,cone
1540,17,21,0.8095238095238095,jl,jl
1541,46,46,1.0,lateral,lateral
1542,54,35,1.542857142857143,cone,cone
1543,44,44,1.0,jl,cone
1544,22,22,1.0,cone,cone
1545,24,23,1.0434782608695652,cone,cone
1546,50,46,1.0869565217391304,cone,cone
1547,14,19,0.7368421052631579,jl,cone
1548,20,18,1.1111111111111112,cone,cone
1549,78,36,2.1666666666666665,jl,cone
1550,17,17,1.0,cone,cone
1551,50,39,1.2820512820512822,cone,cone
1552,36,27,1.3333333333333333,cone,cone
1553,34,31,1.096774193548387,lateral,cone
1554,100,56,1.7857142857142858,cone,cone
1555,25,38,0.6578947368421053,cone,cone
1556,21,27,0.7777777777777778,cone,cone
1557,63,66,0.9545454545454546,cone,cone
1558,16,37,0.43243243243243246,jl,jl
1559,23,17,1.3529411764705883,cone,cone
1560,49,30,1.6333333333333333,collision,cone
1561,29,26,1.1153846153846154,cone,cone
1562,22,21,1.0476190476190477,cone,cone
1563,82,61,1.3442622950819672,cone,cone
1564,87,79,1.1012658227848102,cone,cone
1565,16,21,0.7619047619047619,cone,cone
1566,34,39,0.8717948717948718,jl,cone
1567,58,22,2.6363636363636362,cone,cone
1568,30,29,1.0344827586206897,cone,cone
1569,114,16,7.125,cone,cone
1570,85,88,0.9659090909090909,cone,cone
1571,19,18,1.0555555555555556,jl,jl
1572,23,21,1.0952380952380953,cone,cone
1573,78,37,2.108108108108108,lateral,cone
1574,33,20,1.65,cone,cone
1575,55,17,3.235294117647059,collision,jl
1576,22,28,0.7857142857142857,jl,cone
1577,22,14,1.5714285714285714,jl,jl
1578,35,34,1.0294117647058822,cone,cone
1579,62,34,1.8235294117647058,cone,cone
1580,100,35,2.857142857142857,jl,cone
1581,27,52,0.5192307692307693,jl,cone
1582,23,22,1.0454545454545454,cone,cone
1583,28,25,1.12,cone,cone
1584,74,67,1.1044776119402986,jl,jl
1585,51,38,1.3421052631578947,cone,cone
1586,25,59,0.423728813559322,jl,cone
1587,24,20,1.2,cone,cone
1588,23,20,1.15,cone,cone
1589,12,17,0.7058823529411765,cone,cone
1590,43,47,0.9148936170212766,jl,cone
1591,45,33,1.3636363636363635,cone,cone
1592,36,32,1.125,cone,cone
1593,23,21,1.0952380952380953,cone,cone
1594,22,23,0.9565217391304348,cone,cone
1595,57,48,1.1875,cone,jl
1596,5,23,0.21739130434782608,jl,cone
1597,57,27,2.111111111111111,cone,cone
1598,35,34,1.0294117647058822,jl,jl
1599,1,32,0.03125,jl,jl
1600,57,21,2.7142857142857144,cone,jl
1601,49,46,1.065217391304348,cone,cone
1602,39,38,1.0263157894736843,cone,jl
1603,47,42,1.119047619047619,cone,cone
1604,68,60,1.1333333333333333,cone,cone
1605,21,26,0.8076923076923077,cone,cone
1606,36,37,0.972972972972973,cone,cone
1607,18,22,0.8181818181818182,cone,cone
1608,23,19,1.2105263157894737,cone,cone
1609,55,39,1.4102564102564104,cone,cone
1610,47,27,1.7407407407407407,cone,cone
1611,32,31,1.032258064516129,cone,cone
1612,25,24,1.0416666666666667,cone,cone
1613,54,46,1.173913043478261,cone,cone
1614,32,42,0.7619047619047619,jl,cone
1615,75,35,2.142857142857143,jl,cone
1616,42,34,1.2352941176470589,cone,cone
1617,6,22,0.2727272727272727,jl,cone
1618,28,28,1.0,cone,cone
1619,50,36,1.3888888888888888,jl,cone
1620,25,15,1.6666666666666667,jl,jl
1621,101,31,3.2580645161290325,cone,cone
1622,7,27,0.25925925925925924,jl,jl
1623,28,22,1.2727272727272727,jl,cone
1624,115,27,4.2592592592592595,cone,cone
1625,35,30,1.1666666666666667,cone,cone
1626,50,44,1.1363636363636365,cone,cone
1627,8,10,0.8,jl,jl
1628,10,11,0.9090909090909091,collision,collision
1629,22,22,1.0,cone,cone
1630,53,14,3.7857142857142856,collision,jl
1631,11,11,1.0,cone,cone
1632,27,25,1.08,cone,cone
1633,63,11,5.7272727272727275,jl,jl
1634,44,40,1.1,jl,jl
1635,84,46,1.826086956521739,jl,jl
1636,38,26,1.4615384615384615,cone,cone
1637,87,11,7.909090909090909,cone,jl
1638,21,32,0.65625,jl,cone
1639,26,22,1.1818181818181819,cone,cone
1640,2,13,0.15384615384615385,jl,jl
1641,60,32,1.875,cone,cone
1642,31,31,1.0,lateral,lateral
1643,27,19,1.4210526315789473,cone,cone
1644,81,50,1.62,lateral,cone
1645,44,42,1.0476190476190477,cone,cone
1646,19,16,1.1875,cone,cone
1647,39,36,1.0833333333333333,cone,cone
1648,55,21,2.619047619047619,cone,cone
1649,67,49,1.3673469387755102,cone,cone
1650,58,39,1.4871794871794872,cone,cone
1651,29,24,1.2083333333333333,cone,cone
1652,33,40,0.825,jl,jl
1653,25,24,1.0416666666666667,cone,cone
1654,82,33,2.484848484848485,cone,cone
1655,109,27,4.037037037037037,cone,cone
1656,71,32,2.21875,jl,cone
1657,28,18,1.5555555555555556,cone,jl
1658,27,24,1.125,cone,cone
1659,53,44,1.2045454545454546,cone,cone
1660,20,20,1.0,cone,cone
1661,72,67,1.0746268656716418,cone,cone
1662,26,23,1.1304347826086956,cone,cone
1663,62,63,0.9841269841269841,lateral,lateral
1664,38,22,1.7272727272727273,cone,cone
1665,47,18,2.611111111111111,jl,jl
1666,28,30,0.9333333333333333,cone,cone
1667,26,26,1.0,jl,cone
1668,61,51,1.196078431372549,jl,cone
1669,67,44,1.5227272727272727,cone,cone
1670,51,35,1.457142857142857,jl,cone
1671,18,18,1.0,cone,cone
1672,32,30,1.0666666666666667,cone,cone
1673,48,48,1.0,lateral,lateral
1674,17,17,1.0,jl,jl
1675,27,56,0.48214285714285715,jl,jl
1676,72,55,1.309090909090909,cone,cone
1677,64,62,1.032258064516129,jl,cone
1678,32,31,1.032258064516129,cone,cone
1679,33,30,1.1,cone,cone
1680,30,27,1.1111111111111112,jl,jl
1681,73,60,1.2166666666666666,cone,cone
1682,16,14,1.1428571428571428,cone,cone
1683,24,23,1.0434782608695652,cone,cone
1684,20,20,1.0,cone,cone
1685,51,25,2.04,cone,cone
1686,67,29,2.310344827586207,cone,cone
1687,105,101,1.0396039603960396,lateral,cone
1688,36,31,1.1612903225806452,cone,cone
1689,26,24,1.0833333333333333,cone,cone
1690,55,50,1.1,cone,cone
1691,13,28,0.4642857142857143,jl,cone
1692,145,25,5.8,cone,cone
1693,15,35,0.42857142857142855,collision,cone
1694,18,14,1.2857142857142858,collision,collision
1695,68,19,3.5789473684210527,cone,cone
1696,89,35,2.5428571428571427,jl,cone
1697,38,21,1.8095238095238095,jl,jl
1698,49,48,1.0208333333333333,lateral,cone
1699,21,20,1.05,cone,cone
1700,53,37,1.4324324324324325,cone,cone
1701,33,30,1.1,jl,jl
1702,13,14,0.9285714285714286,jl,jl
1703,50,28,1.7857142857142858,cone,cone
1704,21,19,1.105263157894737,cone,cone
1705,86,80,1.075,cone,cone
1706,88,39,2.2564102564102564,cone,cone
1707,22,22,1.0,lateral,lateral
1708,34,33,1.0303030303030303,cone,cone
1709,27,27,1.0,cone,cone
1710,25,23,1.0869565217391304,cone,cone
1711,95,51,1.8627450980392157,cone,cone
1712,44,38,1.1578947368421053,lateral,cone
1713,26,20,1.3,collision,collision
1714,81,27,3.0,cone,cone
1715,49,30,1.6333333333333333,cone,cone
1716,37,36,1.0277777777777777,cone,cone
1717,28,17,1.6470588235294117,cone,cone
1718,49,49,1.0,jl,jl
1719,52,30,1.7333333333333334,cone,cone
1720,14,13,1.0769230769230769,collision,jl
1721,23,12,1.9166666666666667,collision,jl
1722,28,28,1.0,lateral,cone
1723,23,30,0.7666666666666667,jl,jl
1724,40,39,1.0256410256410255,cone,cone
1725,49,33,1.4848484848484849,jl,cone
1726,29,26,1.1153846153846154,collision,cone
1727,30,22,1.3636363636363635,cone,cone
1728,18,19,0.9473684210526315,lateral,lateral
1729,68,45,1.511111111111111,cone,cone
1730,28,18,1.5555555555555556,jl,jl
1731,67,52,1.2884615384615385,cone,cone
1732,46,25,1.84,cone,cone
1733,34,18,1.8888888888888888,jl,jl
1734,50,42,1.1904761904761905,jl,cone
1735,33,36,0.9166666666666666,jl,jl
1736,67,36,1.8611111111111112,cone,cone
1737,19,29,0.6551724137931034,collision,cone
1738,98,75,1.3066666666666666,cone,cone
1739,27,21,1.2857142857142858,cone,cone
1740,7,18,0.3888888888888889,collision,collision
1741,5,70,0.07142857142857142,jl,lateral
1742,70,53,1.320754716981132,cone,cone
1743,14,14,1.0,cone,cone
1744,59,26,2.269230769230769,jl,cone
1745,23,18,1.2777777777777777,jl,cone
1746,67,48,1.3958333333333333,cone,cone
1747,17,69,0.2463768115942029,jl,lateral
1748,53,40,1.325,cone,cone
1749,35,34,1.0294117647058822,cone,cone
1750,49,36,1.3611111111111112,lateral,cone
1751,51,53,0.9622641509433962,cone,cone
1752,28,19,1.4736842105263157,cone,cone
1753,79,40,1.975,cone,cone
1754,50,30,1.6666666666666667,cone,cone
1755,47,34,1.3823529411764706,cone,cone
1756,28,24,1.1666666666666667,cone,cone
1757,32,32,1.0,lateral,lateral
1758,93,49,1.8979591836734695,jl,jl
1759,71,47,1.5106382978723405,cone,cone
1760,17,16,1.0625,cone,cone
1761,10,10,1.0,lateral,lateral
1762,49,38,1.2894736842105263,cone,cone
1763,37,30,1.2333333333333334,cone,cone
1764,70,45,1.5555555555555556,cone,cone
1765,22,20,1.1,jl,cone
1766,20,24,0.8333333333333334,cone,jl
1767,13,13,1.0,jl,jl
1768,41,41,1.0,lateral,lateral
1769,30,21,1.4285714285714286,jl,jl
1770,54,52,1.0384615384615385,lateral,cone
1771,32,32,1.0,lateral,lateral
1772,72,26,2.769230769230769,jl,cone
1773,34,29,1.1724137931034482,cone,cone
1774,33,33,1.0,cone,cone
1775,49,49,1.0,lateral,lateral
1776,23,24,0.9583333333333334,lateral,lateral
1777,32,30,1.0666666666666667,lateral,jl
1778,26,33,0.7878787878787878,jl,cone
1779,23,23,1.0,cone,cone
1780,70,35,2.0,cone,cone
1781,108,112,0.9642857142857143,cone,cone
1782,34,35,0.9714285714285714,jl,cone
1783,57,46,1.2391304347826086,cone,cone
1784,50,50,1.0,lateral,lateral
1785,44,41,1.0731707317073171,cone,cone
1786,43,41,1.048780487804878,cone,cone
1787,60,45,1.3333333333333333,cone,cone
1788,3,50,0.06,jl,cone
1789,89,75,1.1866666666666668,cone,cone
1790,71,62,1.1451612903225807,cone,cone
1791,45,23,1.9565217391304348,cone,cone
1792,29,24,1.2083333333333333,jl,jl
1793,76,26,2.923076923076923,cone,cone
1794,58,39,1.4871794871794872,jl,cone
1795,75,26,2.8846153846153846,cone,jl
1796,18,18,1.0,lateral,lateral
1797,11,44,0.25,jl,cone
1798,36,20,1.8,lateral,cone
1799,34,25,1.36,jl,jl
1800,17,17,1.0,cone,cone
1801,77,32,2.40625,cone,jl
1802,61,40,1.525,cone,cone
1803,38,18,2.111111111111111,cone,cone
1804,88,67,1.3134328358208955,cone,jl
1805,40,27,1.4814814814814814,cone,cone
1806,90,38,2.3684210526315788,jl,cone
1807,44,35,1.2571428571428571,cone,cone
1808,41,41,1.0,cone,cone
1809,80,72,1.1111111111111112,cone,cone
1810,21,21,1.0,cone,cone
1811,82,44,1.8636363636363635,cone,cone
1812,17,17,1.0,lateral,lateral
1813,46,33,1.393939393939394,cone,cone
1814,17,20,0.85,jl,cone
1815,31,22,1.4090909090909092,cone,cone
1816,57,37,1.5405405405405406,cone,cone
1817,33,36,0.9166666666666666,jl,cone
1818,3,80,0.0375,collision,cone
1819,63,49,1.2857142857142858,cone,cone
1820,29,28,1.0357142857142858,cone,cone
1821,52,27,1.9259259259259258,jl,cone
1822,30,43,0.6976744186046512,jl,cone
1823,34,32,1.0625,cone,cone
1824,30,27,1.1111111111111112,cone,cone
1825,59,32,1.84375,cone,cone
1826,51,41,1.2439024390243902,cone,cone
1827,10,15,0.6666666666666666,jl,jl
1828,45,28,1.6071428571428572,jl,cone
1829,37,31,1.1935483870967742,cone,cone
1830,19,23,0.8260869565217391,collision,cone
1831,16,16,1.0,jl,cone
1832,45,36,1.25,cone,cone
1833,61,40,1.525,cone,cone
1834,122,38,3.210526315789474,cone,cone
1835,19,23,0.8260869565217391,jl,jl
1836,32,19,1.6842105263157894,cone,cone
1837,26,27,0.9629629629629629,jl,lateral
1838,40,41,0.975609756097561,cone,cone
1839,48,52,0.9230769230769231,jl,cone
1840,16,16,1.0,cone,cone
1841,65,44,1.4772727272727273,cone,cone
1842,21,21,1.0,cone,cone
1843,81,35,2.3142857142857145,jl,cone
1844,43,39,1.1025641025641026,cone,cone
1845,58,22,2.6363636363636362,cone,jl
1846,93,33,2.8181818181818183,cone,cone
1847,53,41,1.2926829268292683,cone,cone
1848,34,26,1.3076923076923077,cone,cone
1849,29,25,1.16,collision,cone
1850,18,98,0.1836734693877551,cone,cone
1851,22,22,1.0,cone,cone
1852,42,27,1.5555555555555556,cone,cone
1853,48,42,1.1428571428571428,cone,cone
1854,71,36,1.9722222222222223,cone,cone
1855,20,20,1.0,cone,cone
1856,27,24,1.125,jl,cone
1857,65,44,1.4772727272727273,cone,cone
1858,12,16,0.75,collision,collision
1859,91,84,1.0833333333333333,cone,cone
1860,26,21,1.2380952380952381,cone,cone
1861,37,29,1.2758620689655173,cone,cone
1862,10,29,0.3448275862068966,jl,cone
1863,9,14,0.6428571428571429,jl,jl
1864,32,25,1.28,cone,cone
1865,89,29,3.0689655172413794,cone,cone
1866,33,33,1.0,lateral,lateral
1867,29,29,1.0,lateral,lateral
1868,74,56,1.3214285714285714,cone,cone
1869,17,17,1.0,cone,cone
1870,25,30,0.8333333333333334,cone,cone
1871,27,37,0.7297297297297297,jl,cone
1872,20,20,1.0,lateral,lateral
1873,30,26,1.1538461538461537,cone,cone
1874,19,18,1.0555555555555556,cone,cone
1875,61,32,1.90625,cone,cone
1876,66,49,1.346938775510204,cone,cone
1877,90,70,1.2857142857142858,cone,cone
1878,74,74,1.0,cone,cone
1879,37,37,1.0,jl,cone
1880,28,28,1.0,lateral,lateral
1881,67,19,3.526315789473684,cone,cone
1882,43,36,1.1944444444444444,cone,cone
1883,37,32,1.15625,cone,cone
1884,40,41,0.975609756097561,jl,cone
1885,39,29,1.3448275862068966,cone,cone
1886,52,36,1.4444444444444444,jl,cone
1887,39,32,1.21875,cone,cone
1888,31,31,1.0,lateral,lateral
1889,21,21,1.0,lateral,lateral
1890,58,44,1.3181818181818181,lateral,cone
1891,18,18,1.0,cone,cone
1892,68,47,1.446808510638298,cone,cone
1893,11,11,1.0,collision,collision
1894,23,27,0.8518518518518519,cone,cone
1895,58,49,1.183673469387755,cone,cone
1896,29,22,1.3181818181818181,cone,cone
1897,11,11,1.0,cone,cone
1898,108,54,2.0,cone,cone
1899,28,25,1.12,cone,cone
1900,31,20,1.55,cone,cone
1901,20,20,1.0,lateral,lateral
1902,78,42,1.8571428571428572,cone,cone
1903,34,30,1.1333333333333333,cone,cone
1904,25,21,1.1904761904761905,cone,cone
1905,24,36,0.6666666666666666,collision,cone
1906,33,33,1.0,lateral,lateral
1907,26,22,1.1818181818181819,cone,cone
1908,34,33,1.0303030303030303,lateral,lateral
1909,22,22,1.0,cone,cone
1910,25,23,1.0869565217391304,cone,cone
1911,109,35,3.1142857142857143,cone,cone
1912,63,35,1.8,cone,cone
1913,91,36,2.5277777777777777,cone,cone
1914,11,16,0.6875,jl,jl
1915,18,27,0.6666666666666666,collision,collision
1916,39,27,1.4444444444444444,cone,cone
1917,64,56,1.1428571428571428,jl,cone
1918,32,20,1.6,cone,cone
1919,30,33,0.9090909090909091,cone,cone
1920,51,46,1.108695652173913,cone,cone
1921,5,51,0.09803921568627451,jl,cone
1922,40,30,1.3333333333333333,cone,cone
1923,16,16,1.0,cone,cone
1924,36,32,1.125,lateral,cone
1925,20,27,0.7407407407407407,cone,cone
1926,16,16,1.0,lateral,lateral
1927,32,31,1.032258064516129,cone,cone
1928,83,40,2.075,cone,cone
1929,16,46,0.34782608695652173,jl,cone
1930,30,26,1.1538461538461537,lateral,cone
1931,64,37,1.7297297297297298,cone,cone
1932,29,28,1.0357142857142858,jl,cone
1933,34,27,1.2592592592592593,cone,cone
1934,45,43,1.0465116279069768,cone,cone
1935,45,50,0.9,jl,jl
1936,49,46,1.065217391304348,cone,cone
1937,14,20,0.7,jl,cone
1938,24,24,1.0,lateral,lateral
1939,80,71,1.1267605633802817,cone,cone
1940,47,35,1.3428571428571427,cone,cone
1941,58,25,2.32,cone,cone
1942,22,19,1.1578947368421053,cone,cone
1943,28,82,0.34146341463414637,jl,cone
1944,38,37,1.027027027027027,cone,cone
1945,6,26,0.23076923076923078,jl,cone
1946,87,35,2.4857142857142858,lateral,cone
1947,35,33,1.0606060606060606,cone,cone
1948,12,13,0.9230769230769231,jl,jl
1949,27,23,1.173913043478261,cone,cone
1950,27,34,0.7941176470588235,collision,collision
1951,21,21,1.0,cone,cone
1952,80,20,4.0,cone,jl
1953,69,45,1.5333333333333334,cone,cone
1954,100,97,1.0309278350515463,cone,cone
1955,16,15,1.0666666666666667,cone,cone
1956,79,64,1.234375,cone,cone
1957,31,22,1.4090909090909092,jl,cone
1958,13,13,1.0,cone,cone
1959,50,41,1.2195121951219512,cone,cone
1960,23,24,0.9583333333333334,cone,cone
1961,44,32,1.375,jl,cone
1962,81,37,2.189189189189189,jl,cone
1963,23,22,1.0454545454545454,cone,cone
1964,46,26,1.7692307692307692,cone,cone
1965,37,38,0.9736842105263158,cone,cone
1966,31,26,1.1923076923076923,cone,cone
1967,61,68,0.8970588235294118,jl,cone
1968,14,16,0.875,cone,cone
1969,54,45,1.2,cone,cone
1970,11,17,0.6470588235294118,jl,jl
1971,38,38,1.0,lateral,lateral
1972,26,23,1.1304347826086956,cone,cone
1973,18,49,0.3673469387755102,jl,cone
1974,7,22,0.3181818181818182,jl,cone
1975,50,21,2.380952380952381,cone,cone
1976,12,16,0.75,jl,jl
1977,25,22,1.1363636363636365,cone,cone
1978,26,24,1.0833333333333333,cone,cone
1979,56,47,1.1914893617021276,cone,cone
1980,99,43,2.302325581395349,cone,cone
1981,15,25,0.6,jl,jl
1982,54,42,1.2857142857142858,lateral,cone
1983,85,35,2.4285714285714284,jl,cone
1984,35,35,1.0,lateral,lateral
1985,68,80,0.85,jl,cone
1986,21,18,1.1666666666666667,cone,cone
1987,59,50,1.18,jl,jl
1988,30,41,0.7317073170731707,jl,cone
1989,33,33,1.0,cone,cone
1990,26,26,1.0,cone,cone
1991,30,27,1.1111111111111112,cone,cone
1992,33,22,1.5,jl,jl
1993,43,38,1.131578947368421,cone,cone
1994,103,38,2.710526315789474,cone,cone
1995,85,76,1.118421052631579,cone,cone
1996,67,41,1.6341463414634145,jl,cone
1997,27,26,1.0384615384615385,cone,cone
1998,16,28,0.5714285714285714,jl,cone
1999,20,23,0.8695652173913043,cone,cone
2000,46,37,1.2432432432432432,jl,cone
2001,63,43,1.4651162790697674,cone,cone
2002,41,35,1.1714285714285715,cone,cone
2003,25,25,1.0,lateral,lateral
2004,103,42,2.4523809523809526,cone,cone
2005,35,35,1.0,cone,cone
2006,68,49,1.3877551020408163,cone,cone
2007,50,36,1.3888888888888888,cone,cone
2008,31,25,1.24,cone,cone
2009,53,53,1.0,lateral,lateral
2010,11,11,1.0,cone,cone
2011,34,34,1.0,lateral,lateral
2012,53,44,1.2045454545454546,lateral,cone
2013,91,28,3.25,jl,cone
2014,44,41,1.0731707317073171,cone,cone
2015,67,67,1.0,cone,cone
2016,26,21,1.2380952380952381,cone,cone
2017,94,73,1.2876712328767124,cone,cone
2018,40,33,1.2121212121212122,lateral,cone
2019,37,36,1.0277777777777777,cone,cone
2020,63,38,1.6578947368421053,cone,cone
2021,20,21,0.9523809523809523,collision,collision
2022,11,11,1.0,lateral,lateral
2023,24,24,1.0,cone,cone
2024,7,10,0.7,jl,jl
2025,24,21,1.1428571428571428,cone,cone
2026,46,47,0.9787234042553191,lateral,lateral
2027,19,27,0.7037037037037037,cone,cone
2028,41,43,0.9534883720930233,jl,cone
2029,55,41,1.3414634146341464,cone,cone
2030,40,65,0.6153846153846154,jl,lateral
2031,60,21,2.857142857142857,cone,cone
2032,26,21,1.2380952380952381,cone,cone
2033,80,27,2.962962962962963,cone,cone
2034,92,60,1.5333333333333334,cone,cone
2035,24,19,1.263157894736842,lateral,cone
2036,15,15,1.0,cone,cone
2037,89,44,2.022727272727273,cone,cone
2038,27,17,1.588235294117647,jl,cone
2039,62,55,1.1272727272727272,cone,cone
2040,15,26,0.5769230769230769,collision,cone
2041,6,27,0.2222222222222222,jl,jl
2042,7,13,0.5384615384615384,jl,jl
2043,24,32,0.75,cone,cone
2044,41,36,1.1388888888888888,cone,cone
2045,25,29,0.8620689655172413,jl,cone
2046,26,26,1.0,cone,cone
2047,33,31,1.064516129032258,cone,cone
2048,79,72,1.0972222222222223,cone,cone
2049,75,49,1.530612244897959,cone,cone
2050,46,41,1.1219512195121952,jl,cone
2051,20,26,0.7692307692307693,cone,cone
2052,34,23,1.4782608695652173,cone,cone
2053,23,23,1.0,lateral,lateral
2054,49,54,0.9074074074074074,cone,lateral
2055,36,36,1.0,lateral,lateral
2056,34,24,1.4166666666666667,jl,jl
2057,91,30,3.033333333333333,cone,cone
2058,40,39,1.0256410256410255,cone,cone
2059,45,45,1.0,lateral,lateral
2060,22,21,1.0476190476190477,cone,cone
2061,7,23,0.30434782608695654,jl,jl
2062,19,15,1.2666666666666666,cone,jl
2063,84,56,1.5,cone,cone
2064,21,24,0.875,cone,cone
2065,100,34,2.9411764705882355,cone,cone
2066,116,28,4.142857142857143,cone,cone
2067,7,37,0.1891891891891892,jl,cone
2068,1,16,0.0625,jl,cone
2069,53,31,1.7096774193548387,cone,cone
2070,62,68,0.9117647058823529,cone,cone
2071,59,46,1.2826086956521738,cone,cone
2072,28,28,1.0,lateral,lateral
2073,41,27,1.5185185185185186,cone,cone
2074,44,42,1.0476190476190477,cone,cone
2075,52,45,1.1555555555555554,cone,cone
2076,66,36,1.8333333333333333,jl,cone
2077,10,10,1.0,jl,jl
2078,25,25,1.0,lateral,lateral
2079,62,50,1.24,cone,cone
2080,99,95,1.0421052631578946,cone,cone
2081,55,54,1.0185185185185186,cone,cone
2082,46,46,1.0,lateral,lateral
2083,99,34,2.911764705882353,lateral,cone
2084,27,21,1.2857142857142858,cone,cone
2085,42,34,1.2352941176470589,cone,cone
2086,32,32,1.0,lateral,lateral
2087,22,16,1.375,jl,jl
2088,53,32,1.65625,cone,cone
2089,13,13,1.0,jl,jl
2090,16,15,1.0666666666666667,cone,cone
2091,40,36,1.1111111111111112,cone,cone
2092,52,49,1.0612244897959184,cone,cone
2093,1,40,0.025,collision,cone
2094,12,12,1.0,jl,jl
2095,14,14,1.0,cone,cone
2096,9,74,0.12162162162162163,jl,cone
2097,53,89,0.5955056179775281,jl,cone
2098,26,27,0.9629629629629629,jl,lateral
2099,26,21,1.2380952380952381,cone,cone
2100,47,25,1.88,cone,cone
2101,17,26,0.6538461538461539,collision,cone
2102,47,49,0.9591836734693877,jl,cone
2103,52,42,1.2380952380952381,cone,cone
2104,46,40,1.15,cone,cone
2105,69,31,2.225806451612903,cone,jl
2106,106,37,2.864864864864865,cone,cone
2107,46,48,0.9583333333333334,cone,cone
2108,15,19,0.7894736842105263,collision,collision
2109,16,45,0.35555555555555557,jl,cone
2110,13,13,1.0,lateral,lateral
2111,31,17,1.8235294117647058,cone,jl
2112,21,20,1.05,cone,cone
2113,24,24,1.0,cone,cone
2114,71,52,1.3653846153846154,cone,jl
2115,9,11,0.8181818181818182,jl,jl
2116,22,18,1.2222222222222223,jl,cone
2117,48,39,1.2307692307692308,cone,cone
2118,21,17,1.2352941176470589,jl,jl
2119,30,53,0.5660377358490566,cone,cone
2120,70,43,1.627906976744186,jl,cone
2121,69,19,3.6315789473684212,lateral,jl
2122,8,17,0.47058823529411764,jl,jl
2123,21,19,1.105263157894737,cone,cone
2124,23,18,1.2777777777777777,cone,cone
2125,8,12,0.6666666666666666,jl,jl
2126,25,28,0.8928571428571429,cone,cone
2127,6,23,0.2608695652173913,jl,cone
2128,83,73,1.1369863013698631,cone,cone
2129,18,18,1.0,cone,cone
2130,26,24,1.0833333333333333,cone,cone
2131,119,30,3.966666666666667,cone,cone
2132,101,71,1.4225352112676057,cone,cone
2133,82,36,2.2777777777777777,cone,cone
2134,21,22,0.9545454545454546,jl,jl
2135,104,39,2.6666666666666665,jl,cone
2136,34,25,1.36,jl,cone
2137,7,41,0.17073170731707318,jl,cone
2138,41,34,1.2058823529411764,cone,cone
2139,20,18,1.1111111111111112,cone,cone
2140,61,47,1.297872340425532,cone,cone
2141,44,45,0.9777777777777777,jl,jl
2142,37,30,1.2333333333333334,cone,cone
2143,92,49,1.8775510204081634,cone,cone
2144,52,43,1.2093023255813953,cone,cone
2145,71,50,1.42,cone,cone
2146,21,21,1.0,jl,jl
2147,88,41,2.1463414634146343,jl,cone
2148,136,38,3.5789473684210527,cone,cone
2149,44,44,1.0,lateral,lateral
2150,27,12,2.25,cone,jl
2151,61,61,1.0,lateral,lateral
2152,16,16,1.0,lateral,lateral
2153,63,48,1.3125,cone,cone
2154,63,63,1.0,lateral,lateral
2155,27,18,1.5,jl,jl
2156,30,24,1.25,jl,cone
2157,8,22,0.36363636363636365,jl,cone
2158,69,66,1.0454545454545454,cone,cone
2159,42,38,1.105263157894737,cone,cone
2160,73,15,4.866666666666666,lateral,jl
2161,73,63,1.1587301587301588,cone,cone
2162,55,28,1.9642857142857142,cone,cone
2163,55,55,1.0,lateral,lateral
2164,1,20,0.05,jl,cone
2165,33,27,1.2222222222222223,jl,cone
2166,83,74,1.1216216216216217,cone,cone
2167,49,50,0.98,cone,cone
2168,20,19,1.0526315789473684,cone,cone
2169,57,39,1.4615384615384615,cone,cone
2170,77,38,2.026315789473684,jl,cone
2171,16,15,1.0666666666666667,cone,cone
2172,12,14,0.8571428571428571,jl,jl
2173,21,69,0.30434782608695654,jl,jl
2174,20,20,1.0,cone,cone
2175,20,27,0.7407407407407407,jl,jl
2176,83,32,2.59375,cone,cone
2177,66,53,1.2452830188679245,cone,cone
2178,17,15,1.1333333333333333,jl,jl
2179,47,38,1.236842105263158,cone,cone
2180,31,28,1.1071428571428572,jl,jl
2181,26,21,1.2380952380952381,cone,cone
2182,51,50,1.02,cone,cone
2183,51,44,1.1590909090909092,cone,cone
2184,59,30,1.9666666666666666,cone,cone
2185,135,29,4.655172413793103,cone,cone
2186,5,37,0.13513513513513514,jl,cone
2187,47,43,1.0930232558139534,cone,cone
2188,94,36,2.611111111111111,cone,cone
2189,22,22,1.0,cone,cone
2190,43,38,1.131578947368421,jl,cone
2191,25,25,1.0,lateral,lateral
2192,80,77,1.0389610389610389,jl,jl
2193,39,34,1.1470588235294117,cone,cone
2194,71,27,2.6296296296296298,cone,cone
2195,25,23,1.0869565217391304,cone,cone
2196,29,31,0.9354838709677419,cone,cone
2197,37,36,1.0277777777777777,jl,cone
2198,39,28,1.3928571428571428,cone,cone
2199,30,27,1.1111111111111112,cone,cone
2200,20,18,1.1111111111111112,cone,cone
2201,37,28,1.3214285714285714,cone,cone
2202,19,19,1.0,cone,cone
2203,49,43,1.1395348837209303,cone,cone
2204,22,25,0.88,jl,cone
2205,19,19,1.0,cone,cone
2206,34,35,0.9714285714285714,cone,cone
2207,35,27,1.2962962962962963,cone,cone
2208,41,37,1.1081081081081081,cone,cone
2209,58,44,1.3181818181818181,cone,cone
2210,45,35,1.2857142857142858,cone,cone
2211,32,31,1.032258064516129,cone,cone
2212,61,64,0.953125,cone,lateral
2213,54,48,1.125,cone,cone
2214,91,77,1.1818181818181819,cone,cone
2215,31,28,1.1071428571428572,cone,cone
2216,24,25,0.96,cone,cone
2217,23,18,1.2777777777777777,cone,cone
2218,17,17,1.0,cone,cone
2219,102,57,1.7894736842105263,jl,cone
2220,16,28,0.5714285714285714,jl,cone
2221,40,31,1.2903225806451613,cone,cone
2222,36,37,0.972972972972973,cone,cone
2223,55,43,1.2790697674418605,jl,cone
2224,139,33,4.212121212121212,cone,cone
2225,24,24,1.0,cone,cone
2226,33,32,1.03125,cone,cone
2227,88,81,1.0864197530864197,lateral,cone
2228,108,65,1.6615384615384616,cone,cone
2229,27,21,1.2857142857142858,cone,cone
2230,32,85,0.3764705882352941,jl,cone
2231,50,32,1.5625,cone,cone
2232,17,39,0.4358974358974359,jl,cone
2233,29,29,1.0,cone,cone
2234,23,47,0.48936170212765956,jl,jl
2235,111,80,1.3875,cone,cone
2236,52,39,1.3333333333333333,cone,cone
2237,25,23,1.0869565217391304,cone,cone
2238,42,36,1.1666666666666667,cone,cone
2239,25,24,1.0416666666666667,cone,cone
2240,18,16,1.125,cone,cone
2241,21,21,1.0,cone,cone
2242,16,40,0.4,jl,cone
2243,17,16,1.0625,cone,cone
2244,58,50,1.16,cone,cone
2245,30,53,0.5660377358490566,jl,jl
2246,21,21,1.0,cone,cone
2247,11,10,1.1,jl,jl
2248,39,30,1.3,cone,cone
2249,2,44,0.045454545454545456,jl,lateral
2250,36,27,1.3333333333333333,cone,cone
2251,19,17,1.1176470588235294,jl,cone
2252,33,31,1.064516129032258,cone,cone
2253,28,20,1.4,cone,jl
2254,16,20,0.8,collision,collision
2255,10,11,0.9090909090909091,jl,jl
2256,19,35,0.5428571428571428,cone,cone
2257,24,29,0.8275862068965517,cone,cone
2258,14,27,0.5185185185185185,jl,cone
2259,28,25,1.12,jl,cone
2260,18,17,1.0588235294117647,cone,cone
2261,46,31,1.4838709677419355,cone,cone
2262,8,49,0.16326530612244897,jl,lateral
2263,20,20,1.0,lateral,lateral
2264,15,25,0.6,jl,cone
2265,114,35,3.257142857142857,cone,cone
2266,125,34,3.676470588235294,cone,jl
2267,35,29,1.206896551724138,cone,cone
2268,51,61,0.8360655737704918,jl,lateral
2269,42,42,1.0,cone,cone
2270,78,31,2.5161290322580645,cone,cone
2271,44,36,1.2222222222222223,jl,cone
2272,9,11,0.8181818181818182,jl,jl
2273,79,62,1.2741935483870968,cone,cone
2274,35,35,1.0,jl,jl
2275,71,63,1.126984126984127,jl,cone
2276,1,40,0.025,jl,cone
2277,22,20,1.1,cone,cone
2278,15,16,0.9375,cone,cone
2279,26,27,0.9629629629629629,cone,cone
2280,76,54,1.4074074074074074,cone,cone
2281,78,47,1.6595744680851063,cone,cone
2282,31,30,1.0333333333333334,cone,cone
2283,36,34,1.0588235294117647,cone,cone
2284,91,28,3.25,lateral,cone
2285,57,32,1.78125,cone,cone
2286,73,28,2.607142857142857,cone,cone
2287,70,44,1.5909090909090908,jl,cone
2288,17,17,1.0,lateral,lateral
2289,120,37,3.2432432432432434,jl,cone
2290,25,22,1.1363636363636365,cone,cone
2291,53,37,1.4324324324324325,jl,jl
2292,57,34,1.6764705882352942,cone,cone
2293,14,16,0.875,cone,cone
2294,25,25,1.0,cone,cone
2295,28,25,1.12,cone,cone
2296,84,75,1.12,cone,cone
2297,24,19,1.263157894736842,cone,cone
2298,15,26,0.5769230769230769,collision,cone
2299,93,33,2.8181818181818183,cone,cone
2300,42,42,1.0,lateral,lateral
2301,27,23,1.173913043478261,cone,cone
2302,49,67,0.7313432835820896,jl,jl
2303,15,27,0.5555555555555556,jl,cone
2304,13,32,0.40625,jl,cone
2305,44,32,1.375,cone,cone
2306,24,20,1.2,cone,cone
2307,27,40,0.675,jl,jl
2308,8,10,0.8,jl,jl
2309,74,60,1.2333333333333334,cone,cone
2310,28,20,1.4,cone,cone
2311,101,75,1.3466666666666667,jl,cone
2312,11,12,0.9166666666666666,cone,cone
2313,45,46,0.9782608695652174,cone,cone
2314,24,24,1.0,cone,cone
2315,34,34,1.0,lateral,cone
2316,31,29,1.0689655172413792,cone,cone
2317,49,48,1.0208333333333333,cone,cone
2318,28,25,1.12,cone,cone
2319,5,55,0.09090909090909091,jl,jl
2320,75,49,1.530612244897959,jl,cone
2321,19,25,0.76,jl,jl
2322,25,24,1.0416666666666667,cone,cone
2323,20,31,0.6451612903225806,jl,cone
2324,76,59,1.2881355932203389,cone,cone
2325,15,14,1.0714285714285714,cone,cone
2326,18,13,1.3846153846153846,cone,jl
2327,10,10,1.0,lateral,lateral
2328,29,26,1.1153846153846154,jl,cone
2329,31,23,1.3478260869565217,jl,cone
2330,18,17,1.0588235294117647,cone,cone
2331,74,45,1.6444444444444444,cone,cone
2332,18,18,1.0,cone,cone
2333,77,62,1.2419354838709677,cone,cone
2334,22,16,1.375,jl,cone
2335,48,36,1.3333333333333333,lateral,cone
2336,71,69,1.0289855072463767,cone,cone
2337,69,34,2.0294117647058822,lateral,cone
2338,15,32,0.46875,jl,jl
2339,105,88,1.1931818181818181,cone,cone
2340,19,19,1.0,cone,cone
2341,23,23,1.0,jl,jl
2342,27,21,1.2857142857142858,collision,cone
2343,34,25,1.36,jl,cone
2344,28,23,1.2173913043478262,cone,cone
2345,33,28,1.1785714285714286,cone,cone
2346,19,17,1.1176470588235294,cone,cone
2347,26,26,1.0,lateral,lateral
2348,83,31,2.6774193548387095,cone,cone
2349,73,80,0.9125,jl,cone
2350,60,54,1.1111111111111112,cone,cone
2351,36,32,1.125,cone,cone
2352,71,37,1.9189189189189189,jl,cone
2353,17,32,0.53125,jl,cone
2354,37,24,1.5416666666666667,jl,cone
2355,31,31,1.0,lateral,lateral
2356,21,18,1.1666666666666667,cone,cone
2357,8,28,0.2857142857142857,jl,cone
2358,50,22,2.272727272727273,cone,cone
2359,91,33,2.757575757575758,cone,cone
2360,54,54,1.0,lateral,cone
2361,31,31,1.0,lateral,lateral
2362,40,14,2.857142857142857,jl,cone
2363,45,49,0.9183673469387755,jl,jl
2364,90,32,2.8125,cone,cone
2365,56,55,1.018181818181818,lateral,cone
2366,6,16,0.375,jl,jl
2367,18,14,1.2857142857142858,cone,cone
2368,47,36,1.3055555555555556,jl,cone
2369,36,34,1.0588235294117647,cone,cone
2370,44,29,1.5172413793103448,jl,cone
2371,42,35,1.2,cone,cone
2372,15,32,0.46875,jl,jl
2373,48,41,1.170731707317073,cone,cone
2374,27,18,1.5,cone,cone
2375,36,34,1.0588235294117647,lateral,cone
2376,61,40,1.525,cone,cone
2377,37,37,1.0,lateral,lateral
2378,35,22,1.5909090909090908,cone,cone
2379,28,28,1.0,lateral,lateral
2380,23,22,1.0454545454545454,lateral,lateral
2381,17,17,1.0,jl,jl
2382,64,23,2.782608695652174,jl,cone
2383,42,36,1.1666666666666667,jl,cone
2384,54,35,1.542857142857143,jl,cone
2385,53,38,1.394736842105263,cone,cone
2386,41,27,1.5185185185185186,cone,cone
2387,10,10,1.0,jl,jl
2388,26,24,1.0833333333333333,cone,cone
2389,75,86,0.872093023255814,jl,cone
2390,60,50,1.2,cone,cone
2391,34,34,1.0,lateral,cone
2392,55,49,1.1224489795918366,cone,cone
2393,26,24,1.0833333333333333,cone,cone
2394,22,25,0.88,jl,cone
2395,91,73,1.2465753424657535,cone,cone
2396,18,18,1.0,cone,cone
2397,55,39,1.4102564102564104,cone,cone
2398,12,12,1.0,jl,jl
2399,34,14,2.4285714285714284,jl,jl
2400,11,12,0.9166666666666666,jl,jl
2401,19,17,1.1176470588235294,jl,jl
2402,63,49,1.2857142857142858,cone,cone
2403,24,29,0.8275862068965517,collision,cone
2404,27,32,0.84375,cone,cone
2405,52,44,1.1818181818181819,cone,cone
2406,109,71,1.5352112676056338,cone,cone
2407,68,39,1.7435897435897436,cone,cone
2408,25,25,1.0,jl,jl
2409,20,19,1.0526315789473684,cone,cone
2410,35,34,1.0294117647058822,cone,cone
2411,69,44,1.5681818181818181,cone,cone
2412,7,18,0.3888888888888889,jl,jl
2413,5,12,0.4166666666666667,jl,jl
2414,35,22,1.5909090909090908,jl,cone
2415,1,26,0.038461538461538464,jl,cone
2416,63,32,1.96875,cone,cone
2417,15,15,1.0,jl,jl
2418,34,25,1.36,cone,cone
2419,16,20,0.8,cone,cone
2420,33,44,0.75,jl,cone
2421,43,40,1.075,cone,cone
2422,16,26,0.6153846153846154,cone,cone
2423,75,43,1.744186046511628,cone,cone
2424,12,25,0.48,jl,cone
2425,61,50,1.22,cone,cone
2426,67,41,1.6341463414634145,cone,cone
2427,22,29,0.7586206896551724,jl,cone
2428,19,13,1.4615384615384615,jl,jl
2429,46,37,1.2432432432432432,cone,cone
2430,20,18,1.1111111111111112,cone,cone
2431,51,52,0.9807692307692307,cone,cone
2432,34,32,1.0625,cone,cone
2433,24,14,1.7142857142857142,jl,jl
2434,52,53,0.9811320754716981,lateral,lateral
2435,42,33,1.2727272727272727,cone,jl
2436,37,20,1.85,collision,cone
2437,99,32,3.09375,cone,cone
2438,107,84,1.2738095238095237,cone,cone
2439,22,22,1.0,jl,cone
2440,32,27,1.1851851851851851,cone,cone
2441,81,50,1.62,cone,cone
2442,26,22,1.1818181818181819,cone,cone
2443,47,54,0.8703703703703703,jl,jl
2444,50,45,1.1111111111111112,cone,cone
2445,33,20,1.65,jl,cone
2446,66,31,2.129032258064516,lateral,cone
2447,22,20,1.1,cone,collision
2448,53,38,1.394736842105263,cone,cone
2449,18,18,1.0,cone,cone
2450,44,35,1.2571428571428571,collision,cone
2451,18,26,0.6923076923076923,jl,cone
2452,48,35,1.3714285714285714,cone,cone
2453,15,25,0.6,jl,cone
2454,20,27,0.7407407407407407,jl,cone
2455,71,26,2.730769230769231,cone,cone
2456,17,19,0.8947368421052632,jl,cone
2457,57,47,1.2127659574468086,cone,cone
2458,103,95,1.0842105263157895,cone,cone
2459,38,26,1.4615384615384615,jl,cone
2460,64,49,1.3061224489795917,cone,cone
2461,116,109,1.0642201834862386,cone,cone
2462,47,36,1.3055555555555556,cone,cone
2463,47,38,1.236842105263158,cone,cone
2464,20,22,0.9090909090909091,cone,cone
2465,22,23,0.9565217391304348,cone,cone
2466,17,17,1.0,cone,cone
2467,32,24,1.3333333333333333,cone,cone
2468,44,29,1.5172413793103448,cone,cone
2469,20,20,1.0,cone,cone
2470,15,17,0.8823529411764706,jl,jl
2471,37,30,1.2333333333333334,cone,cone
2472,39,28,1.3928571428571428,jl,cone
2473,32,25,1.28,cone,cone
2474,49,47,1.0425531914893618,cone,cone
2475,77,49,1.5714285714285714,lateral,cone
2476,19,94,0.20212765957446807,jl,cone
2477,41,24,1.7083333333333333,cone,cone
2478,66,54,1.2222222222222223,jl,jl
2479,63,60,1.05,lateral,cone
2480,60,47,1.2765957446808511,cone,jl
2481,32,32,1.0,cone,cone
2482,18,18,1.0,cone,cone
2483,44,37,1.1891891891891893,cone,cone
2484,20,20,1.0,cone,cone
2485,39,39,1.0,cone,cone
2486,80,62,1.2903225806451613,cone,cone
2487,38,21,1.8095238095238095,cone,cone
2488,71,53,1.3396226415094339,jl,cone
2489,22,21,1.0476190476190477,cone,cone
2490,70,26,2.6923076923076925,cone,cone
2491,21,19,1.105263157894737,cone,cone
2492,31,18,1.7222222222222223,cone,jl
2493,59,43,1.372093023255814,cone,cone
2494,58,49,1.183673469387755,cone,cone
2495,80,55,1.4545454545454546,jl,cone
2496,12,21,0.5714285714285714,jl,jl
2497,66,44,1.5,jl,cone
2498,71,41,1.7317073170731707,cone,cone
2499,46,41,1.1219512195121952,cone,cone
2500,15,15,1.0,cone,cone
2501,17,17,1.0,cone,cone
2502,32,23,1.391304347826087,cone,cone
2503,63,63,1.0,lateral,lateral
2504,23,22,1.0454545454545454,cone,cone
2505,95,42,2.261904761904762,cone,cone
2506,48,53,0.9056603773584906,cone,cone
2507,29,25,1.16,cone,cone
2508,51,52,0.9807692307692307,cone,cone
2509,15,15,1.0,cone,cone
2510,31,30,1.0333333333333334,cone,cone
2511,47,46,1.0217391304347827,cone,cone
2512,40,40,1.0,cone,cone
2513,17,37,0.4594594594594595,jl,jl
2514,77,47,1.6382978723404256,lateral,cone
2515,54,48,1.125,jl,cone
2516,9,10,0.9,lateral,lateral
2517,88,79,1.1139240506329113,cone,cone
2518,39,30,1.3,cone,cone
2519,26,18,1.4444444444444444,jl,jl
2520,16,16,1.0,cone,cone
2521,5,43,0.11627906976744186,jl,lateral
2522,88,32,2.75,jl,cone
2523,63,36,1.75,cone,cone
2524,13,26,0.5,jl,jl
2525,34,35,0.9714285714285714,jl,cone
2526,6,18,0.3333333333333333,jl,cone
2527,20,52,0.38461538461538464,jl,jl
2528,98,50,1.96,cone,cone
2529,60,43,1.3953488372093024,cone,cone
2530,100,34,2.9411764705882355,cone,cone
2531,24,25,0.96,jl,jl
2532,15,20,0.75,collision,collision
2533,45,57,0.7894736842105263,jl,cone
2534,4,40,0.1,jl,cone
2535,40,39,1.0256410256410255,lateral,cone
2536,59,29,2.0344827586206895,lateral,cone
2537,19,97,0.1958762886597938,cone,cone
2538,43,38,1.131578947368421,cone,cone
2539,78,29,2.689655172413793,lateral,cone
2540,89,34,2.6176470588235294,cone,cone
2541,26,28,0.9285714285714286,jl,cone
2542,24,23,1.0434782608695652,cone,cone
2543,36,33,1.0909090909090908,cone,cone
2544,24,18,1.3333333333333333,lateral,cone
2545,58,22,2.6363636363636362,cone,cone
2546,48,49,0.9795918367346939,cone,cone
2547,21,20,1.05,cone,cone
2548,32,20,1.6,cone,cone
2549,42,42,1.0,lateral,lateral
2550,46,29,1.5862068965517242,cone,cone
2551,85,32,2.65625,cone,cone
2552,75,49,1.530612244897959,cone,cone
2553,27,29,0.9310344827586207,jl,cone
2554,60,51,1.1764705882352942,cone,cone
2555,52,39,1.3333333333333333,jl,cone
2556,27,28,0.9642857142857143,lateral,lateral
2557,78,67,1.164179104477612,cone,cone
2558,57,37,1.5405405405405406,cone,cone
2559,43,35,1.2285714285714286,cone,cone
2560,99,39,2.5384615384615383,jl,cone
2561,51,33,1.5454545454545454,cone,cone
2562,79,27,2.925925925925926,cone,jl
2563,65,41,1.5853658536585367,cone,cone
2564,58,42,1.380952380952381,cone,jl
2565,41,36,1.1388888888888888,cone,cone
2566,43,37,1.162162162162162,cone,cone
2567,27,21,1.2857142857142858,cone,cone
2568,28,29,0.9655172413793104,collision,cone
2569,78,12,6.5,jl,jl
2570,23,22,1.0454545454545454,cone,cone
2571,26,21,1.2380952380952381,lateral,cone
2572,27,27,1.0,cone,cone
2573,50,26,1.9230769230769231,cone,cone
2574,10,12,0.8333333333333334,jl,jl
2575,14,15,0.9333333333333333,jl,jl
2576,19,19,1.0,lateral,lateral
2577,22,27,0.8148148148148148,cone,cone
2578,22,21,1.0476190476190477,cone,cone
2579,18,18,1.0,lateral,lateral
2580,19,19,1.0,cone,cone
2581,96,78,1.2307692307692308,jl,cone
2582,55,45,1.2222222222222223,cone,cone
2583,24,24,1.0,cone,cone
2584,38,42,0.9047619047619048,cone,cone
2585,4,35,0.11428571428571428,jl,cone
2586,55,56,0.9821428571428571,jl,jl
2587,45,27,1.6666666666666667,cone,cone
2588,45,38,1.1842105263157894,cone,cone
2589,51,38,1.3421052631578947,cone,cone
2590,17,29,0.5862068965517241,cone,cone
2591,23,27,0.8518518518518519,collision,collision
2592,22,29,0.7586206896551724,cone,cone
2593,59,59,1.0,lateral,lateral
2594,99,18,5.5,cone,jl
2595,53,39,1.358974358974359,cone,cone
2596,38,38,1.0,lateral,lateral
2597,58,41,1.4146341463414633,cone,cone
2598,39,38,1.0263157894736843,cone,cone
2599,10,10,1.0,jl,collision
2600,10,10,1.0,lateral,lateral
2601,33,31,1.064516129032258,lateral,cone
2602,19,18,1.0555555555555556,cone,cone
2603,38,22,1.7272727272727273,cone,cone
2604,45,43,1.0465116279069768,cone,cone
2605,59,46,1.2826086956521738,jl,cone
2606,58,17,3.411764705882353,jl,cone
2607,1,34,0.029411764705882353,jl,cone
2608,52,50,1.04,cone,cone
2609,20,24,0.8333333333333334,jl,cone
2610,16,15,1.0666666666666667,cone,cone
2611,54,50,1.08,lateral,cone
2612,16,16,1.0,jl,cone
2613,55,40,1.375,cone,cone
2614,41,41,1.0,lateral,lateral
2615,31,34,0.9117647058823529,cone,cone
2616,56,48,1.1666666666666667,cone,cone
2617,14,27,0.5185185185185185,jl,lateral
2618,36,29,1.2413793103448276,cone,cone
2619,40,41,0.975609756097561,collision,cone
2620,57,45,1.2666666666666666,cone,cone
2621,120,27,4.444444444444445,jl,cone
2622,60,48,1.25,cone,cone
2623,22,21,1.0476190476190477,cone,cone
2624,23,23,1.0,lateral,lateral
2625,18,18,1.0,cone,cone
2626,26,22,1.1818181818181819,cone,cone
2627,22,21,1.0476190476190477,cone,cone
2628,27,28,0.9642857142857143,jl,jl
2629,29,31,0.9354838709677419,collision,collision
2630,42,34,1.2352941176470589,cone,cone
2631,98,49,2.0,cone,cone
2632,69,42,1.6428571428571428,cone,cone
2633,19,26,0.7307692307692307,cone,cone
2634,12,32,0.375,jl,jl
2635,51,46,1.108695652173913,lateral,cone
2636,16,18,0.8888888888888888,jl,jl
2637,21,20,1.05,cone,cone
2638,36,35,1.0285714285714285,cone,cone
2639,12,12,1.0,lateral,lateral
2640,50,36,1.3888888888888888,jl,cone
2641,31,26,1.1923076923076923,cone,cone
2642,36,31,1.1612903225806452,collision,cone
2643,18,17,1.0588235294117647,cone,cone
2644,17,26,0.6538461538461539,jl,jl
2645,80,29,2.7586206896551726,cone,cone
2646,29,25,1.16,cone,cone
2647,31,26,1.1923076923076923,cone,cone
2648,39,37,1.054054054054054,cone,cone
2649,32,24,1.3333333333333333,cone,cone
2650,70,67,1.044776119402985,cone,cone
2651,63,56,1.125,cone,jl
2652,40,27,1.4814814814814814,cone,cone
2653,16,15,1.0666666666666667,cone,cone
2654,60,41,1.4634146341463414,cone,cone
2655,81,80,1.0125,jl,jl
2656,94,47,2.0,cone,cone
2657,19,23,0.8260869565217391,cone,cone
2658,25,27,0.9259259259259259,cone,cone
2659,17,21,0.8095238095238095,jl,jl
2660,59,25,2.36,jl,cone
2661,52,52,1.0,lateral,lateral
2662,16,35,0.45714285714285713,jl,jl
2663,31,23,1.3478260869565217,cone,jl
2664,22,19,1.1578947368421053,cone,cone
2665,39,35,1.1142857142857143,lateral,cone
2666,44,38,1.1578947368421053,jl,cone
2667,26,52,0.5,cone,jl
2668,46,43,1.069767441860465,cone,cone
2669,29,23,1.2608695652173914,cone,cone
2670,39,32,1.21875,lateral,cone
2671,42,22,1.9090909090909092,jl,cone
2672,52,38,1.368421052631579,cone,cone
2673,15,15,1.0,lateral,lateral
2674,85,34,2.5,cone,cone
2675,31,27,1.1481481481481481,cone,cone
2676,20,19,1.0526315789473684,cone,cone
2677,14,14,1.0,lateral,lateral
2678,16,16,1.0,lateral,lateral
2679,32,32,1.0,cone,cone
2680,96,53,1.8113207547169812,cone,cone
2681,37,25,1.48,cone,cone
2682,7,22,0.3181818181818182,jl,jl
2683,44,105,0.41904761904761906,jl,jl
2684,7,13,0.5384615384615384,jl,jl
2685,16,24,0.6666666666666666,jl,cone
2686,8,31,0.25806451612903225,jl,cone
2687,73,67,1.0895522388059702,cone,cone
2688,56,40,1.4,cone,cone
2689,40,33,1.2121212121212122,cone,cone
2690,64,48,1.3333333333333333,cone,cone
2691,86,47,1.8297872340425532,cone,cone
2692,38,28,1.3571428571428572,cone,cone
2693,48,41,1.170731707317073,cone,cone
2694,36,31,1.1612903225806452,cone,cone
2695,29,17,1.7058823529411764,jl,jl
2696,43,42,1.0238095238095237,jl,jl
2697,17,32,0.53125,jl,cone
2698,12,14,0.8571428571428571,jl,jl
2699,110,110,1.0,cone,cone
2700,23,18,1.2777777777777777,cone,cone
2701,46,38,1.2105263157894737,lateral,cone
2702,16,15,1.0666666666666667,cone,cone
2703,61,36,1.6944444444444444,jl,cone
2704,38,31,1.2258064516129032,cone,cone
2705,38,28,1.3571428571428572,cone,cone
2706,37,42,0.8809523809523809,jl,jl
2707,96,43,2.2325581395348837,cone,jl
2708,50,45,1.1111111111111112,cone,cone
2709,16,14,1.1428571428571428,cone,cone
2710,57,35,1.6285714285714286,jl,cone
2711,24,23,1.0434782608695652,cone,cone
2712,30,27,1.1111111111111112,cone,cone
2713,16,15,1.0666666666666667,jl,jl
2714,28,28,1.0,cone,cone
2715,18,18,1.0,jl,jl
2716,33,31,1.064516129032258,cone,cone
2717,89,31,2.870967741935484,cone,cone
2718,54,40,1.35,cone,cone
2719,36,26,1.3846153846153846,collision,cone
2720,29,25,1.16,cone,cone
2721,23,21,1.0952380952380953,lateral,cone
2722,38,39,0.9743589743589743,jl,jl
2723,41,36,1.1388888888888888,cone,cone
2724,19,22,0.8636363636363636,jl,cone
2725,23,22,1.0454545454545454,cone,cone
2726,17,27,0.6296296296296297,jl,cone
2727,71,48,1.4791666666666667,lateral,cone
2728,31,24,1.2916666666666667,cone,cone
2729,23,22,1.0454545454545454,cone,cone
2730,30,30,1.0,lateral,lateral
2731,18,18,1.0,jl,cone
2732,29,69,0.42028985507246375,jl,cone
2733,61,44,1.3863636363636365,cone,cone
2734,22,19,1.1578947368421053,lateral,jl
2735,68,48,1.4166666666666667,cone,cone
2736,46,35,1.3142857142857143,lateral,cone
2737,42,35,1.2,cone,cone
2738,32,32,1.0,cone,cone
2739,99,27,3.6666666666666665,cone,cone
2740,32,27,1.1851851851851851,jl,cone
2741,47,37,1.2702702702702702,cone,cone
2742,57,34,1.6764705882352942,cone,cone
2743,119,22,5.409090909090909,cone,cone
2744,28,27,1.037037037037037,cone,cone
2745,30,29,1.0344827586206897,cone,cone
2746,16,16,1.0,cone,cone
2747,21,18,1.1666666666666667,cone,cone
2748,23,12,1.9166666666666667,cone,jl
2749,17,17,1.0,lateral,lateral
2750,18,17,1.0588235294117647,cone,cone
2751,85,39,2.1794871794871793,jl,cone
2752,38,43,0.8837209302325582,jl,cone
2753,27,21,1.2857142857142858,cone,cone
2754,22,19,1.1578947368421053,cone,cone
2755,21,23,0.9130434782608695,jl,jl
2756,54,39,1.3846153846153846,jl,cone
2757,73,55,1.3272727272727274,cone,cone
2758,54,41,1.3170731707317074,cone,cone
2759,50,29,1.7241379310344827,cone,cone
2760,72,25,2.88,cone,cone
2761,61,59,1.0338983050847457,cone,cone
2762,28,27,1.037037037037037,cone,cone
2763,34,33,1.0303030303030303,cone,cone
2764,26,28,0.9285714285714286,cone,cone
2765,85,33,2.5757575757575757,cone,cone
2766,29,30,0.9666666666666667,cone,cone
2767,57,77,0.7402597402597403,jl,lateral
2768,84,60,1.4,cone,cone
2769,27,22,1.2272727272727273,cone,cone
2770,65,43,1.5116279069767442,cone,cone
2771,22,21,1.0476190476190477,cone,cone
2772,16,15,1.0666666666666667,cone,cone
2773,25,20,1.25,cone,cone
2774,91,98,0.9285714285714286,jl,cone
2775,49,27,1.8148148148148149,cone,cone
2776,27,25,1.08,cone,cone
2777,63,60,1.05,cone,cone
2778,15,41,0.36585365853658536,jl,cone
2779,47,32,1.46875,jl,jl
2780,28,24,1.1666666666666667,cone,cone
2781,25,35,0.7142857142857143,jl,cone
2782,23,23,1.0,cone,cone
2783,25,23,1.0869565217391304,jl,jl
2784,15,15,1.0,cone,cone
2785,47,36,1.3055555555555556,cone,cone
2786,74,37,2.0,cone,cone
2787,35,35,1.0,cone,cone
2788,65,47,1.3829787234042554,cone,cone
2789,12,11,1.0909090909090908,cone,cone
2790,58,53,1.0943396226415094,cone,cone
2791,88,46,1.9130434782608696,cone,cone
2792,59,25,2.36,jl,cone
2793,51,26,1.9615384615384615,cone,cone
2794,64,41,1.5609756097560976,cone,cone
2795,39,27,1.4444444444444444,jl,cone
2796,10,11,0.9090909090909091,lateral,lateral
2797,49,44,1.1136363636363635,jl,jl
2798,30,27,1.1111111111111112,cone,cone
2799,39,39,1.0,lateral,lateral
2800,46,39,1.1794871794871795,jl,cone
2801,50,61,0.819672131147541,cone,lateral
2802,80,32,2.5,jl,cone
2803,61,55,1.1090909090909091,cone,cone
2804,82,26,3.1538461538461537,jl,cone
2805,49,44,1.1136363636363635,cone,cone
2806,47,42,1.119047619047619,cone,cone
2807,23,24,0.9583333333333334,jl,jl
2808,33,30,1.1,cone,cone
2809,43,34,1.2647058823529411,jl,cone
2810,35,27,1.2962962962962963,jl,cone
2811,47,40,1.175,cone,cone
2812,80,36,2.2222222222222223,cone,cone
2813,68,17,4.0,cone,cone
2814,1,12,0.08333333333333333,jl,jl
2815,19,27,0.7037037037037037,cone,cone
2816,23,21,1.0952380952380953,cone,cone
2817,46,46,1.0,lateral,lateral
2818,13,26,0.5,jl,cone
2819,24,27,0.8888888888888888,jl,cone
2820,23,21,1.0952380952380953,cone,cone
2821,92,84,1.0952380952380953,cone,cone
2822,39,58,0.6724137931034483,jl,cone
2823,11,11,1.0,cone,cone
2824,21,20,1.05,cone,cone
2825,65,27,2.4074074074074074,cone,cone
2826,45,34,1.3235294117647058,cone,cone
2827,30,25,1.2,cone,cone
2828,14,42,0.3333333333333333,jl,cone
2829,31,29,1.0689655172413792,cone,cone
2830,124,26,4.769230769230769,cone,cone
2831,11,29,0.3793103448275862,collision,collision
2832,18,18,1.0,cone,cone
2833,82,50,1.64,lateral,cone
2834,20,18,1.1111111111111112,cone,cone
2835,36,36,1.0,lateral,lateral
2836,30,30,1.0,jl,cone
2837,47,56,0.8392857142857143,jl,cone
2838,60,57,1.0526315789473684,jl,cone
2839,31,23,1.3478260869565217,jl,jl
2840,62,23,2.6956521739130435,collision,cone
2841,83,26,3.1923076923076925,cone,cone
2842,29,28,1.0357142857142858,lateral,cone
2843,92,66,1.393939393939394,cone,jl
2844,58,47,1.2340425531914894,cone,cone
2845,26,24,1.0833333333333333,cone,cone
2846,25,21,1.1904761904761905,cone,cone
2847,48,41,1.170731707317073,cone,cone
2848,16,15,1.0666666666666667,cone,cone
2849,24,23,1.0434782608695652,lateral,lateral
2850,30,34,0.8823529411764706,jl,cone
2851,41,24,1.7083333333333333,jl,cone
2852,27,19,1.4210526315789473,jl,jl
2853,26,22,1.1818181818181819,cone,cone
2854,2,38,0.05263157894736842,jl,cone
2855,46,45,1.0222222222222221,cone,cone
2856,19,18,1.0555555555555556,lateral,jl
2857,71,30,2.3666666666666667,cone,cone
2858,9,21,0.42857142857142855,jl,jl
2859,35,30,1.1666666666666667,cone,cone
2860,57,59,0.9661016949152542,lateral,lateral
2861,46,33,1.393939393939394,cone,cone
2862,49,48,1.0208333333333333,lateral,lateral
2863,56,47,1.1914893617021276,cone,cone
2864,27,26,1.0384615384615385,cone,cone
2865,91,75,1.2133333333333334,cone,cone
2866,36,36,1.0,cone,cone
2867,47,47,1.0,lateral,lateral
2868,13,13,1.0,lateral,lateral
2869,66,48,1.375,cone,cone
2870,22,23,0.9565217391304348,cone,cone
2871,63,63,1.0,lateral,lateral
2872,42,37,1.135135135135135,cone,cone
2873,119,34,3.5,cone,cone
2874,51,46,1.108695652173913,cone,cone
2875,91,10,9.1,cone,collision
2876,25,26,0.9615384615384616,jl,cone
2877,56,46,1.2173913043478262,cone,cone
2878,13,16,0.8125,cone,cone
2879,87,59,1.4745762711864407,cone,cone
2880,68,36,1.8888888888888888,jl,cone
2881,28,15,1.8666666666666667,jl,jl
2882,22,22,1.0,lateral,lateral
2883,24,19,1.263157894736842,cone,jl
2884,34,36,0.9444444444444444,jl,cone
2885,19,21,0.9047619047619048,cone,cone
2886,37,37,1.0,cone,cone
2887,33,32,1.03125,cone,cone
2888,80,21,3.8095238095238093,cone,cone
2889,18,17,1.0588235294117647,cone,cone
2890,21,24,0.875,jl,jl
2891,29,20,1.45,cone,cone
2892,28,23,1.2173913043478262,jl,cone
2893,113,30,3.7666666666666666,cone,cone
2894,33,22,1.5,cone,cone
2895,28,25,1.12,cone,cone
2896,32,28,1.1428571428571428,jl,jl
2897,1,39,0.02564102564102564,jl,cone
2898,16,15,1.0666666666666667,cone,cone
2899,14,14,1.0,lateral,lateral
2900,11,15,0.7333333333333333,jl,jl
2901,18,33,0.5454545454545454,jl,cone
2902,34,32,1.0625,cone,cone
2903,36,26,1.3846153846153846,cone,cone
2904,27,28,0.9642857142857143,cone,cone
2905,63,59,1.0677966101694916,cone,cone
2906,98,43,2.2790697674418605,jl,cone
2907,5,30,0.16666666666666666,jl,cone
2908,24,23,1.0434782608695652,cone,cone
2909,19,19,1.0,lateral,lateral
2910,26,25,1.04,cone,cone
2911,7,20,0.35,jl,jl
2912,84,39,2.1538461538461537,cone,cone
2913,59,43,1.372093023255814,cone,cone
2914,57,49,1.163265306122449,cone,cone
2915,40,38,1.0526315789473684,cone,cone
2916,43,42,1.0238095238095237,lateral,lateral
2917,27,36,0.75,jl,cone
2918,44,30,1.4666666666666666,cone,cone
2919,58,56,1.0357142857142858,cone,cone
2920,23,25,0.92,cone,cone
2921,51,43,1.186046511627907,cone,cone
2922,75,36,2.0833333333333335,jl,cone
2923,41,40,1.025,cone,cone
2924,1,41,0.024390243902439025,jl,cone
2925,71,62,1.1451612903225807,cone,cone
2926,46,46,1.0,lateral,lateral
2927,36,34,1.0588235294117647,cone,cone
2928,30,26,1.1538461538461537,cone,cone
2929,15,15,1.0,cone,cone
2930,88,32,2.75,cone,cone
2931,41,32,1.28125,cone,cone
2932,15,37,0.40540540540540543,jl,cone
2933,12,25,0.48,jl,jl
2934,11,15,0.7333333333333333,jl,jl
2935,18,18,1.0,cone,cone
2936,67,28,2.392857142857143,lateral,cone
2937,70,60,1.1666666666666667,cone,cone
2938,117,32,3.65625,cone,cone
2939,31,23,1.3478260869565217,jl,jl
2940,96,74,1.2972972972972974,cone,cone
2941,83,49,1.6938775510204083,cone,cone
2942,4,37,0.10810810810810811,jl,jl
2943,21,13,1.6153846153846154,cone,jl
2944,22,19,1.1578947368421053,cone,cone
2945,39,33,1.1818181818181819,lateral,cone
2946,27,22,1.2272727272727273,jl,jl
2947,42,39,1.0769230769230769,lateral,cone
2948,26,26,1.0,cone,cone
2949,15,24,0.625,jl,jl
2950,18,16,1.125,cone,cone
2951,54,54,1.0,lateral,lateral
2952,17,16,1.0625,cone,cone
2953,17,16,1.0625,cone,cone
2954,29,25,1.16,cone,cone
2955,28,31,0.9032258064516129,collision,cone
2956,55,21,2.619047619047619,jl,cone
2957,17,20,0.85,jl,jl
2958,21,19,1.105263157894737,cone,cone
2959,54,38,1.4210526315789473,cone,cone
2960,81,35,2.3142857142857145,cone,jl
2961,9,10,0.9,jl,lateral
2962,108,41,2.6341463414634148,jl,cone
2963,57,48,1.1875,jl,cone
2964,56,34,1.6470588235294117,jl,cone
2965,21,25,0.84,jl,jl
2966,18,18,1.0,lateral,lateral
2967,30,30,1.0,lateral,lateral
2968,79,72,1.0972222222222223,cone,cone
2969,6,11,0.5454545454545454,jl,jl
2970,62,58,1.0689655172413792,cone,cone
2971,136,25,5.44,cone,cone
2972,43,27,1.5925925925925926,jl,cone
2973,37,26,1.4230769230769231,cone,cone
2974,89,31,2.870967741935484,jl,cone
2975,38,35,1.0857142857142856,cone,cone
2976,66,24,2.75,jl,cone
2977,72,70,1.0285714285714285,cone,cone
2978,29,22,1.3181818181818181,cone,cone
2979,14,14,1.0,lateral,lateral
2980,49,42,1.1666666666666667,cone,cone
2981,27,34,0.7941176470588235,cone,cone
2982,53,41,1.2926829268292683,cone,cone
2983,50,31,1.6129032258064515,jl,cone
2984,45,32,1.40625,cone,cone
2985,41,20,2.05,cone,cone
2986,24,61,0.39344262295081966,jl,lateral
2987,29,29,1.0,cone,cone
2988,79,20,3.95,jl,cone
2989,51,37,1.3783783783783783,cone,cone
2990,66,34,1.9411764705882353,cone,cone
2991,52,38,1.368421052631579,cone,cone
2992,95,39,2.4358974358974357,cone,cone
2993,77,51,1.5098039215686274,lateral,cone
2994,64,55,1.1636363636363636,cone,cone
2995,28,25,1.12,cone,cone
2996,18,17,1.0588235294117647,cone,cone
2997,55,12,4.583333333333333,cone,jl
2998,45,45,1.0,lateral,lateral
2999,13,13,1.0,cone,cone
3000,17,17,1.0,cone,cone
3001,73,49,1.489795918367347,cone,cone
3002,46,36,1.2777777777777777,cone,cone
3003,10,10,1.0,jl,jl
3004,26,24,1.0833333333333333,cone,cone
3005,29,62,0.46774193548387094,jl,lateral
3006,46,43,1.069767441860465,cone,cone
3007,116,31,3.7419354838709675,cone,cone
3008,24,20,1.2,lateral,cone
3009,42,30,1.4,cone,cone
3010,41,28,1.4642857142857142,cone,cone
3011,61,54,1.1296296296296295,cone,cone
3012,20,25,0.8,cone,cone
3013,42,22,1.9090909090909092,cone,cone
3014,48,34,1.411764705882353,jl,jl
3015,88,74,1.1891891891891893,cone,cone
3016,25,25,1.0,cone,cone
3017,27,26,1.0384615384615385,cone,cone
3018,20,24,0.8333333333333334,cone,cone
3019,22,37,0.5945945945945946,jl,cone
3020,33,33,1.0,lateral,lateral
3021,29,27,1.0740740740740742,cone,cone
3022,47,47,1.0,lateral,lateral
3023,43,41,1.048780487804878,jl,cone
3024,45,39,1.1538461538461537,cone,cone
3025,74,30,2.466666666666667,cone,cone
3026,85,35,2.4285714285714284,cone,cone
3027,26,10,2.6,cone,jl
3028,30,27,1.1111111111111112,collision,cone
3029,120,23,5.217391304347826,cone,cone
3030,12,12,1.0,lateral,lateral
3031,38,25,1.52,cone,cone
3032,57,48,1.1875,cone,cone
3033,24,24,1.0,lateral,lateral
3034,69,24,2.875,cone,jl
3035,23,23,1.0,cone,cone
3036,18,18,1.0,cone,cone
3037,9,17,0.5294117647058824,jl,jl
3038,93,53,1.7547169811320755,jl,cone
3039,39,38,1.0263157894736843,jl,jl
3040,26,20,1.3,cone,cone
3041,77,43,1.7906976744186047,cone,cone
3042,37,29,1.2758620689655173,cone,cone
3043,85,46,1.8478260869565217,lateral,cone
3044,18,18,1.0,lateral,lateral
3045,16,41,0.3902439024390244,jl,cone
3046,15,54,0.2777777777777778,jl,lateral
3047,95,29,3.2758620689655173,cone,cone
3048,48,35,1.3714285714285714,cone,cone
3049,23,22,1.0454545454545454,jl,cone
3050,17,17,1.0,cone,cone
3051,21,26,0.8076923076923077,jl,cone
3052,44,42,1.0476190476190477,jl,jl
3053,1,22,0.045454545454545456,jl,cone
3054,24,22,1.0909090909090908,cone,cone
3055,9,19,0.47368421052631576,jl,cone
3056,24,24,1.0,jl,jl
3057,14,16,0.875,jl,jl
3058,60,48,1.25,cone,cone
3059,39,30,1.3,cone,cone
3060,22,22,1.0,lateral,lateral
3061,29,23,1.2608695652173914,cone,cone
3062,24,22,1.0909090909090908,cone,cone
3063,56,50,1.12,jl,jl
3064,70,60,1.1666666666666667,cone,cone
3065,5,18,0.2777777777777778,jl,jl
3066,81,48,1.6875,cone,cone
3067,56,42,1.3333333333333333,cone,cone
3068,38,26,1.4615384615384615,cone,cone
3069,30,26,1.1538461538461537,cone,cone
3070,38,31,1.2258064516129032,cone,cone
3071,48,48,1.0,jl,cone
3072,49,27,1.8148148148148149,cone,cone
3073,42,26,1.6153846153846154,cone,cone
3074,40,33,1.2121212121212122,cone,cone
3075,75,65,1.1538461538461537,cone,cone
3076,48,42,1.1428571428571428,cone,cone
3077,71,34,2.088235294117647,jl,cone
3078,61,36,1.6944444444444444,cone,cone
3079,13,13,1.0,cone,cone
3080,39,34,1.1470588235294117,cone,cone
3081,78,58,1.3448275862068966,cone,cone
3082,15,15,1.0,lateral,lateral
3083,31,31,1.0,jl,jl
3084,34,22,1.5454545454545454,cone,cone
3085,15,15,1.0,cone,cone
3086,54,28,1.9285714285714286,cone,cone
3087,26,18,1.4444444444444444,cone,cone
3088,52,44,1.1818181818181819,cone,cone
3089,15,25,0.6,jl,cone
3090,32,23,1.391304347826087,cone,cone
3091,24,19,1.263157894736842,cone,cone
3092,27,22,1.2272727272727273,cone,jl
3093,15,16,0.9375,lateral,lateral
3094,27,26,1.0384615384615385,jl,cone
3095,83,50,1.66,cone,cone
3096,30,37,0.8108108108108109,jl,cone
3097,25,19,1.3157894736842106,cone,cone
3098,24,29,0.8275862068965517,cone,cone
3099,57,48,1.1875,lateral,cone
3100,11,13,0.8461538461538461,jl,jl
3101,36,35,1.0285714285714285,lateral,lateral
3102,13,12,1.0833333333333333,lateral,lateral
3103,29,29,1.0,lateral,lateral
3104,63,36,1.75,cone,cone
3105,21,20,1.05,cone,cone
3106,97,25,3.88,lateral,cone
3107,33,29,1.1379310344827587,cone,cone
3108,94,33,2.8484848484848486,cone,cone
3109,67,30,2.2333333333333334,cone,cone
3110,25,25,1.0,cone,cone
3111,47,40,1.175,jl,cone
3112,26,26,1.0,jl,jl
3113,39,36,1.0833333333333333,lateral,cone
3114,123,28,4.392857142857143,cone,cone
3115,33,33,1.0,jl,cone
3116,39,39,1.0,lateral,lateral
3117,76,28,2.7142857142857144,cone,cone
3118,59,58,1.0172413793103448,lateral,lateral
3119,63,24,2.625,cone,jl
3120,46,25,1.84,jl,jl
3121,35,24,1.4583333333333333,cone,cone
3122,11,11,1.0,cone,cone
3123,42,36,1.1666666666666667,jl,cone
3124,1,72,0.013888888888888888,jl,cone
3125,33,25,1.32,jl,cone
3126,28,33,0.8484848484848485,jl,cone
3127,60,47,1.2765957446808511,cone,cone
3128,17,21,0.8095238095238095,jl,jl
3129,24,27,0.8888888888888888,jl,jl
3130,55,55,1.0,lateral,lateral
3131,86,43,2.0,lateral,cone
3132,27,27,1.0,lateral,lateral
3133,19,22,0.8636363636363636,cone,cone
3134,44,22,2.0,cone,cone
3135,13,13,1.0,lateral,lateral
3136,65,46,1.4130434782608696,cone,cone
3137,51,51,1.0,lateral,lateral
3138,20,18,1.1111111111111112,cone,jl
3139,31,34,0.9117647058823529,cone,cone
3140,32,25,1.28,cone,cone
3141,98,87,1.1264367816091954,cone,cone
3142,45,40,1.125,jl,cone
3143,20,14,1.4285714285714286,jl,jl
3144,43,30,1.4333333333333333,cone,cone
3145,41,40,1.025,jl,cone
3146,20,20,1.0,cone,cone
3147,2,34,0.058823529411764705,jl,jl
3148,37,22,1.6818181818181819,cone,cone
3149,82,64,1.28125,cone,cone
3150,48,48,1.0,cone,cone
3151,54,31,1.7419354838709677,jl,cone
3152,102,95,1.0736842105263158,jl,cone
3153,53,51,1.0392156862745099,lateral,cone
3154,81,79,1.0253164556962024,cone,cone
3155,8,33,0.24242424242424243,jl,cone
3156,9,20,0.45,jl,cone
3157,64,50,1.28,cone,cone
3158,55,32,1.71875,cone,cone
3159,86,55,1.5636363636363637,lateral,cone
3160,65,53,1.2264150943396226,lateral,cone
3161,65,51,1.2745098039215685,jl,cone
3162,34,41,0.8292682926829268,jl,jl
3163,63,25,2.52,cone,cone
3164,17,15,1.1333333333333333,jl,jl
3165,66,59,1.11864406779661,cone,cone
3166,22,30,0.7333333333333333,jl,jl
3167,111,34,3.264705882352941,cone,cone
3168,46,48,0.9583333333333334,cone,cone
3169,60,43,1.3953488372093024,cone,cone
3170,12,19,0.631578947368421,jl,jl
3171,13,14,0.9285714285714286,cone,cone
3172,14,13,1.0769230769230769,jl,jl
3173,31,31,1.0,jl,cone
3174,37,37,1.0,jl,cone
3175,45,40,1.125,cone,cone
3176,58,30,1.9333333333333333,cone,cone
3177,12,11,1.0909090909090908,collision,jl
3178,73,56,1.3035714285714286,cone,cone
3179,28,20,1.4,cone,cone
3180,21,19,1.105263157894737,cone,cone
3181,10,15,0.6666666666666666,jl,cone
3182,58,43,1.3488372093023255,cone,cone
3183,79,28,2.8214285714285716,jl,cone
3184,19,19,1.0,lateral,lateral
3185,15,18,0.8333333333333334,jl,jl
3186,65,40,1.625,cone,cone
3187,18,18,1.0,lateral,lateral
3188,43,38,1.131578947368421,cone,cone
3189,39,36,1.0833333333333333,cone,cone
3190,46,51,0.9019607843137255,cone,cone
3191,48,10,4.8,cone,jl
3192,67,38,1.763157894736842,cone,cone
3193,61,25,2.44,cone,cone
3194,10,10,1.0,cone,cone
3195,43,34,1.2647058823529411,cone,cone
3196,38,35,1.0857142857142856,cone,cone
3197,41,31,1.3225806451612903,cone,cone
3198,18,26,0.6923076923076923,jl,jl
3199,34,30,1.1333333333333333,cone,cone
3200,37,30,1.2333333333333334,cone,cone
3201,22,24,0.9166666666666666,cone,cone
3202,24,36,0.6666666666666666,jl,jl
3203,72,33,2.1818181818181817,jl,cone
3204,29,28,1.0357142857142858,jl,cone
3205,9,37,0.24324324324324326,jl,jl
3206,18,17,1.0588235294117647,cone,cone
3207,73,36,2.0277777777777777,jl,cone
3208,62,62,1.0,lateral,lateral
3209,29,15,1.9333333333333333,jl,jl
3210,22,24,0.9166666666666666,jl,cone
3211,121,29,4.172413793103448,cone,cone
3212,10,11,0.9090909090909091,lateral,lateral
3213,103,86,1.197674418604651,cone,cone
3214,21,21,1.0,cone,cone
3215,45,45,1.0,lateral,lateral
3216,19,20,0.95,cone,cone
3217,44,39,1.1282051282051282,cone,cone
3218,47,49,0.9591836734693877,cone,cone
3219,24,24,1.0,cone,cone
3220,16,17,0.9411764705882353,jl,cone
3221,23,24,0.9583333333333334,jl,cone
3222,26,36,0.7222222222222222,jl,jl
3223,50,31,1.6129032258064515,cone,jl
3224,17,19,0.8947368421052632,cone,cone
3225,102,35,2.914285714285714,cone,cone
3226,33,27,1.2222222222222223,collision,cone
3227,46,39,1.1794871794871795,cone,cone
3228,16,16,1.0,lateral,lateral
3229,14,14,1.0,cone,cone
3230,54,15,3.6,cone,jl
3231,56,44,1.2727272727272727,jl,cone
3232,30,30,1.0,cone,cone
3233,32,22,1.4545454545454546,jl,cone
3234,60,45,1.3333333333333333,cone,cone
3235,18,18,1.0,cone,cone
3236,58,60,0.9666666666666667,jl,cone
3237,62,47,1.3191489361702127,cone,cone
3238,59,51,1.1568627450980393,jl,cone
3239,54,34,1.588235294117647,cone,cone
3240,67,36,1.8611111111111112,cone,cone
3241,69,70,0.9857142857142858,jl,cone
3242,67,27,2.4814814814814814,lateral,cone
3243,30,30,1.0,lateral,lateral
3244,10,12,0.8333333333333334,jl,jl
3245,50,51,0.9803921568627451,jl,jl
3246,15,15,1.0,cone,jl
3247,74,47,1.574468085106383,cone,cone
3248,35,30,1.1666666666666667,cone,cone
3249,25,22,1.1363636363636365,lateral,cone
3250,27,56,0.48214285714285715,jl,jl
3251,59,45,1.3111111111111111,cone,cone
3252,19,18,1.0555555555555556,cone,cone
3253,34,33,1.0303030303030303,cone,cone
3254,50,39,1.2820512820512822,cone,cone
3255,9,18,0.5,jl,jl
3256,38,38,1.0,lateral,lateral
3257,52,45,1.1555555555555554,cone,cone
3258,54,37,1.4594594594594594,cone,cone
3259,4,30,0.13333333333333333,jl,cone
3260,10,27,0.37037037037037035,jl,cone
3261,58,46,1.2608695652173914,cone,cone
3262,32,34,0.9411764705882353,cone,cone
3263,27,24,1.125,jl,cone
3264,24,31,0.7741935483870968,cone,cone
3265,21,18,1.1666666666666667,cone,cone
3266,40,33,1.2121212121212122,cone,cone
3267,18,78,0.23076923076923078,jl,cone
3268,11,11,1.0,lateral,lateral
3269,29,22,1.3181818181818181,jl,cone
3270,19,24,0.7916666666666666,cone,cone
3271,10,34,0.29411764705882354,jl,cone
3272,102,21,4.857142857142857,cone,cone
3273,20,19,1.0526315789473684,cone,cone
3274,128,39,3.282051282051282,cone,cone
3275,113,35,3.2285714285714286,jl,cone
3276,7,13,0.5384615384615384,collision,collision
3277,14,13,1.0769230769230769,cone,cone
3278,15,17,0.8823529411764706,jl,cone
3279,52,58,0.896551724137931,cone,lateral
3280,71,50,1.42,cone,cone
3281,14,13,1.0769230769230769,cone,cone
3282,23,22,1.0454545454545454,jl,cone
3283,30,36,0.8333333333333334,jl,jl
3284,27,53,0.5094339622641509,jl,cone
3285,24,25,0.96,lateral,lateral
3286,55,42,1.3095238095238095,cone,cone
3287,75,78,0.9615384615384616,jl,cone
3288,116,31,3.7419354838709675,jl,cone
3289,37,35,1.0571428571428572,cone,cone
3290,20,34,0.5882352941176471,jl,cone
3291,60,48,1.25,cone,cone
3292,74,41,1.8048780487804879,jl,cone
3293,35,29,1.206896551724138,cone,cone
3294,34,34,1.0,cone,cone
3295,56,34,1.6470588235294117,cone,cone
3296,22,20,1.1,cone,cone
3297,57,47,1.2127659574468086,cone,cone
3298,94,31,3.032258064516129,cone,cone
3299,31,28,1.1071428571428572,cone,cone
3300,84,57,1.4736842105263157,jl,cone
3301,27,28,0.9642857142857143,lateral,lateral
3302,84,63,1.3333333333333333,cone,cone
3303,28,23,1.2173913043478262,cone,cone
3304,44,39,1.1282051282051282,cone,cone
3305,57,56,1.0178571428571428,cone,cone
3306,43,49,0.8775510204081632,cone,cone
3307,18,18,1.0,cone,cone
3308,27,22,1.2272727272727273,cone,cone
3309,101,24,4.208333333333333,jl,cone
3310,60,51,1.1764705882352942,cone,cone
3311,72,55,1.309090909090909,cone,cone
3312,24,23,1.0434782608695652,cone,cone
3313,30,26,1.1538461538461537,cone,cone
3314,18,26,0.6923076923076923,jl,jl
3315,40,31,1.2903225806451613,cone,cone
3316,22,18,1.2222222222222223,cone,cone
3317,14,14,1.0,cone,cone
3318,52,52,1.0,cone,cone
3319,12,12,1.0,lateral,lateral
3320,1,39,0.02564102564102564,jl,cone
3321,43,31,1.3870967741935485,jl,cone
3322,4,10,0.4,collision,collision
3323,33,26,1.2692307692307692,cone,cone
3324,63,79,0.7974683544303798,jl,jl
3325,21,20,1.05,cone,cone
3326,31,26,1.1923076923076923,cone,cone
3327,46,25,1.84,cone,cone
3328,21,18,1.1666666666666667,collision,collision
3329,41,24,1.7083333333333333,cone,cone
3330,40,41,0.975609756097561,jl,jl
3331,45,36,1.25,cone,cone
3332,18,18,1.0,lateral,lateral
3333,28,28,1.0,lateral,lateral
3334,22,18,1.2222222222222223,cone,cone
3335,31,28,1.1071428571428572,cone,cone
3336,23,24,0.9583333333333334,cone,cone
3337,5,27,0.18518518518518517,jl,cone
3338,20,20,1.0,cone,cone
3339,12,39,0.3076923076923077,jl,cone
3340,27,27,1.0,cone,cone
3341,3,11,0.2727272727272727,jl,jl
3342,23,33,0.696969696969697,jl,cone
3343,86,76,1.131578947368421,jl,jl
3344,18,18,1.0,cone,cone
3345,32,25,1.28,cone,cone
3346,42,44,0.9545454545454546,cone,cone
3347,40,32,1.25,cone,cone
3348,57,57,1.0,cone,cone
3349,7,41,0.17073170731707318,jl,cone
3350,8,39,0.20512820512820512,jl,cone
3351,23,22,1.0454545454545454,cone,cone
3352,24,22,1.0909090909090908,cone,cone
3353,43,35,1.2285714285714286,cone,cone
3354,52,40,1.3,cone,cone
3355,40,41,0.975609756097561,cone,cone
3356,14,14,1.0,lateral,lateral
3357,11,10,1.1,cone,cone
3358,25,31,0.8064516129032258,jl,cone
3359,31,27,1.1481481481481481,cone,cone
3360,21,20,1.05,cone,cone
3361,13,13,1.0,cone,cone
3362,31,31,1.0,lateral,lateral
3363,53,50,1.06,lateral,lateral
3364,37,25,1.48,cone,jl
3365,19,24,0.7916666666666666,cone,cone
3366,27,23,1.173913043478261,cone,cone
3367,15,106,0.14150943396226415,jl,cone
3368,34,41,0.8292682926829268,cone,cone
3369,36,31,1.1612903225806452,cone,cone
3370,54,11,4.909090909090909,cone,cone
3371,45,35,1.2857142857142858,cone,cone
3372,51,41,1.2439024390243902,cone,cone
3373,121,51,2.372549019607843,cone,cone
3374,54,41,1.3170731707317074,cone,cone
3375,39,37,1.054054054054054,cone,cone
3376,9,21,0.42857142857142855,jl,cone
3377,61,13,4.6923076923076925,cone,jl
3378,77,70,1.1,cone,cone
3379,47,34,1.3823529411764706,cone,cone
3380,22,23,0.9565217391304348,cone,cone
3381,80,53,1.509433962264151,cone,cone
3382,65,48,1.3541666666666667,jl,cone
3383,16,16,1.0,lateral,lateral
3384,75,44,1.7045454545454546,cone,cone
3385,70,45,1.5555555555555556,cone,cone
3386,45,40,1.125,cone,cone
3387,46,33,1.393939393939394,cone,cone
3388,53,26,2.0384615384615383,cone,cone
3389,37,49,0.7551020408163265,jl,cone
3390,19,34,0.5588235294117647,jl,cone
3391,20,21,0.9523809523809523,cone,cone
3392,71,69,1.0289855072463767,cone,cone
3393,19,28,0.6785714285714286,jl,lateral
3394,67,77,0.8701298701298701,cone,lateral
3395,1,17,0.058823529411764705,jl,cone
3396,18,18,1.0,cone,cone
3397,40,34,1.1764705882352942,jl,cone
3398,29,29,1.0,cone,cone
3399,49,35,1.4,jl,cone
3400,46,47,0.9787234042553191,cone,cone
3401,1,27,0.037037037037037035,jl,jl
3402,31,17,1.8235294117647058,cone,cone
3403,23,24,0.9583333333333334,cone,cone
3404,26,19,1.368421052631579,cone,cone
3405,10,26,0.38461538461538464,jl,cone
3406,67,38,1.763157894736842,cone,jl
3407,63,56,1.125,cone,cone
3408,95,30,3.1666666666666665,jl,cone
3409,33,32,1.03125,cone,cone
3410,42,33,1.2727272727272727,cone,cone
3411,51,29,1.7586206896551724,cone,cone
3412,34,23,1.4782608695652173,cone,cone
3413,33,27,1.2222222222222223,cone,cone
3414,45,39,1.1538461538461537,cone,cone
3415,1,20,0.05,jl,cone
3416,38,38,1.0,lateral,lateral
3417,68,63,1.0793650793650793,jl,cone
3418,29,29,1.0,lateral,cone
3419,25,24,1.0416666666666667,cone,cone
3420,72,26,2.769230769230769,cone,cone
3421,44,35,1.2571428571428571,cone,cone
3422,24,28,0.8571428571428571,cone,cone
3423,36,31,1.1612903225806452,cone,cone
3424,21,25,0.84,jl,cone
3425,50,35,1.4285714285714286,jl,cone
3426,57,47,1.2127659574468086,cone,cone
3427,19,28,0.6785714285714286,cone,cone
3428,45,49,0.9183673469387755,cone,lateral
3429,32,28,1.1428571428571428,cone,cone
3430,20,18,1.1111111111111112,cone,cone
3431,16,31,0.5161290322580645,jl,cone
3432,22,22,1.0,cone,cone
3433,42,33,1.2727272727272727,cone,cone
3434,9,27,0.3333333333333333,jl,jl
3435,26,25,1.04,cone,cone
3436,46,34,1.3529411764705883,jl,cone
3437,65,51,1.2745098039215685,cone,cone
3438,21,21,1.0,cone,cone
3439,9,10,0.9,lateral,lateral
3440,41,34,1.2058823529411764,cone,cone
3441,34,34,1.0,lateral,lateral
3442,26,23,1.1304347826086956,cone,cone
3443,36,20,1.8,cone,cone
3444,25,47,0.5319148936170213,jl,cone
3445,25,22,1.1363636363636365,cone,cone
3446,85,26,3.269230769230769,jl,cone
3447,20,26,0.7692307692307693,jl,jl
3448,37,35,1.0571428571428572,cone,cone
3449,24,20,1.2,cone,cone
3450,50,30,1.6666666666666667,cone,cone
3451,22,17,1.2941176470588236,cone,cone
3452,58,59,0.9830508474576272,cone,cone
3453,66,45,1.4666666666666666,jl,cone
3454,86,99,0.8686868686868687,jl,cone
3455,68,66,1.0303030303030303,cone,cone
3456,27,24,1.125,cone,cone
3457,23,23,1.0,cone,cone
3458,8,42,0.19047619047619047,jl,cone
3459,61,53,1.150943396226415,cone,cone
3460,26,28,0.9285714285714286,cone,cone
3461,33,32,1.03125,cone,cone
3462,34,27,1.2592592592592593,cone,cone
3463,33,37,0.8918918918918919,cone,cone
3464,49,42,1.1666666666666667,jl,jl
3465,19,28,0.6785714285714286,cone,cone
3466,28,26,1.0769230769230769,cone,cone
3467,30,31,0.967741935483871,jl,cone
3468,61,66,0.9242424242424242,jl,cone
3469,49,44,1.1136363636363635,jl,cone
3470,42,33,1.2727272727272727,cone,cone
3471,21,21,1.0,lateral,lateral
3472,58,57,1.0175438596491229,cone,cone
3473,48,34,1.411764705882353,cone,cone
3474,20,19,1.0526315789473684,cone,cone
3475,10,10,1.0,lateral,lateral
3476,61,44,1.3863636363636365,cone,cone
3477,12,16,0.75,jl,jl
3478,69,56,1.2321428571428572,cone,cone
3479,33,24,1.375,collision,cone
3480,60,34,1.7647058823529411,cone,cone
3481,17,21,0.8095238095238095,cone,cone
3482,30,30,1.0,lateral,lateral
3483,43,42,1.0238095238095237,lateral,lateral
3484,27,23,1.173913043478261,cone,cone
3485,25,25,1.0,cone,cone
3486,29,27,1.0740740740740742,jl,jl
3487,18,16,1.125,cone,cone
3488,65,39,1.6666666666666667,cone,cone
3489,12,12,1.0,lateral,lateral
3490,13,10,1.3,collision,collision
3491,31,30,1.0333333333333334,jl,cone
3492,126,41,3.073170731707317,cone,cone
3493,46,50,0.92,cone,cone
3494,114,105,1.0857142857142856,cone,cone
3495,46,38,1.2105263157894737,cone,cone
3496,59,45,1.3111111111111111,cone,cone
3497,18,32,0.5625,cone,cone
3498,25,28,0.8928571428571429,jl,jl
3499,100,30,3.3333333333333335,cone,cone
3500,30,29,1.0344827586206897,cone,cone
3501,20,26,0.7692307692307693,cone,cone
3502,25,24,1.0416666666666667,jl,jl
3503,49,49,1.0,lateral,lateral
3504,26,24,1.0833333333333333,cone,cone
3505,5,33,0.15151515151515152,jl,cone
3506,22,23,0.9565217391304348,cone,cone
3507,35,34,1.0294117647058822,cone,cone
3508,60,43,1.3953488372093024,cone,cone
3509,70,31,2.2580645161290325,cone,cone
3510,18,17,1.0588235294117647,cone,cone
3511,35,35,1.0,cone,cone
3512,30,29,1.0344827586206897,cone,cone
3513,65,24,2.7083333333333335,cone,cone
3514,13,14,0.9285714285714286,lateral,lateral
3515,47,40,1.175,jl,jl
3516,96,32,3.0,cone,cone
3517,61,34,1.7941176470588236,cone,cone
3518,34,29,1.1724137931034482,cone,cone
3519,27,25,1.08,cone,cone
3520,34,30,1.1333333333333333,jl,cone
3521,62,31,2.0,cone,cone
3522,58,37,1.5675675675675675,cone,cone
3523,56,55,1.018181818181818,jl,cone
3524,73,28,2.607142857142857,cone,cone
3525,26,27,0.9629629629629629,jl,jl
3526,67,74,0.9054054054054054,cone,lateral
3527,31,30,1.0333333333333334,cone,jl
3528,66,29,2.2758620689655173,lateral,cone
3529,68,48,1.4166666666666667,cone,cone
3530,52,52,1.0,lateral,jl
3531,15,15,1.0,lateral,lateral
3532,72,36,2.0,jl,cone
3533,91,67,1.3582089552238805,cone,cone
3534,13,24,0.5416666666666666,jl,cone
3535,33,61,0.5409836065573771,jl,jl
3536,23,24,0.9583333333333334,cone,cone
3537,41,40,1.025,cone,cone
3538,54,54,1.0,lateral,lateral
3539,17,17,1.0,cone,cone
3540,13,28,0.4642857142857143,jl,cone
3541,84,29,2.896551724137931,cone,cone
3542,51,36,1.4166666666666667,cone,cone
3543,15,16,0.9375,cone,cone
3544,24,23,1.0434782608695652,cone,cone
3545,57,57,1.0,lateral,lateral
3546,32,29,1.103448275862069,cone,cone
3547,55,32,1.71875,jl,cone
3548,13,14,0.9285714285714286,jl,jl
3549,25,22,1.1363636363636365,cone,cone
3550,27,26,1.0384615384615385,cone,cone
3551,28,55,0.509090909090909,jl,lateral
3552,38,14,2.7142857142857144,cone,jl
3553,27,27,1.0,cone,cone
3554,33,17,1.9411764705882353,cone,jl
3555,17,25,0.68,cone,cone
3556,24,24,1.0,cone,cone
3557,18,18,1.0,cone,cone
3558,78,47,1.6595744680851063,cone,cone
3559,22,18,1.2222222222222223,cone,jl
3560,55,45,1.2222222222222223,cone,cone
3561,35,32,1.09375,cone,cone
3562,70,58,1.206896551724138,cone,cone
3563,41,35,1.1714285714285715,cone,cone
3564,19,19,1.0,cone,jl
3565,81,72,1.125,cone,cone
3566,37,59,0.6271186440677966,jl,jl
3567,24,25,0.96,cone,cone
3568,77,60,1.2833333333333334,jl,cone
3569,81,50,1.62,cone,cone
3570,32,22,1.4545454545454546,cone,jl
3571,38,43,0.8837209302325582,jl,cone
3572,77,72,1.0694444444444444,cone,cone
3573,63,54,1.1666666666666667,cone,cone
3574,26,26,1.0,cone,cone
3575,112,39,2.871794871794872,jl,cone
3576,25,23,1.0869565217391304,cone,cone
3577,36,28,1.2857142857142858,jl,jl
3578,81,37,2.189189189189189,cone,cone
3579,50,45,1.1111111111111112,lateral,cone
3580,37,30,1.2333333333333334,cone,cone
3581,52,14,3.7142857142857144,cone,cone
3582,55,40,1.375,lateral,cone
3583,20,21,0.9523809523809523,jl,cone
3584,77,73,1.0547945205479452,cone,cone
3585,43,37,1.162162162162162,jl,cone
3586,16,17,0.9411764705882353,cone,cone
3587,22,18,1.2222222222222223,cone,cone
3588,78,59,1.3220338983050848,cone,cone
3589,19,17,1.1176470588235294,cone,cone
3590,32,32,1.0,lateral,cone
3591,24,24,1.0,lateral,lateral
3592,50,61,0.819672131147541,jl,cone
3593,19,17,1.1176470588235294,cone,cone
3594,34,15,2.2666666666666666,cone,jl
3595,11,14,0.7857142857142857,jl,jl
3596,34,34,1.0,cone,cone
3597,40,37,1.0810810810810811,jl,cone
3598,82,50,1.64,cone,cone
3599,33,28,1.1785714285714286,collision,cone
3600,13,13,1.0,lateral,lateral
3601,81,65,1.2461538461538462,cone,cone
3602,28,24,1.1666666666666667,cone,cone
3603,70,42,1.6666666666666667,cone,cone
3604,50,12,4.166666666666667,cone,jl
3605,44,35,1.2571428571428571,cone,cone
3606,31,29,1.0689655172413792,lateral,cone
3607,56,36,1.5555555555555556,cone,cone
3608,39,38,1.0263157894736843,jl,cone
3609,25,21,1.1904761904761905,cone,cone
3610,47,41,1.146341463414634,jl,jl
3611,21,20,1.05,cone,cone
3612,18,17,1.0588235294117647,cone,cone
3613,53,21,2.5238095238095237,jl,jl
3614,57,56,1.0178571428571428,cone,cone
3615,53,42,1.2619047619047619,cone,cone
3616,20,19,1.0526315789473684,cone,cone
3617,34,26,1.3076923076923077,cone,cone
3618,24,34,0.7058823529411765,cone,cone
3619,86,20,4.3,cone,cone
3620,53,44,1.2045454545454546,jl,cone
3621,33,23,1.434782608695652,cone,cone
3622,48,38,1.263157894736842,jl,cone
3623,27,24,1.125,cone,cone
3624,28,25,1.12,jl,jl
3625,23,25,0.92,jl,cone
3626,84,35,2.4,cone,cone
3627,9,10,0.9,jl,jl
3628,48,47,1.0212765957446808,jl,cone
3629,51,21,2.4285714285714284,cone,cone
3630,85,54,1.5740740740740742,jl,cone
3631,35,28,1.25,cone,cone
3632,28,50,0.56,jl,jl
3633,27,25,1.08,cone,cone
3634,77,56,1.375,cone,cone
3635,39,25,1.56,cone,cone
3636,6,12,0.5,jl,jl
3637,56,40,1.4,cone,cone
3638,32,30,1.0666666666666667,jl,jl
3639,62,34,1.8235294117647058,jl,cone
3640,82,45,1.8222222222222222,cone,cone
3641,48,35,1.3714285714285714,cone,cone
3642,91,48,1.8958333333333333,cone,cone
3643,53,46,1.1521739130434783,jl,cone
3644,51,45,1.1333333333333333,jl,jl
3645,35,26,1.3461538461538463,jl,cone
3646,14,15,0.9333333333333333,jl,jl
3647,19,19,1.0,cone,cone
3648,22,22,1.0,cone,cone
3649,25,24,1.0416666666666667,cone,cone
3650,21,25,0.84,cone,cone
3651,47,51,0.9215686274509803,cone,cone
3652,7,58,0.1206896551724138,jl,cone
3653,114,20,5.7,lateral,cone
3654,39,43,0.9069767441860465,jl,jl
3655,77,46,1.673913043478261,cone,cone
3656,101,23,4.391304347826087,cone,cone
3657,23,23,1.0,cone,cone
3658,24,18,1.3333333333333333,cone,cone
3659,32,25,1.28,jl,cone
3660,50,35,1.4285714285714286,cone,cone
3661,39,42,0.9285714285714286,cone,cone
3662,61,13,4.6923076923076925,cone,jl
3663,120,24,5.0,cone,cone
3664,72,39,1.8461538461538463,lateral,cone
3665,80,66,1.2121212121212122,cone,cone
3666,91,57,1.5964912280701755,cone,cone
3667,34,28,1.2142857142857142,cone,cone
3668,37,26,1.4230769230769231,cone,cone
3669,97,27,3.5925925925925926,cone,cone
3670,48,40,1.2,cone,cone
3671,102,23,4.434782608695652,cone,cone
3672,95,61,1.5573770491803278,cone,cone
3673,25,37,0.6756756756756757,cone,cone
3674,18,18,1.0,cone,cone
3675,59,42,1.4047619047619047,cone,cone
3676,53,25,2.12,cone,cone
3677,68,48,1.4166666666666667,cone,cone
3678,15,14,1.0714285714285714,jl,jl
3679,69,29,2.3793103448275863,cone,cone
3680,52,50,1.04,jl,jl
3681,40,36,1.1111111111111112,cone,cone
3682,80,65,1.2307692307692308,cone,cone
3683,29,26,1.1153846153846154,collision,cone
3684,21,22,0.9545454545454546,lateral,lateral
3685,63,50,1.26,cone,cone
3686,48,36,1.3333333333333333,cone,cone
3687,25,23,1.0869565217391304,cone,cone
3688,42,29,1.4482758620689655,cone,cone
3689,49,32,1.53125,cone,cone
3690,72,50,1.44,jl,cone
3691,30,25,1.2,cone,cone
3692,38,32,1.1875,cone,cone
3693,19,19,1.0,lateral,lateral
3694,66,46,1.434782608695652,cone,cone
3695,50,53,0.9433962264150944,jl,cone
3696,55,54,1.0185185185185186,lateral,cone
3697,13,13,1.0,lateral,lateral
3698,75,51,1.4705882352941178,cone,cone
3699,12,12,1.0,lateral,lateral
3700,13,39,0.3333333333333333,jl,cone
3701,96,45,2.1333333333333333,cone,jl
3702,8,31,0.25806451612903225,jl,cone
3703,29,24,1.2083333333333333,cone,cone
3704,104,87,1.1954022988505748,cone,cone
3705,17,16,1.0625,cone,cone
3706,18,18,1.0,cone,cone
3707,39,30,1.3,cone,cone
3708,26,22,1.1818181818181819,cone,cone
3709,22,30,0.7333333333333333,jl,cone
3710,26,22,1.1818181818181819,jl,jl
3711,12,14,0.8571428571428571,jl,jl
3712,107,36,2.9722222222222223,cone,cone
3713,25,24,1.0416666666666667,cone,cone
3714,62,60,1.0333333333333334,jl,jl
3715,53,37,1.4324324324324325,cone,cone
3716,27,21,1.2857142857142858,cone,cone
3717,58,52,1.1153846153846154,cone,cone
3718,83,37,2.2432432432432434,cone,jl
3719,26,63,0.4126984126984127,cone,jl
3720,24,22,1.0909090909090908,cone,cone
3721,46,43,1.069767441860465,cone,cone
3722,50,35,1.4285714285714286,cone,cone
3723,19,18,1.0555555555555556,cone,cone
3724,16,16,1.0,cone,cone
3725,25,19,1.3157894736842106,cone,cone
3726,11,12,0.9166666666666666,jl,jl
3727,65,37,1.7567567567567568,cone,cone
3728,23,20,1.15,jl,cone
3729,46,37,1.2432432432432432,cone,cone
3730,27,27,1.0,lateral,lateral
3731,58,45,1.288888888888889,cone,cone
3732,21,19,1.105263157894737,cone,cone
3733,57,50,1.14,cone,cone
3734,44,45,0.9777777777777777,cone,cone
3735,54,55,0.9818181818181818,jl,cone
3736,9,31,0.2903225806451613,jl,cone
3737,37,30,1.2333333333333334,cone,cone
3738,16,16,1.0,cone,cone
3739,23,23,1.0,cone,cone
3740,77,45,1.711111111111111,cone,cone
3741,49,42,1.1666666666666667,cone,cone
3742,40,28,1.4285714285714286,cone,cone
3743,22,22,1.0,cone,cone
3744,19,18,1.0555555555555556,cone,cone
3745,21,19,1.105263157894737,cone,cone
3746,3,35,0.08571428571428572,jl,cone
3747,8,13,0.6153846153846154,jl,jl
3748,22,32,0.6875,cone,cone
3749,45,33,1.3636363636363635,cone,cone
3750,26,18,1.4444444444444444,cone,cone
3751,61,61,1.0,lateral,lateral
3752,16,22,0.7272727272727273,cone,cone
3753,3,32,0.09375,jl,cone
3754,46,39,1.1794871794871795,cone,cone
3755,56,52,1.0769230769230769,jl,jl
3756,12,12,1.0,collision,collision
3757,49,40,1.225,cone,cone
3758,39,32,1.21875,jl,cone
3759,19,17,1.1176470588235294,jl,jl
3760,41,22,1.8636363636363635,jl,cone
3761,37,38,0.9736842105263158,lateral,lateral
3762,36,36,1.0,lateral,lateral
3763,75,36,2.0833333333333335,cone,cone
3764,68,34,2.0,cone,cone
3765,100,86,1.1627906976744187,cone,cone
3766,94,31,3.032258064516129,cone,cone
3767,24,20,1.2,cone,cone
3768,94,41,2.292682926829268,jl,cone
3769,105,29,3.6206896551724137,jl,cone
3770,48,43,1.1162790697674418,lateral,cone
3771,17,17,1.0,cone,cone
3772,51,37,1.3783783783783783,cone,cone
3773,39,39,1.0,jl,cone
3774,45,33,1.3636363636363635,cone,cone
3775,43,39,1.1025641025641026,lateral,cone
3776,24,24,1.0,cone,cone
3777,33,33,1.0,cone,cone
3778,27,23,1.173913043478261,collision,cone
3779,46,30,1.5333333333333334,cone,cone
3780,66,46,1.434782608695652,cone,cone
3781,23,21,1.0952380952380953,cone,cone
3782,106,40,2.65,cone,cone
3783,16,16,1.0,lateral,lateral
3784,27,32,0.84375,jl,jl
3785,27,30,0.9,cone,cone
3786,25,45,0.5555555555555556,jl,cone
3787,50,34,1.4705882352941178,cone,cone
3788,58,33,1.7575757575757576,cone,cone
3789,48,53,0.9056603773584906,cone,cone
3790,60,36,1.6666666666666667,cone,cone
3791,56,48,1.1666666666666667,jl,cone
3792,21,35,0.6,cone,cone
3793,20,50,0.4,jl,cone
3794,50,50,1.0,lateral,lateral
3795,24,92,0.2608695652173913,jl,cone
3796,31,34,0.9117647058823529,cone,cone
3797,51,50,1.02,cone,cone
3798,1,34,0.029411764705882353,jl,cone
3799,28,27,1.037037037037037,cone,cone
3800,35,34,1.0294117647058822,cone,cone
3801,23,21,1.0952380952380953,cone,cone
3802,48,42,1.1428571428571428,lateral,cone
3803,71,38,1.868421052631579,cone,cone
3804,98,46,2.130434782608696,cone,jl
3805,26,20,1.3,lateral,cone
3806,29,28,1.0357142857142858,lateral,lateral
3807,25,26,0.9615384615384616,jl,cone
3808,54,54,1.0,lateral,lateral
3809,93,82,1.1341463414634145,cone,cone
3810,46,42,1.0952380952380953,cone,cone
3811,21,20,1.05,cone,cone
3812,39,30,1.3,cone,cone
3813,19,17,1.1176470588235294,cone,cone
3814,66,50,1.32,cone,cone
3815,31,28,1.1071428571428572,cone,cone
3816,31,23,1.3478260869565217,collision,cone
3817,44,28,1.5714285714285714,cone,cone
3818,33,33,1.0,jl,lateral
3819,95,62,1.532258064516129,cone,cone
3820,43,39,1.1025641025641026,jl,jl
3821,15,18,0.8333333333333334,jl,cone
3822,60,17,3.5294117647058822,lateral,jl
3823,49,38,1.2894736842105263,cone,cone
3824,100,26,3.8461538461538463,cone,cone
3825,81,40,2.025,cone,cone
3826,27,26,1.0384615384615385,lateral,lateral
3827,56,47,1.1914893617021276,cone,cone
3828,84,50,1.68,lateral,cone
3829,100,46,2.1739130434782608,cone,cone
3830,19,32,0.59375,jl,jl
3831,38,38,1.0,lateral,lateral
3832,29,33,0.8787878787878788,cone,cone
3833,47,31,1.5161290322580645,jl,cone
3834,113,35,3.2285714285714286,jl,cone
3835,26,29,0.896551724137931,cone,cone
3836,20,30,0.6666666666666666,cone,cone
3837,39,21,1.8571428571428572,cone,cone
3838,54,38,1.4210526315789473,cone,cone
3839,23,38,0.6052631578947368,jl,jl
3840,30,26,1.1538461538461537,cone,cone
3841,30,33,0.9090909090909091,cone,cone
3842,51,42,1.2142857142857142,cone,cone
3843,34,28,1.2142857142857142,cone,cone
3844,31,24,1.2916666666666667,cone,cone
3845,63,51,1.2352941176470589,jl,cone
3846,31,29,1.0689655172413792,cone,cone
3847,28,26,1.0769230769230769,cone,cone
3848,1,19,0.05263157894736842,jl,jl
3849,102,37,2.7567567567567566,cone,cone
3850,25,22,1.1363636363636365,jl,jl
3851,69,58,1.1896551724137931,cone,cone
3852,83,27,3.074074074074074,jl,cone
3853,30,29,1.0344827586206897,cone,cone
3854,34,34,1.0,lateral,lateral
3855,14,35,0.4,jl,cone
3856,49,49,1.0,lateral,lateral
3857,76,59,1.2881355932203389,cone,cone
3858,27,24,1.125,cone,cone
3859,67,63,1.0634920634920635,cone,cone
3860,79,32,2.46875,cone,cone
3861,85,22,3.8636363636363638,cone,cone
3862,45,42,1.0714285714285714,cone,cone
3863,56,56,1.0,lateral,lateral
3864,16,19,0.8421052631578947,cone,cone
3865,52,33,1.5757575757575757,cone,cone
3866,116,33,3.515151515151515,jl,cone
3867,86,34,2.5294117647058822,cone,cone
3868,16,16,1.0,jl,jl
3869,66,30,2.2,jl,cone
3870,34,36,0.9444444444444444,cone,cone
3871,77,29,2.6551724137931036,cone,cone
3872,23,21,1.0952380952380953,cone,cone
3873,27,21,1.2857142857142858,jl,cone
3874,54,23,2.347826086956522,cone,cone
3875,46,34,1.3529411764705883,cone,cone
3876,62,62,1.0,cone,cone
3877,20,23,0.8695652173913043,jl,cone
3878,25,18,1.3888888888888888,cone,cone
3879,32,33,0.9696969696969697,jl,cone
3880,70,22,3.1818181818181817,cone,cone
3881,28,26,1.0769230769230769,cone,cone
3882,60,42,1.4285714285714286,cone,cone
3883,21,37,0.5675675675675675,jl,cone
3884,20,27,0.7407407407407407,cone,cone
3885,49,32,1.53125,cone,cone
3886,18,18,1.0,cone,cone
3887,58,28,2.0714285714285716,cone,cone
3888,41,35,1.1714285714285715,cone,cone
3889,80,72,1.1111111111111112,cone,cone
3890,18,17,1.0588235294117647,cone,cone
3891,18,29,0.6206896551724138,jl,jl
3892,58,33,1.7575757575757576,cone,cone
3893,18,17,1.0588235294117647,jl,jl
3894,9,26,0.34615384615384615,jl,cone
3895,19,19,1.0,cone,cone
3896,37,26,1.4230769230769231,cone,cone
3897,20,19,1.0526315789473684,cone,cone
3898,77,77,1.0,lateral,lateral
3899,15,15,1.0,lateral,lateral
3900,29,29,1.0,lateral,lateral
3901,76,37,2.054054054054054,jl,cone
3902,14,19,0.7368421052631579,jl,jl
3903,22,25,0.88,cone,cone
3904,110,21,5.238095238095238,jl,cone
3905,17,17,1.0,cone,cone
3906,12,16,0.75,cone,cone
3907,3,44,0.06818181818181818,jl,jl
3908,30,43,0.6976744186046512,jl,cone
3909,63,49,1.2857142857142858,jl,jl
3910,16,16,1.0,jl,jl
3911,13,24,0.5416666666666666,collision,cone
3912,17,17,1.0,cone,cone
3913,61,44,1.3863636363636365,cone,cone
3914,17,32,0.53125,jl,jl
3915,38,38,1.0,jl,cone
3916,20,20,1.0,cone,cone
3917,18,18,1.0,cone,cone
3918,5,24,0.20833333333333334,jl,cone
3919,25,26,0.9615384615384616,cone,cone
3920,20,23,0.8695652173913043,cone,cone
3921,21,20,1.05,cone,cone
3922,33,27,1.2222222222222223,cone,cone
3923,60,39,1.5384615384615385,jl,cone
3924,75,22,3.409090909090909,lateral,cone
3925,20,19,1.0526315789473684,cone,cone
3926,34,28,1.2142857142857142,cone,cone
3927,9,15,0.6,jl,jl
3928,21,21,1.0,cone,cone
3929,98,84,1.1666666666666667,cone,cone
3930,58,29,2.0,cone,cone
3931,43,31,1.3870967741935485,jl,cone
3932,64,30,2.1333333333333333,cone,cone
3933,13,13,1.0,lateral,lateral
3934,19,24,0.7916666666666666,cone,cone
3935,46,31,1.4838709677419355,cone,cone
3936,35,30,1.1666666666666667,cone,cone
3937,9,27,0.3333333333333333,jl,cone
3938,101,24,4.208333333333333,jl,cone
3939,22,22,1.0,cone,cone
3940,101,33,3.0606060606060606,cone,cone
3941,19,19,1.0,lateral,lateral
3942,20,23,0.8695652173913043,jl,jl
3943,29,25,1.16,cone,cone
3944,58,44,1.3181818181818181,jl,cone
3945,46,39,1.1794871794871795,cone,cone
3946,35,30,1.1666666666666667,jl,cone
3947,59,26,2.269230769230769,cone,cone
3948,42,42,1.0,lateral,lateral
3949,26,23,1.1304347826086956,cone,cone
3950,50,35,1.4285714285714286,jl,cone
3951,5,19,0.2631578947368421,jl,jl
3952,32,29,1.103448275862069,cone,cone
3953,70,45,1.5555555555555556,cone,cone
3954,18,18,1.0,cone,cone
3955,38,37,1.027027027027027,cone,cone
3956,51,35,1.457142857142857,cone,cone
3957,17,20,0.85,cone,cone
3958,19,17,1.1176470588235294,cone,cone
3959,41,41,1.0,lateral,cone
3960,38,32,1.1875,cone,cone
3961,17,17,1.0,cone,cone
3962,18,15,1.2,cone,cone
3963,42,40,1.05,cone,cone
3964,32,28,1.1428571428571428,cone,cone
3965,14,13,1.0769230769230769,cone,cone
3966,48,39,1.2307692307692308,jl,cone
3967,40,44,0.9090909090909091,jl,jl
3968,36,36,1.0,cone,cone
3969,13,13,1.0,cone,cone
3970,11,11,1.0,cone,cone
3971,68,47,1.446808510638298,cone,cone
3972,63,64,0.984375,cone,cone
3973,35,78,0.44871794871794873,jl,cone
3974,5,10,0.5,jl,lateral
3975,58,26,2.230769230769231,jl,cone
3976,16,16,1.0,lateral,lateral
3977,33,24,1.375,cone,cone
3978,29,29,1.0,cone,cone
3979,39,35,1.1142857142857143,cone,cone
3980,25,21,1.1904761904761905,cone,cone
3981,64,27,2.3703703703703702,jl,cone
3982,29,34,0.8529411764705882,jl,cone
3983,44,37,1.1891891891891893,cone,cone
3984,26,21,1.2380952380952381,jl,jl
3985,40,26,1.5384615384615385,cone,cone
3986,52,34,1.5294117647058822,jl,jl
3987,2,43,0.046511627906976744,jl,cone
3988,50,22,2.272727272727273,cone,cone
3989,19,17,1.1176470588235294,cone,cone
3990,92,69,1.3333333333333333,cone,cone
3991,23,22,1.0454545454545454,cone,cone
3992,60,33,1.8181818181818181,cone,cone
3993,62,32,1.9375,cone,cone
3994,59,58,1.0172413793103448,lateral,lateral
3995,46,36,1.2777777777777777,cone,cone
3996,93,88,1.0568181818181819,cone,cone
3997,13,13,1.0,collision,collision
3998,62,28,2.2142857142857144,jl,cone
3999,25,21,1.1904761904761905,cone,cone
4000,31,31,1.0,lateral,lateral
4001,71,71,1.0,lateral,lateral
4002,18,16,1.125,cone,cone
4003,15,24,0.625,collision,jl
4004,21,18,1.1666666666666667,cone,cone
4005,27,19,1.4210526315789473,cone,cone
4006,86,47,1.8297872340425532,cone,cone
4007,19,19,1.0,cone,cone
4008,82,77,1.0649350649350648,cone,cone
4009,31,24,1.2916666666666667,cone,cone
4010,1,72,0.013888888888888888,jl,cone
4011,18,35,0.5142857142857142,jl,cone
4012,36,29,1.2413793103448276,cone,cone
4013,84,36,2.3333333333333335,cone,cone
4014,76,30,2.533333333333333,cone,cone
4015,45,37,1.2162162162162162,cone,cone
4016,100,20,5.0,cone,cone
4017,6,19,0.3157894736842105,jl,cone
4018,17,17,1.0,jl,cone
4019,35,35,1.0,cone,cone
4020,58,49,1.183673469387755,cone,cone
4021,48,51,0.9411764705882353,cone,cone
4022,50,50,1.0,lateral,lateral
4023,33,33,1.0,jl,cone
4024,13,13,1.0,lateral,lateral
4025,88,33,2.6666666666666665,cone,cone
4026,98,48,2.0416666666666665,cone,cone
4027,36,35,1.0285714285714285,cone,cone
4028,23,25,0.92,cone,cone
4029,73,38,1.9210526315789473,cone,cone
4030,28,43,0.6511627906976745,jl,cone
4031,60,40,1.5,jl,cone
4032,10,12,0.8333333333333334,jl,jl
4033,19,19,1.0,lateral,lateral
4034,9,10,0.9,jl,jl
4035,39,37,1.054054054054054,cone,cone
4036,46,48,0.9583333333333334,cone,cone
4037,29,25,1.16,cone,cone
4038,59,59,1.0,lateral,lateral
4039,63,60,1.05,cone,cone
4040,40,39,1.0256410256410255,cone,cone
4041,64,78,0.8205128205128205,cone,cone
4042,35,26,1.3461538461538463,cone,cone
4043,44,41,1.0731707317073171,jl,cone
4044,22,20,1.1,cone,cone
4045,62,30,2.066666666666667,cone,cone
4046,27,24,1.125,jl,cone
4047,48,39,1.2307692307692308,cone,cone
4048,22,22,1.0,cone,cone
4049,31,37,0.8378378378378378,cone,cone
4050,17,18,0.9444444444444444,cone,cone
4051,83,60,1.3833333333333333,lateral,cone
4052,38,29,1.3103448275862069,jl,cone
4053,29,25,1.16,cone,cone
4054,69,51,1.3529411764705883,cone,cone
4055,33,24,1.375,cone,cone
4056,16,15,1.0666666666666667,cone,cone
4057,80,51,1.5686274509803921,cone,cone
4058,43,37,1.162162162162162,lateral,cone
4059,30,29,1.0344827586206897,cone,cone
4060,27,41,0.6585365853658537,jl,cone
4061,102,84,1.2142857142857142,cone,cone
4062,50,48,1.0416666666666667,cone,cone
4063,62,31,2.0,cone,cone
4064,29,27,1.0740740740740742,jl,cone
4065,32,22,1.4545454545454546,cone,cone
4066,9,10,0.9,jl,jl
4067,20,20,1.0,cone,cone
4068,40,26,1.5384615384615385,cone,cone
4069,19,19,1.0,lateral,lateral
4070,66,45,1.4666666666666666,jl,cone
4071,46,32,1.4375,jl,cone
4072,1,21,0.047619047619047616,jl,jl
4073,49,27,1.8148148148148149,cone,cone
4074,41,42,0.9761904761904762,cone,cone
4075,1,38,0.02631578947368421,jl,collision
4076,10,30,0.3333333333333333,jl,cone
4077,19,18,1.0555555555555556,cone,cone
4078,1,24,0.041666666666666664,jl,cone
4079,21,22,0.9545454545454546,jl,cone
4080,30,29,1.0344827586206897,cone,cone
4081,33,33,1.0,cone,cone
4082,78,40,1.95,cone,cone
4083,34,36,0.9444444444444444,jl,cone
4084,70,53,1.320754716981132,cone,cone
4085,37,39,0.9487179487179487,cone,cone
4086,51,39,1.3076923076923077,cone,cone
4087,13,13,1.0,lateral,lateral
4088,24,19,1.263157894736842,jl,cone
4089,54,41,1.3170731707317074,cone,cone
4090,13,16,0.8125,jl,cone
4091,22,21,1.0476190476190477,cone,cone
4092,59,32,1.84375,cone,cone
4093,38,28,1.3571428571428572,cone,cone
4094,42,34,1.2352941176470589,jl,jl
4095,50,34,1.4705882352941178,cone,cone
4096,36,29,1.2413793103448276,cone,cone
4097,12,12,1.0,cone,cone
4098,27,24,1.125,cone,cone
4099,5,39,0.1282051282051282,jl,cone
4100,40,43,0.9302325581395349,cone,cone
4101,92,49,1.8775510204081634,cone,cone
4102,80,78,1.0256410256410255,cone,cone
4103,12,14,0.8571428571428571,jl,jl
4104,29,24,1.2083333333333333,cone,cone
4105,55,85,0.6470588235294118,jl,cone
4106,70,55,1.2727272727272727,cone,cone
4107,71,64,1.109375,jl,cone
4108,36,29,1.2413793103448276,cone,cone
4109,47,34,1.3823529411764706,cone,cone
4110,19,18,1.0555555555555556,cone,cone
4111,65,37,1.7567567567567568,cone,cone
4112,58,43,1.3488372093023255,cone,cone
4113,46,27,1.7037037037037037,collision,cone
4114,47,39,1.205128205128205,cone,cone
4115,64,45,1.4222222222222223,cone,cone
4116,9,12,0.75,collision,collision
4117,93,37,2.5135135135135136,cone,cone
4118,31,26,1.1923076923076923,cone,cone
4119,16,18,0.8888888888888888,cone,cone
4120,98,29,3.3793103448275863,cone,cone
4121,37,28,1.3214285714285714,cone,cone
4122,14,33,0.42424242424242425,jl,cone
4123,22,23,0.9565217391304348,cone,cone
4124,21,29,0.7241379310344828,cone,cone
4125,42,26,1.6153846153846154,cone,cone
4126,61,35,1.7428571428571429,cone,cone
4127,63,35,1.8,cone,cone
4128,22,20,1.1,cone,cone
4129,22,23,0.9565217391304348,lateral,lateral
4130,35,17,2.0588235294117645,cone,jl
4131,24,28,0.8571428571428571,jl,jl
4132,6,26,0.23076923076923078,jl,cone
4133,26,25,1.04,cone,cone
4134,70,43,1.627906976744186,cone,cone
4135,21,21,1.0,lateral,lateral
4136,42,39,1.0769230769230769,cone,cone
4137,56,37,1.5135135135135136,cone,cone
4138,34,36,0.9444444444444444,cone,cone
4139,14,23,0.6086956521739131,jl,jl
4140,10,12,0.8333333333333334,jl,jl
4141,53,52,1.0192307692307692,jl,jl
4142,80,54,1.4814814814814814,lateral,cone
4143,42,34,1.2352941176470589,cone,cone
4144,1,12,0.08333333333333333,jl,jl
4145,16,49,0.32653061224489793,jl,cone
4146,53,53,1.0,lateral,lateral
4147,24,20,1.2,collision,cone
4148,33,26,1.2692307692307692,cone,cone
4149,22,20,1.1,cone,cone
4150,37,44,0.8409090909090909,cone,cone
4151,58,54,1.0740740740740742,cone,cone
4152,26,24,1.0833333333333333,cone,cone
4153,49,39,1.2564102564102564,lateral,cone
4154,45,44,1.0227272727272727,cone,cone
4155,34,31,1.096774193548387,cone,cone
4156,15,15,1.0,cone,cone
4157,29,29,1.0,lateral,lateral
4158,57,41,1.3902439024390243,cone,cone
4159,50,36,1.3888888888888888,cone,cone
4160,28,25,1.12,cone,cone
4161,37,31,1.1935483870967742,cone,cone
4162,59,35,1.6857142857142857,cone,cone
4163,65,53,1.2264150943396226,cone,cone
4164,24,23,1.0434782608695652,jl,jl
4165,20,18,1.1111111111111112,cone,cone
4166,81,36,2.25,cone,cone
4167,73,28,2.607142857142857,cone,cone
4168,21,20,1.05,cone,cone
4169,38,36,1.0555555555555556,cone,cone
4170,20,20,1.0,lateral,lateral
4171,11,22,0.5,jl,jl
4172,29,18,1.6111111111111112,lateral,cone
4173,20,20,1.0,cone,cone
4174,64,26,2.4615384615384617,cone,cone
4175,40,27,1.4814814814814814,cone,cone
4176,35,29,1.206896551724138,cone,cone
4177,20,19,1.0526315789473684,cone,cone
4178,37,26,1.4230769230769231,jl,cone
4179,62,47,1.3191489361702127,cone,cone
4180,14,13,1.0769230769230769,jl,jl
4181,4,25,0.16,jl,jl
4182,39,42,0.9285714285714286,cone,cone
4183,23,21,1.0952380952380953,cone,cone
4184,15,31,0.4838709677419355,jl,jl
4185,39,39,1.0,lateral,lateral
4186,55,46,1.1956521739130435,cone,cone
4187,49,37,1.3243243243243243,cone,cone
4188,98,79,1.240506329113924,cone,cone
4189,47,36,1.3055555555555556,cone,cone
4190,11,20,0.55,jl,cone
4191,31,34,0.9117647058823529,cone,jl
4192,15,14,1.0714285714285714,cone,cone
4193,6,13,0.46153846153846156,jl,jl
4194,31,32,0.96875,cone,cone
4195,8,24,0.3333333333333333,jl,jl
4196,75,34,2.2058823529411766,jl,cone
4197,57,40,1.425,jl,cone
4198,52,52,1.0,lateral,lateral
4199,26,51,0.5098039215686274,jl,cone
4200,22,25,0.88,cone,cone
4201,68,59,1.152542372881356,cone,cone
4202,65,32,2.03125,cone,cone
4203,19,14,1.3571428571428572,cone,jl
4204,24,24,1.0,lateral,lateral
4205,49,31,1.5806451612903225,cone,jl
4206,27,28,0.9642857142857143,collision,cone
4207,58,25,2.32,cone,cone
4208,50,43,1.1627906976744187,cone,cone
4209,65,51,1.2745098039215685,cone,cone
4210,72,55,1.309090909090909,cone,cone
4211,70,48,1.4583333333333333,cone,cone
4212,30,30,1.0,cone,cone
4213,40,30,1.3333333333333333,jl,cone
4214,24,32,0.75,jl,cone
4215,64,54,1.1851851851851851,lateral,cone
4216,55,52,1.0576923076923077,cone,cone
4217,59,61,0.9672131147540983,cone,cone
4218,22,28,0.7857142857142857,jl,cone
4219,66,66,1.0,lateral,lateral
4220,89,13,6.846153846153846,cone,jl
4221,2,26,0.07692307692307693,jl,cone
4222,100,33,3.0303030303030303,cone,cone
4223,46,41,1.1219512195121952,cone,cone
4224,25,27,0.9259259259259259,jl,cone
4225,18,10,1.8,jl,jl
4226,38,38,1.0,cone,cone
4227,41,41,1.0,lateral,lateral
4228,25,22,1.1363636363636365,cone,cone
4229,6,30,0.2,jl,jl
4230,2,22,0.09090909090909091,jl,cone
4231,19,19,1.0,cone,jl
4232,38,26,1.4615384615384615,cone,cone
4233,86,53,1.6226415094339623,cone,cone
4234,22,23,0.9565217391304348,jl,jl
4235,35,22,1.5909090909090908,jl,cone
4236,37,37,1.0,lateral,lateral
4237,40,40,1.0,jl,cone
4238,60,60,1.0,lateral,lateral
4239,91,84,1.0833333333333333,cone,cone
4240,16,16,1.0,cone,cone
4241,81,27,3.0,cone,cone
4242,104,105,0.9904761904761905,cone,cone
4243,33,31,1.064516129032258,cone,cone
4244,41,38,1.0789473684210527,lateral,cone
4245,23,22,1.0454545454545454,cone,cone
4246,69,29,2.3793103448275863,jl,cone
4247,26,19,1.368421052631579,cone,jl
4248,62,54,1.1481481481481481,cone,cone
4249,27,12,2.25,cone,jl
4250,22,24,0.9166666666666666,jl,jl
4251,52,22,2.3636363636363638,cone,cone
4252,36,29,1.2413793103448276,cone,cone
4253,29,32,0.90625,cone,lateral
4254,27,32,0.84375,cone,cone
4255,18,26,0.6923076923076923,collision,collision
4256,118,34,3.4705882352941178,cone,cone
4257,9,48,0.1875,jl,lateral
4258,6,39,0.15384615384615385,jl,cone
4259,22,21,1.0476190476190477,cone,cone
4260,64,58,1.103448275862069,cone,cone
4261,39,16,2.4375,jl,jl
4262,20,18,1.1111111111111112,cone,cone
4263,67,18,3.7222222222222223,cone,cone
4264,14,23,0.6086956521739131,jl,cone
4265,74,60,1.2333333333333334,cone,cone
4266,74,34,2.176470588235294,cone,cone
4267,24,28,0.8571428571428571,cone,cone
4268,52,41,1.2682926829268293,cone,cone
4269,17,17,1.0,cone,cone
4270,46,42,1.0952380952380953,cone,cone
4271,142,28,5.071428571428571,jl,cone
4272,20,20,1.0,cone,cone
4273,7,34,0.20588235294117646,jl,cone
4274,40,40,1.0,lateral,lateral
4275,29,21,1.380952380952381,cone,cone
4276,30,29,1.0344827586206897,cone,cone
4277,50,46,1.0869565217391304,cone,cone
4278,21,20,1.05,cone,cone
4279,25,29,0.8620689655172413,jl,cone
4280,36,24,1.5,cone,cone
4281,20,21,0.9523809523809523,cone,cone
4282,34,30,1.1333333333333333,cone,cone
4283,25,27,0.9259259259259259,cone,cone
4284,42,42,1.0,lateral,lateral
4285,13,21,0.6190476190476191,jl,cone
4286,49,36,1.3611111111111112,cone,cone
4287,87,58,1.5,cone,cone
4288,19,16,1.1875,cone,cone
4289,3,12,0.25,jl,jl
4290,65,62,1.0483870967741935,cone,cone
4291,72,41,1.7560975609756098,jl,cone
4292,30,27,1.1111111111111112,cone,cone
4293,21,19,1.105263157894737,cone,cone
4294,31,23,1.3478260869565217,jl,cone
4295,31,26,1.1923076923076923,jl,cone
4296,8,17,0.47058823529411764,jl,jl
4297,36,32,1.125,cone,cone
4298,15,15,1.0,cone,cone
4299,73,62,1.1774193548387097,cone,cone
4300,33,44,0.75,jl,cone
4301,51,42,1.2142857142857142,cone,cone
4302,123,32,3.84375,cone,cone
4303,19,19,1.0,cone,cone
4304,42,40,1.05,cone,cone
4305,31,30,1.0333333333333334,lateral,lateral
4306,10,12,0.8333333333333334,collision,collision
4307,45,38,1.1842105263157894,jl,cone
4308,33,33,1.0,lateral,cone
4309,51,33,1.5454545454545454,jl,cone
4310,12,12,1.0,cone,cone
4311,52,18,2.888888888888889,cone,cone
4312,32,32,1.0,cone,cone
4313,65,41,1.5853658536585367,jl,jl
4314,74,53,1.3962264150943395,cone,cone
4315,59,37,1.5945945945945945,cone,cone
4316,21,30,0.7,collision,cone
4317,35,33,1.0606060606060606,cone,cone
4318,50,46,1.0869565217391304,cone,cone
4319,14,14,1.0,cone,cone
4320,47,51,0.9215686274509803,jl,jl
4321,45,37,1.2162162162162162,jl,cone
4322,12,12,1.0,lateral,lateral
4323,18,17,1.0588235294117647,jl,jl
4324,99,37,2.675675675675676,cone,cone
4325,41,31,1.3225806451612903,cone,cone
4326,19,19,1.0,cone,cone
4327,77,53,1.4528301886792452,cone,cone
4328,41,40,1.025,cone,cone
4329,73,44,1.6590909090909092,lateral,cone
4330,13,28,0.4642857142857143,collision,cone
4331,46,32,1.4375,cone,cone
4332,34,43,0.7906976744186046,lateral,lateral
4333,31,29,1.0689655172413792,cone,cone
4334,43,23,1.8695652173913044,jl,cone
4335,17,32,0.53125,jl,cone
4336,37,28,1.3214285714285714,cone,cone
4337,37,35,1.0571428571428572,cone,cone
4338,24,23,1.0434782608695652,cone,cone
4339,105,18,5.833333333333333,cone,jl
4340,24,24,1.0,cone,cone
4341,46,40,1.15,jl,cone
4342,28,20,1.4,cone,cone
4343,33,28,1.1785714285714286,cone,cone
4344,60,43,1.3953488372093024,cone,cone
4345,35,34,1.0294117647058822,cone,cone
4346,76,44,1.7272727272727273,cone,cone
4347,44,44,1.0,lateral,lateral
4348,55,49,1.1224489795918366,jl,cone
4349,47,47,1.0,lateral,lateral
4350,72,62,1.1612903225806452,cone,cone
4351,29,25,1.16,cone,cone
4352,17,17,1.0,cone,cone
4353,48,43,1.1162790697674418,lateral,jl
4354,41,37,1.1081081081081081,cone,cone
4355,46,35,1.3142857142857143,cone,cone
4356,47,44,1.0681818181818181,cone,cone
4357,67,47,1.425531914893617,cone,cone
4358,57,84,0.6785714285714286,jl,jl
4359,49,38,1.2894736842105263,cone,cone
4360,21,20,1.05,cone,cone
4361,70,40,1.75,cone,cone
4362,34,26,1.3076923076923077,jl,cone
4363,66,41,1.6097560975609757,cone,cone
4364,67,65,1.0307692307692307,cone,cone
4365,25,25,1.0,cone,cone
4366,18,20,0.9,cone,cone
4367,38,24,1.5833333333333333,cone,cone
4368,67,64,1.046875,cone,cone
4369,36,35,1.0285714285714285,cone,cone
4370,23,24,0.9583333333333334,collision,collision
4371,27,27,1.0,cone,cone
4372,81,39,2.076923076923077,cone,cone
4373,36,16,2.25,jl,jl
4374,42,38,1.105263157894737,lateral,cone
4375,53,40,1.325,cone,cone
4376,42,39,1.0769230769230769,jl,jl
4377,57,32,1.78125,cone,cone
4378,76,64,1.1875,cone,cone
4379,37,32,1.15625,lateral,cone
4380,15,15,1.0,cone,cone
4381,97,31,3.129032258064516,cone,cone
4382,80,37,2.1621621621621623,cone,cone
4383,118,29,4.068965517241379,cone,cone
4384,26,18,1.4444444444444444,cone,cone
4385,69,61,1.1311475409836065,cone,cone
4386,20,25,0.8,cone,cone
4387,22,22,1.0,cone,cone
4388,57,27,2.111111111111111,cone,cone
4389,32,31,1.032258064516129,cone,cone
4390,20,20,1.0,cone,cone
4391,44,31,1.4193548387096775,cone,cone
4392,41,25,1.64,cone,cone
4393,20,20,1.0,cone,cone
4394,43,41,1.048780487804878,cone,cone
4395,86,99,0.8686868686868687,jl,cone
4396,43,51,0.8431372549019608,jl,cone
4397,46,39,1.1794871794871795,cone,cone
4398,63,49,1.2857142857142858,cone,cone
4399,21,13,1.6153846153846154,jl,jl
4400,32,31,1.032258064516129,lateral,lateral
4401,1,11,0.09090909090909091,jl,jl
4402,22,44,0.5,jl,lateral
4403,39,38,1.0263157894736843,cone,jl
4404,23,24,0.9583333333333334,collision,cone
4405,46,34,1.3529411764705883,jl,cone
4406,18,18,1.0,cone,cone
4407,42,43,0.9767441860465116,lateral,lateral
4408,29,33,0.8787878787878788,cone,cone
4409,44,30,1.4666666666666666,cone,cone
4410,71,57,1.2456140350877194,cone,cone
4411,23,42,0.5476190476190477,collision,cone
4412,16,14,1.1428571428571428,cone,jl
4413,45,45,1.0,lateral,lateral
4414,18,25,0.72,cone,cone
4415,22,20,1.1,cone,cone
4416,25,25,1.0,lateral,lateral
4417,63,31,2.032258064516129,cone,cone
4418,32,30,1.0666666666666667,lateral,cone
4419,26,24,1.0833333333333333,cone,cone
4420,59,44,1.3409090909090908,jl,cone
4421,53,38,1.394736842105263,cone,cone
4422,98,39,2.5128205128205128,cone,cone
4423,69,57,1.2105263157894737,cone,cone
4424,23,34,0.6764705882352942,jl,cone
4425,19,20,0.95,cone,cone
4426,67,63,1.0634920634920635,cone,cone
4427,82,23,3.5652173913043477,jl,cone
4428,15,23,0.6521739130434783,jl,cone
4429,5,10,0.5,jl,jl
4430,63,39,1.6153846153846154,cone,jl
4431,43,42,1.0238095238095237,lateral,lateral
4432,26,21,1.2380952380952381,cone,cone
4433,22,22,1.0,cone,cone
4434,39,31,1.2580645161290323,cone,cone
4435,30,25,1.2,cone,cone
4436,28,28,1.0,jl,jl
4437,27,20,1.35,jl,jl
4438,30,29,1.0344827586206897,cone,cone
4439,18,17,1.0588235294117647,cone,cone
4440,79,39,2.0256410256410255,jl,cone
4441,65,59,1.1016949152542372,cone,jl
4442,26,53,0.49056603773584906,jl,jl
4443,15,16,0.9375,jl,cone
4444,84,37,2.27027027027027,cone,cone
4445,75,36,2.0833333333333335,cone,cone
4446,49,47,1.0425531914893618,cone,cone
4447,45,42,1.0714285714285714,cone,cone
4448,54,45,1.2,cone,cone
4449,61,33,1.8484848484848484,jl,cone
4450,21,21,1.0,cone,cone
4451,23,22,1.0454545454545454,cone,cone
4452,37,39,0.9487179487179487,jl,jl
4453,79,32,2.46875,cone,cone
4454,60,46,1.3043478260869565,cone,cone
4455,45,27,1.6666666666666667,cone,cone
4456,10,17,0.5882352941176471,collision,collision
4457,28,29,0.9655172413793104,lateral,lateral
4458,81,81,1.0,lateral,lateral
4459,17,17,1.0,lateral,lateral
4460,53,37,1.4324324324324325,cone,cone
4461,26,20,1.3,collision,collision
4462,39,32,1.21875,cone,cone
4463,27,36,0.75,jl,cone
4464,53,40,1.325,cone,cone
4465,44,44,1.0,cone,jl
4466,1,19,0.05263157894736842,jl,cone
4467,56,42,1.3333333333333333,cone,cone
4468,15,15,1.0,lateral,lateral
4469,23,21,1.0952380952380953,cone,cone
4470,33,29,1.1379310344827587,lateral,cone
4471,31,29,1.0689655172413792,cone,cone
4472,12,13,0.9230769230769231,jl,jl
4473,15,19,0.7894736842105263,cone,cone
4474,10,10,1.0,lateral,lateral
4475,12,23,0.5217391304347826,jl,jl
4476,42,22,1.9090909090909092,cone,cone
4477,73,65,1.123076923076923,cone,cone
4478,26,25,1.04,cone,cone
4479,42,43,0.9767441860465116,jl,jl
4480,8,10,0.8,collision,collision
4481,23,26,0.8846153846153846,cone,cone
4482,24,28,0.8571428571428571,jl,cone
4483,18,18,1.0,cone,cone
4484,33,33,1.0,jl,cone
4485,35,27,1.2962962962962963,cone,cone
4486,47,39,1.205128205128205,jl,cone
4487,23,22,1.0454545454545454,cone,cone
4488,25,27,0.9259259259259259,cone,cone
4489,106,37,2.864864864864865,cone,cone
4490,27,25,1.08,cone,cone
4491,56,48,1.1666666666666667,cone,cone
4492,17,19,0.8947368421052632,cone,cone
4493,7,30,0.23333333333333334,jl,cone
4494,20,32,0.625,jl,jl
4495,23,20,1.15,cone,cone
4496,23,20,1.15,cone,cone
4497,29,29,1.0,jl,cone
4498,10,21,0.47619047619047616,jl,cone
4499,11,11,1.0,collision,collision
4500,23,22,1.0454545454545454,cone,cone
4501,104,31,3.3548387096774195,cone,jl
4502,1,58,0.017241379310344827,jl,cone
4503,101,63,1.6031746031746033,cone,cone
4504,25,25,1.0,cone,cone
4505,42,35,1.2,jl,cone
4506,35,27,1.2962962962962963,cone,cone
4507,25,31,0.8064516129032258,jl,jl
4508,83,33,2.515151515151515,jl,cone
4509,22,23,0.9565217391304348,cone,cone
4510,16,16,1.0,lateral,lateral
4511,75,26,2.8846153846153846,cone,cone
4512,40,33,1.2121212121212122,cone,cone
4513,34,27,1.2592592592592593,cone,cone
4514,55,54,1.0185185185185186,lateral,lateral
4515,26,27,0.9629629629629629,lateral,lateral
4516,82,82,1.0,cone,cone
4517,7,41,0.17073170731707318,jl,cone
4518,12,12,1.0,jl,jl
4519,52,39,1.3333333333333333,cone,cone
4520,24,20,1.2,cone,cone
4521,20,18,1.1111111111111112,cone,cone
4522,57,31,1.8387096774193548,jl,cone
4523,32,26,1.2307692307692308,cone,cone
4524,15,15,1.0,cone,cone
4525,77,39,1.9743589743589745,cone,cone
4526,61,47,1.297872340425532,cone,jl
4527,79,63,1.253968253968254,cone,cone
4528,57,28,2.0357142857142856,cone,cone
4529,35,25,1.4,cone,cone
4530,49,45,1.0888888888888888,cone,cone
4531,86,44,1.9545454545454546,cone,cone
4532,106,32,3.3125,cone,cone
4533,7,38,0.18421052631578946,jl,cone
4534,40,37,1.0810810810810811,lateral,cone
4535,55,48,1.1458333333333333,cone,cone
4536,84,34,2.4705882352941178,cone,cone
4537,17,16,1.0625,lateral,lateral
4538,19,19,1.0,lateral,lateral
4539,22,22,1.0,lateral,lateral
4540,12,12,1.0,lateral,lateral
4541,26,32,0.8125,cone,cone
4542,44,35,1.2571428571428571,cone,cone
4543,21,21,1.0,cone,cone
4544,60,60,1.0,cone,cone
4545,71,56,1.2678571428571428,cone,cone
4546,35,35,1.0,lateral,lateral
4547,86,47,1.8297872340425532,cone,cone
4548,21,18,1.1666666666666667,cone,cone
4549,20,19,1.0526315789473684,cone,cone
4550,21,21,1.0,jl,jl
4551,48,41,1.170731707317073,cone,cone
4552,21,36,0.5833333333333334,cone,cone
4553,13,16,0.8125,jl,jl
4554,3,13,0.23076923076923078,jl,jl
4555,55,41,1.3414634146341464,cone,cone
4556,64,46,1.391304347826087,jl,cone
4557,48,22,2.1818181818181817,cone,cone
4558,65,54,1.2037037037037037,cone,cone
4559,49,46,1.065217391304348,cone,cone
4560,87,84,1.0357142857142858,cone,cone
4561,49,31,1.5806451612903225,cone,cone
4562,14,21,0.6666666666666666,jl,cone
4563,41,32,1.28125,cone,cone
4564,18,18,1.0,lateral,lateral
4565,42,26,1.6153846153846154,jl,cone
4566,31,31,1.0,lateral,lateral
4567,36,26,1.3846153846153846,cone,cone
4568,73,26,2.8076923076923075,collision,cone
4569,48,47,1.0212765957446808,cone,cone
4570,36,33,1.0909090909090908,cone,cone
4571,30,29,1.0344827586206897,cone,cone
4572,80,27,2.962962962962963,cone,cone
4573,40,26,1.5384615384615385,cone,cone
4574,55,35,1.5714285714285714,jl,cone
4575,22,22,1.0,lateral,lateral
4576,22,23,0.9565217391304348,lateral,lateral
4577,27,27,1.0,lateral,lateral
4578,49,32,1.53125,cone,cone
4579,48,37,1.2972972972972974,cone,cone
4580,61,37,1.6486486486486487,jl,cone
4581,14,15,0.9333333333333333,jl,jl
4582,26,19,1.368421052631579,cone,cone
4583,32,27,1.1851851851851851,jl,jl
4584,78,30,2.6,cone,cone
4585,17,17,1.0,lateral,lateral
4586,21,21,1.0,cone,cone
4587,107,89,1.202247191011236,cone,cone
4588,50,33,1.5151515151515151,cone,cone
4589,30,29,1.0344827586206897,cone,cone
4590,36,61,0.5901639344262295,cone,cone
4591,37,30,1.2333333333333334,jl,cone
4592,43,28,1.5357142857142858,cone,cone
4593,36,37,0.972972972972973,jl,jl
4594,78,85,0.9176470588235294,cone,cone
4595,13,13,1.0,lateral,lateral
4596,69,38,1.8157894736842106,cone,cone
4597,26,26,1.0,cone,cone
4598,43,36,1.1944444444444444,cone,cone
4599,24,28,0.8571428571428571,cone,cone
4600,53,27,1.962962962962963,cone,cone
4601,26,25,1.04,cone,cone
4602,35,37,0.9459459459459459,cone,cone
4603,40,36,1.1111111111111112,cone,cone
4604,73,77,0.948051948051948,jl,jl
4605,40,30,1.3333333333333333,cone,cone
4606,19,19,1.0,cone,cone
4607,22,21,1.0476190476190477,jl,jl
4608,63,48,1.3125,cone,cone
4609,26,23,1.1304347826086956,lateral,cone
4610,95,36,2.638888888888889,jl,cone
4611,29,25,1.16,cone,cone
4612,13,44,0.29545454545454547,jl,cone
4613,27,27,1.0,lateral,lateral
4614,79,60,1.3166666666666667,cone,cone
4615,57,37,1.5405405405405406,cone,cone
4616,14,14,1.0,lateral,lateral
4617,88,26,3.3846153846153846,cone,cone
4618,27,23,1.173913043478261,cone,cone
4619,24,22,1.0909090909090908,jl,jl
4620,22,21,1.0476190476190477,cone,cone
4621,11,12,0.9166666666666666,jl,cone
4622,39,39,1.0,lateral,lateral
4623,25,16,1.5625,cone,jl
4624,27,22,1.2272727272727273,jl,jl
4625,6,38,0.15789473684210525,jl,cone
4626,49,32,1.53125,cone,cone
4627,10,25,0.4,jl,jl
4628,70,70,1.0,lateral,lateral
4629,21,21,1.0,lateral,lateral
4630,61,27,2.259259259259259,cone,cone
4631,75,70,1.0714285714285714,cone,jl
4632,117,29,4.0344827586206895,jl,cone
4633,25,24,1.0416666666666667,lateral,lateral
4634,77,68,1.1323529411764706,cone,cone
4635,47,37,1.2702702702702702,cone,cone
4636,17,17,1.0,cone,cone
4637,38,17,2.235294117647059,jl,cone
4638,24,24,1.0,cone,cone
4639,19,19,1.0,lateral,lateral
4640,54,49,1.1020408163265305,cone,cone
4641,24,17,1.411764705882353,cone,cone
4642,6,13,0.46153846153846156,jl,jl
4643,18,18,1.0,cone,cone
4644,67,60,1.1166666666666667,lateral,cone
4645,55,45,1.2222222222222223,cone,cone
4646,14,14,1.0,cone,cone
4647,91,43,2.116279069767442,cone,cone
4648,42,42,1.0,jl,jl
4649,35,77,0.45454545454545453,jl,cone
4650,49,34,1.4411764705882353,cone,cone
4651,18,18,1.0,cone,cone
4652,25,21,1.1904761904761905,jl,cone
4653,38,18,2.111111111111111,jl,cone
4654,73,31,2.3548387096774195,cone,cone
4655,1,41,0.024390243902439025,jl,cone
4656,32,34,0.9411764705882353,jl,cone
4657,29,46,0.6304347826086957,jl,cone
4658,65,37,1.7567567567567568,cone,cone
4659,68,26,2.6153846153846154,jl,cone
4660,11,14,0.7857142857142857,jl,jl
4661,26,26,1.0,lateral,lateral
4662,25,25,1.0,lateral,lateral
4663,21,22,0.9545454545454546,cone,cone
4664,101,38,2.6578947368421053,cone,cone
4665,28,23,1.2173913043478262,cone,cone
4666,29,21,1.380952380952381,jl,cone
4667,48,24,2.0,lateral,cone
4668,63,82,0.7682926829268293,cone,cone
4669,52,48,1.0833333333333333,cone,cone
4670,43,31,1.3870967741935485,jl,cone
4671,12,16,0.75,cone,cone
4672,72,33,2.1818181818181817,jl,cone
4673,42,26,1.6153846153846154,cone,cone
4674,23,23,1.0,cone,jl
4675,19,29,0.6551724137931034,jl,cone
4676,1,42,0.023809523809523808,jl,cone
4677,18,18,1.0,lateral,lateral
4678,36,41,0.8780487804878049,jl,cone
4679,24,19,1.263157894736842,cone,cone
4680,14,14,1.0,cone,cone
4681,58,52,1.1153846153846154,lateral,cone
4682,27,27,1.0,lateral,lateral
4683,67,20,3.35,collision,cone
4684,48,40,1.2,cone,cone
4685,33,43,0.7674418604651163,jl,jl
4686,109,30,3.6333333333333333,lateral,cone
4687,16,20,0.8,jl,jl
4688,91,71,1.2816901408450705,cone,cone
4689,36,42,0.8571428571428571,jl,jl
4690,8,18,0.4444444444444444,jl,cone
4691,49,37,1.3243243243243243,cone,cone
4692,67,36,1.8611111111111112,jl,cone
4693,18,17,1.0588235294117647,cone,cone
4694,31,23,1.3478260869565217,jl,jl
4695,20,15,1.3333333333333333,jl,jl
4696,51,52,0.9807692307692307,lateral,lateral
4697,13,15,0.8666666666666667,collision,collision
4698,49,41,1.1951219512195121,cone,cone
4699,63,61,1.0327868852459017,cone,cone
4700,51,17,3.0,cone,jl
4701,13,14,0.9285714285714286,lateral,lateral
4702,15,15,1.0,cone,cone
4703,34,19,1.7894736842105263,cone,cone
4704,45,44,1.0227272727272727,cone,cone
4705,63,25,2.52,cone,cone
4706,43,43,1.0,lateral,lateral
4707,16,16,1.0,lateral,lateral
4708,90,51,1.7647058823529411,cone,cone
4709,49,27,1.8148148148148149,cone,cone
4710,24,24,1.0,cone,cone
4711,55,42,1.3095238095238095,cone,cone
4712,48,38,1.263157894736842,cone,cone
4713,14,14,1.0,lateral,lateral
4714,26,22,1.1818181818181819,cone,cone
4715,70,36,1.9444444444444444,cone,cone
4716,14,39,0.358974358974359,jl,cone
4717,26,24,1.0833333333333333,lateral,cone
4718,69,55,1.2545454545454546,cone,cone
4719,35,34,1.0294117647058822,cone,cone
4720,18,17,1.0588235294117647,cone,cone
4721,19,37,0.5135135135135135,collision,cone
4722,17,17,1.0,cone,cone
4723,69,77,0.8961038961038961,cone,cone
4724,34,27,1.2592592592592593,jl,jl
4725,24,23,1.0434782608695652,cone,cone
4726,87,33,2.6363636363636362,cone,cone
4727,55,55,1.0,lateral,lateral
4728,11,11,1.0,cone,cone
4729,83,36,2.3055555555555554,cone,cone
4730,49,48,1.0208333333333333,cone,cone
4731,68,45,1.511111111111111,cone,cone
4732,27,27,1.0,cone,cone
4733,110,104,1.0576923076923077,cone,cone
4734,26,25,1.04,cone,cone
4735,5,107,0.04672897196261682,jl,cone
4736,11,16,0.6875,jl,jl
4737,36,37,0.972972972972973,lateral,lateral
4738,29,28,1.0357142857142858,cone,cone
4739,113,21,5.380952380952381,cone,cone
4740,76,59,1.2881355932203389,cone,cone
4741,28,82,0.34146341463414637,jl,cone
4742,17,14,1.2142857142857142,jl,jl
4743,37,30,1.2333333333333334,lateral,cone
4744,99,35,2.8285714285714287,jl,cone
4745,14,38,0.3684210526315789,jl,cone
4746,35,30,1.1666666666666667,cone,cone
4747,21,23,0.9130434782608695,cone,cone
4748,34,34,1.0,jl,jl
4749,51,29,1.7586206896551724,cone,cone
4750,33,30,1.1,cone,cone
4751,47,26,1.8076923076923077,cone,cone
4752,43,43,1.0,lateral,lateral
4753,45,48,0.9375,jl,cone
4754,25,25,1.0,cone,cone
4755,26,24,1.0833333333333333,cone,cone
4756,80,36,2.2222222222222223,lateral,cone
4757,47,35,1.3428571428571427,jl,cone
4758,15,22,0.6818181818181818,jl,jl
4759,18,19,0.9473684210526315,lateral,lateral
4760,17,13,1.3076923076923077,cone,jl
4761,31,27,1.1481481481481481,cone,cone
4762,40,34,1.1764705882352942,cone,cone
4763,25,33,0.7575757575757576,jl,cone
4764,45,32,1.40625,cone,cone
4765,50,37,1.3513513513513513,cone,cone
4766,62,62,1.0,lateral,lateral
4767,21,21,1.0,cone,cone
4768,46,33,1.393939393939394,cone,cone
4769,46,33,1.393939393939394,cone,cone
4770,32,24,1.3333333333333333,cone,cone
4771,52,27,1.9259259259259258,cone,cone
4772,52,29,1.793103448275862,cone,cone
4773,14,14,1.0,lateral,lateral
4774,34,30,1.1333333333333333,jl,jl
4775,37,14,2.642857142857143,cone,jl
4776,14,15,0.9333333333333333,lateral,lateral
4777,58,52,1.1153846153846154,cone,cone
4778,25,22,1.1363636363636365,cone,cone
4779,37,32,1.15625,cone,jl
4780,51,37,1.3783783783783783,cone,cone
4781,52,52,1.0,cone,cone
4782,77,39,1.9743589743589745,cone,cone
4783,25,24,1.0416666666666667,cone,cone
4784,44,42,1.0476190476190477,cone,cone
4785,57,53,1.0754716981132075,cone,cone
4786,47,51,0.9215686274509803,jl,cone
4787,115,24,4.791666666666667,jl,cone
4788,27,26,1.0384615384615385,cone,cone
4789,47,42,1.119047619047619,lateral,cone
4790,20,18,1.1111111111111112,cone,cone
4791,74,50,1.48,cone,cone
4792,24,23,1.0434782608695652,lateral,lateral
4793,97,34,2.8529411764705883,cone,cone
4794,65,52,1.25,cone,cone
4795,65,31,2.096774193548387,cone,cone
4796,39,36,1.0833333333333333,cone,cone
4797,35,35,1.0,cone,cone
4798,21,27,0.7777777777777778,cone,cone
4799,26,27,0.9629629629629629,cone,cone
4800,39,37,1.054054054054054,cone,cone
4801,59,24,2.4583333333333335,cone,cone
4802,19,18,1.0555555555555556,cone,cone
4803,85,75,1.1333333333333333,lateral,cone
4804,12,12,1.0,jl,jl
4805,38,38,1.0,lateral,lateral
4806,48,33,1.4545454545454546,cone,cone
4807,13,12,1.0833333333333333,jl,jl
4808,61,46,1.326086956521739,cone,cone
4809,48,51,0.9411764705882353,jl,cone
4810,30,28,1.0714285714285714,cone,cone
4811,40,32,1.25,cone,cone
4812,41,20,2.05,cone,cone
4813,91,48,1.8958333333333333,cone,cone
4814,109,39,2.7948717948717947,jl,cone
4815,75,50,1.5,jl,cone
4816,40,34,1.1764705882352942,jl,cone
4817,60,33,1.8181818181818181,jl,cone
4818,51,52,0.9807692307692307,cone,cone
4819,56,54,1.037037037037037,cone,cone
4820,44,34,1.2941176470588236,jl,cone
4821,91,32,2.84375,cone,cone
4822,69,65,1.0615384615384615,cone,cone
4823,53,62,0.8548387096774194,jl,lateral
4824,51,38,1.3421052631578947,cone,cone
4825,17,33,0.5151515151515151,jl,jl
4826,25,30,0.8333333333333334,jl,cone
4827,30,35,0.8571428571428571,cone,cone
4828,85,57,1.4912280701754386,cone,cone
4829,18,28,0.6428571428571429,jl,cone
4830,14,28,0.5,jl,jl
4831,26,23,1.1304347826086956,cone,cone
4832,25,21,1.1904761904761905,cone,cone
4833,25,26,0.9615384615384616,cone,cone
4834,9,21,0.42857142857142855,jl,jl
4835,27,23,1.173913043478261,cone,cone
4836,22,18,1.2222222222222223,jl,jl
4837,108,25,4.32,cone,jl
4838,45,35,1.2857142857142858,cone,cone
4839,19,20,0.95,cone,cone
4840,36,27,1.3333333333333333,cone,cone
4841,27,40,0.675,jl,cone
4842,61,24,2.5416666666666665,cone,cone
4843,29,23,1.2608695652173914,cone,cone
4844,21,18,1.1666666666666667,cone,cone
4845,63,46,1.3695652173913044,cone,cone
4846,42,37,1.135135135135135,cone,cone
4847,29,23,1.2608695652173914,jl,jl
4848,55,55,1.0,lateral,lateral
4849,40,36,1.1111111111111112,cone,cone
4850,12,10,1.2,jl,jl
4851,14,14,1.0,cone,cone
4852,12,12,1.0,cone,cone
4853,58,38,1.5263157894736843,cone,cone
4854,84,39,2.1538461538461537,cone,cone
4855,14,28,0.5,jl,jl
4856,22,22,1.0,cone,cone
4857,15,23,0.6521739130434783,jl,cone
4858,53,52,1.0192307692307692,cone,cone
4859,28,27,1.037037037037037,jl,jl
4860,64,26,2.4615384615384617,cone,cone
4861,42,38,1.105263157894737,cone,cone
4862,35,34,1.0294117647058822,cone,cone
4863,37,32,1.15625,cone,cone
4864,29,24,1.2083333333333333,cone,cone
4865,51,33,1.5454545454545454,cone,cone
4866,64,48,1.3333333333333333,cone,cone
4867,67,24,2.7916666666666665,cone,cone
4868,33,30,1.1,cone,cone
4869,18,16,1.125,cone,cone
4870,58,46,1.2608695652173914,cone,cone
4871,76,34,2.235294117647059,cone,cone
4872,27,44,0.6136363636363636,cone,cone
4873,17,29,0.5862068965517241,jl,jl
4874,55,32,1.71875,jl,cone
4875,49,42,1.1666666666666667,cone,cone
4876,12,16,0.75,cone,cone
4877,20,21,0.9523809523809523,jl,cone
4878,27,55,0.4909090909090909,jl,cone
4879,10,12,0.8333333333333334,jl,lateral
4880,19,41,0.4634146341463415,jl,jl
4881,86,36,2.388888888888889,lateral,cone
4882,50,37,1.3513513513513513,jl,cone
4883,24,20,1.2,jl,jl
4884,103,27,3.814814814814815,cone,cone
4885,15,15,1.0,cone,cone
4886,19,11,1.7272727272727273,cone,collision
4887,93,64,1.453125,cone,cone
4888,60,45,1.3333333333333333,cone,cone
4889,99,47,2.106382978723404,cone,cone
4890,87,78,1.1153846153846154,cone,cone
4891,37,36,1.0277777777777777,cone,cone
4892,20,21,0.9523809523809523,cone,cone
4893,9,24,0.375,jl,jl
4894,43,43,1.0,cone,cone
4895,28,21,1.3333333333333333,cone,cone
4896,13,13,1.0,cone,cone
4897,73,71,1.028169014084507,cone,cone
4898,58,38,1.5263157894736843,cone,cone
4899,34,37,0.918918918918919,jl,cone
4900,84,13,6.461538461538462,cone,jl
4901,19,25,0.76,jl,cone
4902,14,14,1.0,cone,cone
4903,52,34,1.5294117647058822,jl,cone
4904,9,15,0.6,jl,jl
4905,48,33,1.4545454545454546,cone,cone
4906,77,31,2.4838709677419355,cone,cone
4907,46,42,1.0952380952380953,cone,cone
4908,74,21,3.5238095238095237,cone,cone
4909,8,39,0.20512820512820512,jl,cone
4910,13,15,0.8666666666666667,jl,jl
4911,22,24,0.9166666666666666,cone,cone
4912,26,26,1.0,cone,cone
4913,20,23,0.8695652173913043,jl,cone
4914,28,23,1.2173913043478262,cone,cone
4915,25,24,1.0416666666666667,cone,cone
4916,84,33,2.5454545454545454,cone,cone
4917,51,41,1.2439024390243902,cone,cone
4918,24,22,1.0909090909090908,cone,cone
4919,17,17,1.0,cone,cone
4920,54,39,1.3846153846153846,jl,jl
4921,22,21,1.0476190476190477,cone,cone
4922,103,100,1.03,cone,cone
4923,96,39,2.4615384615384617,jl,cone
4924,31,22,1.4090909090909092,cone,cone
4925,21,20,1.05,cone,cone
4926,35,35,1.0,cone,cone
4927,24,20,1.2,cone,cone
4928,26,26,1.0,cone,cone
4929,22,22,1.0,cone,cone
4930,13,13,1.0,cone,cone
4931,57,41,1.3902439024390243,cone,cone
4932,4,23,0.17391304347826086,jl,collision
4933,34,32,1.0625,cone,cone
4934,75,32,2.34375,jl,cone
4935,29,36,0.8055555555555556,jl,cone
4936,122,38,3.210526315789474,cone,cone
4937,60,48,1.25,jl,cone
4938,67,43,1.558139534883721,cone,cone
4939,93,38,2.4473684210526314,cone,cone
4940,39,39,1.0,cone,cone
4941,32,22,1.4545454545454546,jl,cone
4942,75,51,1.4705882352941178,cone,cone
4943,69,65,1.0615384615384615,cone,cone
4944,11,20,0.55,jl,cone
4945,20,16,1.25,cone,cone
4946,43,29,1.4827586206896552,cone,cone
4947,45,41,1.0975609756097562,jl,cone
4948,41,61,0.6721311475409836,jl,cone
4949,12,27,0.4444444444444444,jl,cone
4950,60,55,1.0909090909090908,cone,cone
4951,78,32,2.4375,cone,cone
4952,53,49,1.0816326530612246,cone,cone
4953,23,25,0.92,jl,cone
4954,19,19,1.0,lateral,lateral
4955,48,34,1.411764705882353,cone,cone
4956,27,26,1.0384615384615385,jl,cone
4957,45,43,1.0465116279069768,jl,jl
4958,20,20,1.0,cone,cone
4959,47,43,1.0930232558139534,cone,cone
4960,17,17,1.0,collision,collision
4961,92,39,2.358974358974359,jl,cone
4962,89,51,1.7450980392156863,cone,jl
4963,39,30,1.3,cone,cone
4964,27,17,1.588235294117647,cone,cone
4965,82,27,3.037037037037037,cone,cone
4966,14,36,0.3888888888888889,jl,cone
4967,65,62,1.0483870967741935,cone,cone
4968,79,43,1.8372093023255813,cone,cone
4969,16,16,1.0,jl,jl
4970,13,24,0.5416666666666666,jl,jl
4971,22,22,1.0,cone,cone
4972,36,30,1.2,lateral,cone
4973,65,57,1.1403508771929824,cone,cone
4974,24,23,1.0434782608695652,cone,cone
4975,125,25,5.0,cone,cone
4976,18,36,0.5,jl,jl
4977,17,19,0.8947368421052632,cone,cone
4978,33,53,0.6226415094339622,jl,lateral
4979,12,59,0.2033898305084746,jl,cone
4980,67,51,1.3137254901960784,cone,cone
4981,118,64,1.84375,cone,cone
4982,53,46,1.1521739130434783,jl,cone
4983,23,24,0.9583333333333334,cone,cone
4984,57,55,1.0363636363636364,lateral,cone
4985,54,55,0.9818181818181818,lateral,lateral
4986,50,46,1.0869565217391304,cone,cone
4987,20,26,0.7692307692307693,cone,cone
4988,25,24,1.0416666666666667,cone,cone
4989,59,59,1.0,lateral,lateral
4990,44,42,1.0476190476190477,cone,cone
4991,64,64,1.0,lateral,lateral
4992,14,18,0.7777777777777778,collision,collision
4993,4,13,0.3076923076923077,jl,jl
4994,65,52,1.25,cone,cone
4995,12,12,1.0,lateral,lateral
4996,119,115,1.0347826086956522,cone,cone
4997,19,19,1.0,cone,cone
4998,86,37,2.324324324324324,cone,jl
4999,61,56,1.0892857142857142,cone,cone
5000,33,16,2.0625,cone,jl
5001,89,30,2.966666666666667,cone,cone
5002,19,18,1.0555555555555556,cone,cone
5003,28,24,1.1666666666666667,cone,cone
5004,43,40,1.075,jl,cone
5005,86,23,3.739130434782609,cone,cone
5006,16,20,0.8,jl,cone
5007,9,17,0.5294117647058824,collision,cone
5008,27,23,1.173913043478261,cone,cone
5009,93,41,2.268292682926829,cone,cone
5010,11,18,0.6111111111111112,jl,cone
5011,32,30,1.0666666666666667,cone,cone
5012,33,34,0.9705882352941176,cone,cone
5013,24,24,1.0,cone,cone
5014,56,43,1.302325581395349,cone,cone
5015,41,30,1.3666666666666667,cone,cone
5016,28,28,1.0,cone,cone
5017,15,27,0.5555555555555556,jl,cone
5018,69,37,1.864864864864865,cone,cone
5019,54,54,1.0,lateral,lateral
5020,67,30,2.2333333333333334,jl,cone
5021,61,34,1.7941176470588236,jl,cone
5022,77,31,2.4838709677419355,cone,cone
5023,80,48,1.6666666666666667,cone,cone
5024,43,32,1.34375,cone,cone
5025,14,16,0.875,collision,collision
5026,20,23,0.8695652173913043,jl,cone
5027,20,20,1.0,cone,cone
5028,32,25,1.28,cone,cone
5029,58,33,1.7575757575757576,cone,cone
5030,44,36,1.2222222222222223,cone,cone
5031,43,72,0.5972222222222222,cone,jl
5032,96,48,2.0,cone,cone
5033,65,29,2.2413793103448274,jl,cone
5034,20,19,1.0526315789473684,cone,cone
5035,102,26,3.923076923076923,cone,cone
5036,11,11,1.0,lateral,lateral
5037,56,56,1.0,lateral,lateral
5038,20,20,1.0,cone,cone
5039,38,39,0.9743589743589743,jl,cone
5040,28,24,1.1666666666666667,cone,cone
5041,25,26,0.9615384615384616,jl,cone
5042,26,27,0.9629629629629629,jl,jl
5043,31,26,1.1923076923076923,cone,cone
5044,32,24,1.3333333333333333,jl,jl
5045,32,22,1.4545454545454546,cone,cone
5046,36,32,1.125,cone,cone
5047,41,36,1.1388888888888888,cone,cone
5048,40,35,1.1428571428571428,lateral,jl
5049,31,20,1.55,cone,cone
5050,67,60,1.1166666666666667,cone,cone
5051,39,34,1.1470588235294117,cone,cone
5052,53,44,1.2045454545454546,cone,cone
5053,46,35,1.3142857142857143,cone,cone
5054,40,28,1.4285714285714286,jl,cone
5055,8,29,0.27586206896551724,jl,cone
5056,39,32,1.21875,cone,cone
5057,22,18,1.2222222222222223,cone,cone
5058,46,42,1.0952380952380953,cone,cone
5059,23,43,0.5348837209302325,cone,cone
5060,67,31,2.161290322580645,cone,cone
5061,18,17,1.0588235294117647,cone,cone
5062,35,26,1.3461538461538463,cone,cone
5063,95,35,2.7142857142857144,cone,cone
5064,41,40,1.025,lateral,lateral
5065,106,41,2.5853658536585367,cone,cone
5066,17,17,1.0,cone,cone
5067,56,54,1.037037037037037,cone,cone
5068,35,26,1.3461538461538463,cone,cone
5069,63,45,1.4,jl,cone
5070,43,36,1.1944444444444444,cone,jl
5071,82,64,1.28125,lateral,cone
5072,55,25,2.2,cone,cone
5073,64,49,1.3061224489795917,cone,cone
5074,24,39,0.6153846153846154,jl,cone
5075,47,31,1.5161290322580645,jl,cone
5076,44,47,0.9361702127659575,cone,cone
5077,38,38,1.0,cone,cone
5078,88,35,2.5142857142857142,jl,cone
5079,64,24,2.6666666666666665,jl,cone
5080,33,32,1.03125,jl,cone
5081,40,23,1.7391304347826086,cone,cone
5082,42,28,1.5,jl,cone
5083,41,48,0.8541666666666666,cone,cone
5084,53,45,1.1777777777777778,jl,cone
5085,10,22,0.45454545454545453,jl,cone
5086,28,30,0.9333333333333333,jl,jl
5087,102,79,1.2911392405063291,cone,cone
5088,9,51,0.17647058823529413,jl,cone
5089,35,18,1.9444444444444444,jl,cone
5090,26,27,0.9629629629629629,jl,jl
5091,14,22,0.6363636363636364,collision,cone
5092,31,32,0.96875,cone,cone
5093,10,10,1.0,lateral,lateral
5094,75,49,1.530612244897959,cone,cone
5095,45,26,1.7307692307692308,cone,cone
5096,55,50,1.1,cone,cone
5097,46,28,1.6428571428571428,cone,cone
5098,60,49,1.2244897959183674,cone,cone
5099,28,28,1.0,cone,cone
5100,22,21,1.0476190476190477,cone,cone
5101,28,32,0.875,cone,cone
5102,14,14,1.0,lateral,lateral
5103,30,25,1.2,cone,cone
5104,38,28,1.3571428571428572,jl,jl
5105,20,32,0.625,jl,jl
5106,74,40,1.85,cone,cone
5107,16,17,0.9411764705882353,jl,cone
5108,57,57,1.0,cone,cone
5109,23,22,1.0454545454545454,cone,cone
5110,40,57,0.7017543859649122,cone,cone
5111,18,18,1.0,lateral,lateral
5112,21,18,1.1666666666666667,cone,cone
5113,57,56,1.0178571428571428,cone,cone
5114,24,24,1.0,lateral,lateral
5115,101,39,2.58974358974359,cone,jl
5116,16,17,0.9411764705882353,jl,jl
5117,13,13,1.0,cone,cone
5118,25,59,0.423728813559322,jl,cone
5119,13,14,0.9285714285714286,jl,jl
5120,49,47,1.0425531914893618,cone,cone
5121,85,36,2.361111111111111,cone,cone
5122,101,47,2.148936170212766,cone,cone
5123,47,47,1.0,lateral,lateral
5124,71,53,1.3396226415094339,cone,cone
5125,9,20,0.45,jl,jl
5126,16,15,1.0666666666666667,cone,cone
5127,50,48,1.0416666666666667,jl,jl
5128,64,63,1.0158730158730158,lateral,lateral
5129,36,37,0.972972972972973,lateral,lateral
5130,93,53,1.7547169811320755,cone,cone
5131,45,41,1.0975609756097562,cone,cone
5132,19,24,0.7916666666666666,collision,cone
5133,25,34,0.7352941176470589,cone,cone
5134,23,23,1.0,cone,cone
5135,30,33,0.9090909090909091,jl,cone
5136,36,36,1.0,cone,cone
5137,1,19,0.05263157894736842,jl,cone
5138,38,17,2.235294117647059,jl,collision
5139,53,41,1.2926829268292683,cone,cone
5140,41,29,1.4137931034482758,cone,cone
5141,17,22,0.7727272727272727,collision,collision
5142,52,33,1.5757575757575757,jl,cone
5143,29,31,0.9354838709677419,cone,cone
5144,67,69,0.9710144927536232,cone,cone
5145,24,24,1.0,cone,cone
5146,45,37,1.2162162162162162,cone,cone
5147,26,33,0.7878787878787878,collision,cone
5148,49,47,1.0425531914893618,cone,cone
5149,29,25,1.16,lateral,cone
5150,49,42,1.1666666666666667,cone,cone
5151,12,12,1.0,lateral,lateral
5152,51,22,2.3181818181818183,jl,cone
5153,108,39,2.769230769230769,cone,cone
5154,52,53,0.9811320754716981,lateral,lateral
5155,19,31,0.6129032258064516,jl,cone
5156,106,40,2.65,cone,cone
5157,69,69,1.0,jl,cone
5158,20,28,0.7142857142857143,jl,cone
5159,78,75,1.04,cone,cone
5160,11,19,0.5789473684210527,jl,jl
5161,40,40,1.0,lateral,lateral
5162,22,22,1.0,lateral,lateral
5163,78,82,0.9512195121951219,cone,cone
5164,19,23,0.8260869565217391,cone,cone
5165,23,21,1.0952380952380953,cone,cone
5166,16,16,1.0,cone,cone
5167,47,47,1.0,lateral,lateral
5168,14,28,0.5,jl,cone
5169,71,30,2.3666666666666667,jl,cone
5170,115,84,1.369047619047619,cone,cone
5171,52,28,1.8571428571428572,cone,cone
5172,61,72,0.8472222222222222,jl,jl
5173,97,47,2.0638297872340425,cone,cone
5174,47,57,0.8245614035087719,jl,cone
5175,34,33,1.0303030303030303,lateral,cone
5176,27,20,1.35,cone,cone
5177,25,37,0.6756756756756757,cone,cone
5178,34,30,1.1333333333333333,cone,cone
5179,64,59,1.0847457627118644,lateral,cone
5180,28,29,0.9655172413793104,cone,cone
5181,42,25,1.68,jl,cone
5182,26,24,1.0833333333333333,cone,cone
5183,37,29,1.2758620689655173,cone,cone
5184,27,28,0.9642857142857143,lateral,lateral
5185,44,47,0.9361702127659575,cone,cone
5186,20,20,1.0,cone,cone
5187,52,24,2.1666666666666665,cone,cone
5188,31,68,0.45588235294117646,jl,cone
5189,21,13,1.6153846153846154,cone,jl
5190,79,35,2.257142857142857,cone,cone
5191,26,24,1.0833333333333333,cone,cone
5192,11,23,0.4782608695652174,collision,cone
5193,46,43,1.069767441860465,cone,cone
5194,56,27,2.074074074074074,jl,cone
5195,26,63,0.4126984126984127,jl,lateral
5196,62,31,2.0,cone,cone
5197,73,36,2.0277777777777777,cone,cone
5198,60,41,1.4634146341463414,cone,cone
5199,14,14,1.0,cone,cone
5200,51,42,1.2142857142857142,cone,cone
5201,38,31,1.2258064516129032,cone,cone
5202,35,36,0.9722222222222222,cone,cone
5203,49,49,1.0,lateral,cone
5204,18,17,1.0588235294117647,cone,cone
5205,49,42,1.1666666666666667,jl,cone
5206,14,13,1.0769230769230769,cone,cone
5207,40,38,1.0526315789473684,cone,cone
5208,33,33,1.0,lateral,lateral
5209,12,12,1.0,lateral,lateral
5210,40,29,1.3793103448275863,cone,cone
5211,11,39,0.28205128205128205,jl,cone
5212,62,42,1.4761904761904763,cone,cone
5213,52,52,1.0,lateral,lateral
5214,15,15,1.0,cone,cone
5215,34,25,1.36,cone,cone
5216,36,30,1.2,jl,cone
5217,89,27,3.2962962962962963,lateral,cone
5218,75,51,1.4705882352941178,cone,cone
5219,75,78,0.9615384615384616,cone,cone
5220,64,47,1.3617021276595744,cone,cone
5221,33,61,0.5409836065573771,jl,jl
5222,71,32,2.21875,cone,cone
5223,18,18,1.0,cone,cone
5224,84,83,1.0120481927710843,cone,cone
5225,104,31,3.3548387096774195,cone,jl
5226,30,29,1.0344827586206897,cone,cone
5227,98,35,2.8,lateral,cone
5228,48,28,1.7142857142857142,cone,cone
5229,63,39,1.6153846153846154,cone,cone
5230,69,30,2.3,cone,cone
5231,13,51,0.2549019607843137,jl,cone
5232,9,10,0.9,jl,jl
5233,69,13,5.3076923076923075,cone,cone
5234,42,64,0.65625,jl,cone
5235,25,22,1.1363636363636365,cone,cone
5236,19,56,0.3392857142857143,jl,jl
5237,59,41,1.4390243902439024,cone,cone
5238,25,63,0.3968253968253968,jl,cone
5239,65,64,1.015625,cone,cone
5240,59,47,1.2553191489361701,jl,cone
5241,107,34,3.1470588235294117,lateral,cone
5242,17,18,0.9444444444444444,lateral,lateral
5243,14,18,0.7777777777777778,jl,jl
5244,26,24,1.0833333333333333,cone,cone
5245,99,30,3.3,cone,cone
5246,45,40,1.125,cone,cone
5247,14,14,1.0,cone,cone
5248,17,17,1.0,cone,cone
5249,51,58,0.8793103448275862,jl,cone
5250,67,41,1.6341463414634145,cone,cone
5251,4,35,0.11428571428571428,jl,cone
5252,43,35,1.2285714285714286,cone,cone
5253,24,30,0.8,collision,cone
5254,118,30,3.933333333333333,cone,cone
5255,40,39,1.0256410256410255,lateral,cone
5256,39,37,1.054054054054054,cone,cone
5257,136,25,5.44,cone,cone
5258,19,18,1.0555555555555556,cone,cone
5259,52,52,1.0,lateral,lateral
5260,26,23,1.1304347826086956,cone,cone
5261,18,21,0.8571428571428571,cone,cone
5262,65,32,2.03125,cone,cone
5263,49,37,1.3243243243243243,cone,cone
5264,12,14,0.8571428571428571,cone,cone
5265,29,30,0.9666666666666667,jl,cone
5266,74,28,2.642857142857143,cone,cone
5267,56,56,1.0,cone,cone
5268,66,46,1.434782608695652,jl,jl
5269,31,29,1.0689655172413792,cone,cone
5270,25,25,1.0,cone,cone
5271,46,40,1.15,cone,cone
5272,48,25,1.92,cone,cone
5273,42,31,1.3548387096774193,cone,cone
5274,67,43,1.558139534883721,cone,cone
5275,17,17,1.0,cone,cone
5276,20,18,1.1111111111111112,jl,cone
5277,47,47,1.0,lateral,lateral
5278,19,21,0.9047619047619048,jl,cone
5279,61,45,1.3555555555555556,cone,cone
5280,11,23,0.4782608695652174,jl,jl
5281,1,28,0.03571428571428571,jl,jl
5282,19,37,0.5135135135135135,jl,cone
5283,22,21,1.0476190476190477,cone,cone
5284,19,24,0.7916666666666666,cone,cone
5285,69,69,1.0,jl,cone
5286,12,12,1.0,lateral,lateral
5287,17,17,1.0,lateral,lateral
5288,41,32,1.28125,cone,cone
5289,32,46,0.6956521739130435,jl,cone
5290,23,28,0.8214285714285714,cone,cone
5291,27,28,0.9642857142857143,cone,cone
5292,82,44,1.8636363636363635,cone,jl
5293,34,37,0.918918918918919,collision,cone
5294,9,34,0.2647058823529412,jl,cone
5295,25,25,1.0,lateral,lateral
5296,21,21,1.0,cone,cone
5297,49,40,1.225,cone,cone
5298,64,47,1.3617021276595744,cone,cone
5299,64,49,1.3061224489795917,cone,cone
5300,79,26,3.0384615384615383,cone,cone
5301,99,99,1.0,cone,cone
5302,3,48,0.0625,jl,lateral
5303,77,37,2.081081081081081,cone,cone
5304,11,10,1.1,jl,jl
5305,39,40,0.975,lateral,lateral
5306,20,22,0.9090909090909091,jl,cone
5307,96,40,2.4,cone,cone
5308,14,13,1.0769230769230769,cone,cone
5309,9,15,0.6,jl,jl
5310,24,30,0.8,jl,jl
5311,27,27,1.0,collision,cone
5312,35,32,1.09375,jl,jl
5313,48,37,1.2972972972972974,cone,cone
5314,65,62,1.0483870967741935,lateral,cone
5315,23,20,1.15,cone,cone
5316,48,38,1.263157894736842,cone,cone
5317,18,17,1.0588235294117647,cone,cone
5318,48,36,1.3333333333333333,cone,cone
5319,32,32,1.0,lateral,lateral
5320,18,25,0.72,jl,jl
5321,24,33,0.7272727272727273,cone,cone
5322,51,39,1.3076923076923077,cone,cone
5323,71,77,0.922077922077922,jl,cone
5324,72,69,1.0434782608695652,cone,cone
5325,32,28,1.1428571428571428,cone,cone
5326,28,28,1.0,jl,cone
5327,105,53,1.9811320754716981,cone,cone
5328,40,37,1.0810810810810811,cone,cone
5329,2,49,0.04081632653061224,jl,cone
5330,11,25,0.44,collision,cone
5331,3,10,0.3,collision,jl
5332,38,23,1.6521739130434783,cone,cone
5333,82,25,3.28,cone,cone
5334,2,25,0.08,jl,cone
5335,15,23,0.6521739130434783,jl,cone
5336,18,17,1.0588235294117647,cone,cone
5337,18,21,0.8571428571428571,jl,cone
5338,74,45,1.6444444444444444,jl,cone
5339,48,42,1.1428571428571428,jl,cone
5340,18,17,1.0588235294117647,cone,cone
5341,30,33,0.9090909090909091,jl,cone
5342,30,30,1.0,cone,cone
5343,100,36,2.7777777777777777,cone,cone
5344,19,18,1.0555555555555556,cone,cone
5345,84,27,3.111111111111111,cone,cone
5346,54,37,1.4594594594594594,cone,cone
5347,11,11,1.0,lateral,lateral
5348,86,43,2.0,cone,cone
5349,27,25,1.08,cone,cone
5350,50,29,1.7241379310344827,cone,jl
5351,34,20,1.7,cone,cone
5352,33,28,1.1785714285714286,cone,cone
5353,85,49,1.7346938775510203,cone,cone
5354,15,15,1.0,cone,cone
5355,43,45,0.9555555555555556,cone,cone
5356,22,16,1.375,cone,cone
5357,14,14,1.0,lateral,lateral
5358,38,38,1.0,jl,jl
5359,10,10,1.0,lateral,lateral
5360,54,39,1.3846153846153846,cone,cone
5361,35,26,1.3461538461538463,cone,cone
5362,23,20,1.15,cone,cone
5363,70,40,1.75,cone,cone
5364,1,17,0.058823529411764705,jl,cone
5365,16,36,0.4444444444444444,jl,jl
5366,30,29,1.0344827586206897,cone,cone
5367,60,52,1.1538461538461537,lateral,cone
5368,35,29,1.206896551724138,cone,cone
5369,49,49,1.0,lateral,lateral
5370,94,36,2.611111111111111,cone,cone
5371,12,12,1.0,cone,cone
5372,34,27,1.2592592592592593,lateral,cone
5373,35,29,1.206896551724138,cone,cone
5374,28,28,1.0,cone,cone
5375,27,31,0.8709677419354839,jl,cone
5376,58,33,1.7575757575757576,cone,cone
5377,50,36,1.3888888888888888,cone,cone
5378,40,22,1.8181818181818181,cone,cone
5379,50,45,1.1111111111111112,cone,cone
5380,27,23,1.173913043478261,cone,cone
5381,13,32,0.40625,jl,cone
5382,47,33,1.4242424242424243,lateral,cone
5383,9,56,0.16071428571428573,jl,jl
5384,15,15,1.0,collision,collision
5385,100,61,1.639344262295082,cone,cone
5386,70,58,1.206896551724138,cone,cone
5387,19,18,1.0555555555555556,cone,cone
5388,48,29,1.6551724137931034,cone,cone
5389,51,43,1.186046511627907,jl,cone
5390,17,19,0.8947368421052632,cone,cone
5391,39,27,1.4444444444444444,cone,cone
5392,51,47,1.0851063829787233,cone,cone
5393,20,19,1.0526315789473684,cone,cone
5394,32,31,1.032258064516129,cone,cone
5395,28,22,1.2727272727272727,cone,cone
5396,39,29,1.3448275862068966,cone,cone
5397,66,50,1.32,cone,cone
5398,48,37,1.2972972972972974,cone,cone
5399,58,44,1.3181818181818181,jl,cone
5400,71,52,1.3653846153846154,cone,cone
5401,15,15,1.0,cone,cone
5402,29,24,1.2083333333333333,cone,cone
5403,38,29,1.3103448275862069,cone,cone
5404,23,26,0.8846153846153846,jl,cone
5405,18,18,1.0,cone,cone
5406,34,34,1.0,lateral,lateral
5407,16,16,1.0,jl,jl
5408,31,31,1.0,lateral,lateral
5409,51,34,1.5,cone,cone
5410,54,54,1.0,cone,cone
5411,40,40,1.0,lateral,lateral
5412,65,56,1.1607142857142858,lateral,cone
5413,60,53,1.1320754716981132,cone,cone
5414,16,16,1.0,cone,cone
5415,82,67,1.2238805970149254,cone,cone
5416,73,46,1.5869565217391304,cone,cone
5417,12,12,1.0,lateral,lateral
5418,50,43,1.1627906976744187,cone,cone
5419,95,91,1.043956043956044,jl,jl
5420,23,19,1.2105263157894737,cone,cone
5421,22,30,0.7333333333333333,cone,cone
5422,29,35,0.8285714285714286,jl,jl
5423,71,63,1.126984126984127,cone,cone
5424,43,38,1.131578947368421,cone,cone
5425,31,41,0.7560975609756098,cone,cone
5426,83,46,1.8043478260869565,cone,cone
5427,25,28,0.8928571428571429,jl,jl
5428,74,62,1.1935483870967742,cone,cone
5429,29,28,1.0357142857142858,lateral,lateral
5430,24,31,0.7741935483870968,cone,cone
5431,32,32,1.0,cone,cone
5432,20,21,0.9523809523809523,cone,cone
5433,17,23,0.7391304347826086,jl,cone
5434,73,46,1.5869565217391304,cone,cone
5435,69,35,1.9714285714285715,cone,cone
5436,45,40,1.125,cone,cone
5437,49,39,1.2564102564102564,cone,cone
5438,63,35,1.8,cone,jl
5439,67,35,1.9142857142857144,cone,jl
5440,28,42,0.6666666666666666,jl,jl
5441,85,47,1.8085106382978724,cone,jl
5442,32,27,1.1851851851851851,cone,cone
5443,76,62,1.2258064516129032,lateral,cone
5444,24,19,1.263157894736842,cone,cone
5445,12,12,1.0,lateral,lateral
5446,33,32,1.03125,cone,cone
5447,96,84,1.1428571428571428,cone,cone
5448,21,21,1.0,cone,cone
5449,19,18,1.0555555555555556,cone,cone
5450,17,15,1.1333333333333333,jl,jl
5451,51,36,1.4166666666666667,cone,cone
5452,12,43,0.27906976744186046,jl,jl
5453,46,28,1.6428571428571428,jl,cone
5454,22,21,1.0476190476190477,cone,cone
5455,45,23,1.9565217391304348,cone,cone
5456,91,27,3.3703703703703702,cone,cone
5457,54,41,1.3170731707317074,cone,cone
5458,50,46,1.0869565217391304,cone,cone
5459,2,13,0.15384615384615385,jl,jl
5460,37,38,0.9736842105263158,lateral,lateral
5461,37,39,0.9487179487179487,jl,jl
5462,30,28,1.0714285714285714,cone,cone
5463,10,11,0.9090909090909091,lateral,lateral
5464,60,41,1.4634146341463414,cone,cone
5465,103,34,3.0294117647058822,jl,jl
5466,100,32,3.125,cone,cone
5467,29,28,1.0357142857142858,cone,cone
5468,32,25,1.28,cone,cone
5469,24,25,0.96,cone,cone
5470,32,30,1.0666666666666667,cone,cone
5471,44,34,1.2941176470588236,cone,cone
5472,32,29,1.103448275862069,cone,cone
5473,50,43,1.1627906976744187,jl,jl
5474,109,26,4.1923076923076925,cone,cone
5475,27,27,1.0,cone,cone
5476,54,37,1.4594594594594594,cone,cone
5477,37,28,1.3214285714285714,jl,cone
5478,68,31,2.193548387096774,cone,cone
5479,79,69,1.144927536231884,cone,cone
5480,16,18,0.8888888888888888,cone,cone
5481,40,39,1.0256410256410255,cone,cone
5482,20,22,0.9090909090909091,cone,cone
5483,54,50,1.08,cone,cone
5484,13,22,0.5909090909090909,cone,cone
5485,67,37,1.8108108108108107,cone,cone
5486,20,20,1.0,cone,cone
5487,21,20,1.05,cone,cone
5488,27,26,1.0384615384615385,cone,cone
5489,19,19,1.0,cone,cone
5490,20,19,1.0526315789473684,cone,cone
5491,59,56,1.0535714285714286,jl,jl
5492,86,39,2.2051282051282053,jl,cone
5493,49,39,1.2564102564102564,cone,cone
5494,4,31,0.12903225806451613,jl,cone
5495,74,72,1.0277777777777777,jl,jl
5496,24,23,1.0434782608695652,jl,cone
5497,3,49,0.061224489795918366,jl,jl
5498,29,27,1.0740740740740742,jl,cone
5499,54,48,1.125,cone,cone
5500,24,23,1.0434782608695652,jl,cone
5501,16,16,1.0,cone,cone
5502,59,37,1.5945945945945945,cone,jl
5503,25,25,1.0,cone,cone
5504,33,21,1.5714285714285714,cone,cone
5505,34,23,1.4782608695652173,jl,cone
5506,49,48,1.0208333333333333,cone,cone
5507,58,31,1.8709677419354838,cone,cone
5508,62,38,1.631578947368421,cone,cone
5509,27,22,1.2272727272727273,cone,cone
5510,75,53,1.4150943396226414,cone,cone
5511,16,16,1.0,cone,cone
5512,21,19,1.105263157894737,cone,cone
5513,58,47,1.2340425531914894,cone,cone
5514,13,13,1.0,lateral,lateral
5515,16,14,1.1428571428571428,cone,cone
5516,45,43,1.0465116279069768,cone,cone
5517,23,42,0.5476190476190477,cone,cone
5518,47,27,1.7407407407407407,cone,cone
5519,7,11,0.6363636363636364,jl,jl
5520,51,25,2.04,collision,cone
5521,40,40,1.0,lateral,lateral
5522,16,20,0.8,cone,cone
5523,20,20,1.0,cone,cone
5524,68,33,2.0606060606060606,cone,cone
5525,26,26,1.0,cone,cone
5526,75,32,2.34375,cone,cone
5527,92,46,2.0,cone,cone
5528,61,36,1.6944444444444444,jl,cone
5529,26,25,1.04,lateral,cone
5530,78,59,1.3220338983050848,cone,cone
5531,22,23,0.9565217391304348,jl,jl
5532,42,34,1.2352941176470589,cone,cone
5533,31,35,0.8857142857142857,cone,cone
5534,32,19,1.6842105263157894,jl,jl
5535,31,25,1.24,cone,cone
5536,22,30,0.7333333333333333,collision,cone
5537,79,77,1.025974025974026,cone,cone
5538,46,42,1.0952380952380953,cone,cone
5539,20,20,1.0,cone,cone
5540,57,59,0.9661016949152542,jl,cone
5541,47,27,1.7407407407407407,lateral,cone
5542,18,20,0.9,cone,cone
5543,81,33,2.4545454545454546,lateral,cone
5544,39,24,1.625,jl,jl
5545,25,28,0.8928571428571429,jl,cone
5546,110,22,5.0,jl,cone
5547,45,31,1.4516129032258065,lateral,cone
5548,46,36,1.2777777777777777,cone,cone
5549,33,31,1.064516129032258,jl,jl
5550,78,45,1.7333333333333334,cone,cone
5551,22,20,1.1,cone,cone
5552,83,31,2.6774193548387095,cone,cone
5553,45,42,1.0714285714285714,cone,cone
5554,59,61,0.9672131147540983,jl,jl
5555,61,61,1.0,lateral,lateral
5556,61,47,1.297872340425532,cone,cone
5557,29,21,1.380952380952381,cone,cone
5558,33,25,1.32,jl,jl
5559,54,54,1.0,lateral,lateral
5560,16,16,1.0,cone,cone
5561,10,29,0.3448275862068966,collision,cone
5562,33,39,0.8461538461538461,cone,cone
5563,56,54,1.037037037037037,cone,cone
5564,95,36,2.638888888888889,lateral,cone
5565,56,54,1.037037037037037,cone,cone
5566,14,22,0.6363636363636364,jl,jl
5567,3,34,0.08823529411764706,jl,cone
5568,19,19,1.0,cone,cone
5569,66,31,2.129032258064516,cone,cone
5570,124,65,1.9076923076923078,cone,cone
5571,33,29,1.1379310344827587,cone,cone
5572,114,38,3.0,cone,cone
5573,26,27,0.9629629629629629,jl,lateral
5574,74,62,1.1935483870967742,cone,cone
5575,20,27,0.7407407407407407,cone,cone
5576,26,25,1.04,cone,cone
5577,33,32,1.03125,cone,cone
5578,89,31,2.870967741935484,jl,cone
5579,112,88,1.2727272727272727,cone,cone
5580,99,95,1.0421052631578946,cone,cone
5581,66,34,1.9411764705882353,cone,cone
5582,32,27,1.1851851851851851,cone,cone
5583,91,51,1.7843137254901962,cone,cone
5584,24,22,1.0909090909090908,cone,cone
5585,38,35,1.0857142857142856,cone,cone
5586,56,53,1.0566037735849056,cone,cone
5587,30,25,1.2,cone,cone
5588,21,24,0.875,jl,cone
5589,20,21,0.9523809523809523,cone,cone
5590,55,55,1.0,lateral,lateral
5591,23,33,0.696969696969697,cone,cone
5592,21,17,1.2352941176470589,cone,cone
5593,67,50,1.34,cone,cone
5594,28,71,0.39436619718309857,jl,cone
5595,77,38,2.026315789473684,jl,cone
5596,40,32,1.25,cone,cone
5597,1,39,0.02564102564102564,jl,jl
5598,65,32,2.03125,cone,cone
5599,22,20,1.1,cone,cone
5600,33,31,1.064516129032258,cone,cone
5601,90,90,1.0,cone,cone
5602,18,18,1.0,jl,jl
5603,29,21,1.380952380952381,cone,cone
5604,16,17,0.9411764705882353,jl,jl
5605,140,23,6.086956521739131,cone,cone
5606,49,47,1.0425531914893618,cone,cone
5607,32,20,1.6,lateral,cone
5608,18,19,0.9473684210526315,cone,cone
5609,26,30,0.8666666666666667,cone,jl
5610,57,28,2.0357142857142856,cone,cone
5611,45,31,1.4516129032258065,jl,cone
5612,34,19,1.7894736842105263,cone,cone
5613,25,24,1.0416666666666667,cone,cone
5614,89,27,3.2962962962962963,jl,cone
5615,97,86,1.127906976744186,cone,cone
5616,37,31,1.1935483870967742,cone,cone
5617,30,30,1.0,lateral,lateral
5618,83,41,2.024390243902439,cone,cone
5619,25,27,0.9259259259259259,jl,cone
5620,37,37,1.0,lateral,lateral
5621,45,29,1.5517241379310345,cone,cone
5622,14,33,0.42424242424242425,jl,cone
5623,31,32,0.96875,cone,jl
5624,57,46,1.2391304347826086,cone,cone
5625,38,28,1.3571428571428572,cone,cone
5626,44,35,1.2571428571428571,cone,cone
5627,66,66,1.0,lateral,cone
5628,92,79,1.1645569620253164,cone,cone
5629,76,28,2.7142857142857144,cone,cone
5630,64,35,1.8285714285714285,jl,cone
5631,49,23,2.130434782608696,cone,cone
5632,29,49,0.5918367346938775,jl,jl
5633,9,53,0.16981132075471697,jl,cone
5634,31,34,0.9117647058823529,cone,lateral
5635,73,14,5.214285714285714,jl,collision
5636,44,43,1.0232558139534884,cone,cone
5637,42,32,1.3125,cone,cone
5638,53,29,1.8275862068965518,jl,cone
5639,47,25,1.88,cone,cone
5640,30,54,0.5555555555555556,jl,cone
5641,20,19,1.0526315789473684,cone,cone
5642,18,35,0.5142857142857142,cone,cone
5643,29,21,1.380952380952381,cone,cone
5644,1,14,0.07142857142857142,jl,jl
5645,40,35,1.1428571428571428,cone,cone
5646,27,25,1.08,cone,cone
5647,45,44,1.0227272727272727,cone,cone
5648,20,17,1.1764705882352942,jl,jl
5649,81,41,1.975609756097561,cone,cone
5650,9,12,0.75,collision,collision
5651,34,30,1.1333333333333333,cone,cone
5652,23,20,1.15,cone,cone
5653,68,47,1.446808510638298,cone,cone
5654,21,18,1.1666666666666667,cone,jl
5655,22,19,1.1578947368421053,lateral,cone
5656,30,16,1.875,cone,cone
5657,61,56,1.0892857142857142,cone,cone
5658,38,38,1.0,lateral,lateral
5659,1,16,0.0625,collision,jl
5660,25,26,0.9615384615384616,lateral,lateral
5661,55,41,1.3414634146341464,cone,cone
5662,40,40,1.0,lateral,jl
5663,65,49,1.3265306122448979,cone,cone
5664,51,39,1.3076923076923077,cone,cone
5665,21,22,0.9545454545454546,cone,cone
5666,22,19,1.1578947368421053,cone,cone
5667,33,33,1.0,cone,lateral
5668,49,38,1.2894736842105263,cone,cone
5669,37,38,0.9736842105263158,cone,cone
5670,38,38,1.0,cone,cone
5671,39,30,1.3,collision,cone
5672,24,22,1.0909090909090908,cone,cone
5673,66,60,1.1,jl,cone
5674,21,21,1.0,cone,cone
5675,17,17,1.0,cone,cone
5676,41,44,0.9318181818181818,cone,lateral
5677,9,19,0.47368421052631576,jl,jl
5678,53,54,0.9814814814814815,cone,cone
5679,31,25,1.24,cone,cone
5680,42,32,1.3125,collision,cone
5681,36,38,0.9473684210526315,cone,cone
5682,29,25,1.16,cone,cone
5683,23,25,0.92,jl,jl
5684,18,19,0.9473684210526315,cone,cone
5685,25,22,1.1363636363636365,collision,cone
5686,36,29,1.2413793103448276,cone,cone
5687,129,40,3.225,cone,cone
5688,51,48,1.0625,cone,cone
5689,46,33,1.393939393939394,jl,cone
5690,49,38,1.2894736842105263,cone,cone
5691,33,43,0.7674418604651163,jl,cone
5692,112,39,2.871794871794872,jl,cone
5693,12,16,0.75,jl,jl
5694,13,32,0.40625,jl,cone
5695,39,31,1.2580645161290323,cone,cone
5696,17,17,1.0,lateral,lateral
5697,8,10,0.8,jl,jl
5698,82,63,1.3015873015873016,cone,cone
5699,63,42,1.5,cone,cone
5700,11,12,0.9166666666666666,lateral,lateral
5701,77,71,1.0845070422535212,lateral,cone
5702,26,76,0.34210526315789475,jl,cone
5703,9,21,0.42857142857142855,jl,cone
5704,13,28,0.4642857142857143,jl,cone
5705,19,18,1.0555555555555556,cone,cone
5706,54,21,2.5714285714285716,cone,cone
5707,37,28,1.3214285714285714,cone,cone
5708,31,31,1.0,lateral,lateral
5709,27,27,1.0,lateral,lateral
5710,29,27,1.0740740740740742,cone,cone
5711,14,15,0.9333333333333333,jl,jl
5712,11,11,1.0,lateral,lateral
5713,15,105,0.14285714285714285,jl,cone
5714,16,17,0.9411764705882353,cone,lateral
5715,11,24,0.4583333333333333,jl,cone
5716,52,47,1.1063829787234043,cone,cone
5717,33,29,1.1379310344827587,cone,cone
5718,29,31,0.9354838709677419,jl,jl
5719,39,30,1.3,collision,cone
5720,33,30,1.1,cone,cone
5721,82,51,1.607843137254902,cone,cone
5722,58,68,0.8529411764705882,jl,cone
5723,9,26,0.34615384615384615,jl,cone
5724,77,42,1.8333333333333333,cone,cone
5725,76,37,2.054054054054054,cone,cone
5726,41,29,1.4137931034482758,cone,cone
5727,22,44,0.5,jl,jl
5728,29,24,1.2083333333333333,cone,cone
5729,14,14,1.0,lateral,lateral
5730,25,22,1.1363636363636365,cone,cone
5731,47,38,1.236842105263158,cone,cone
5732,25,22,1.1363636363636365,cone,cone
5733,59,44,1.3409090909090908,cone,cone
5734,42,41,1.024390243902439,jl,jl
5735,88,26,3.3846153846153846,cone,jl
5736,48,51,0.9411764705882353,cone,cone
5737,39,29,1.3448275862068966,cone,cone
5738,80,36,2.2222222222222223,cone,cone
5739,40,40,1.0,cone,cone
5740,29,23,1.2608695652173914,cone,cone
5741,32,30,1.0666666666666667,cone,cone
5742,74,63,1.1746031746031746,cone,cone
5743,30,23,1.3043478260869565,cone,cone
5744,35,33,1.0606060606060606,cone,cone
5745,55,65,0.8461538461538461,jl,jl
5746,17,18,0.9444444444444444,cone,cone
5747,27,27,1.0,lateral,lateral
5748,44,58,0.7586206896551724,jl,cone
5749,39,36,1.0833333333333333,cone,cone
5750,109,31,3.5161290322580645,cone,cone
5751,16,14,1.1428571428571428,cone,cone
5752,29,23,1.2608695652173914,cone,cone
5753,27,22,1.2272727272727273,cone,cone
5754,45,38,1.1842105263157894,cone,cone
5755,23,22,1.0454545454545454,cone,cone
5756,16,14,1.1428571428571428,cone,cone
5757,14,15,0.9333333333333333,jl,cone
5758,24,23,1.0434782608695652,cone,cone
5759,38,23,1.6521739130434783,cone,cone
5760,57,41,1.3902439024390243,cone,cone
5761,69,36,1.9166666666666667,cone,cone
5762,40,35,1.1428571428571428,cone,cone
5763,21,27,0.7777777777777778,jl,cone
5764,22,21,1.0476190476190477,cone,cone
5765,33,30,1.1,cone,cone
5766,27,44,0.6136363636363636,jl,jl
5767,16,15,1.0666666666666667,cone,cone
5768,66,46,1.434782608695652,cone,cone
5769,39,43,0.9069767441860465,jl,jl
5770,58,12,4.833333333333333,cone,cone
5771,82,69,1.1884057971014492,jl,cone
5772,23,28,0.8214285714285714,cone,cone
5773,19,19,1.0,lateral,lateral
5774,47,38,1.236842105263158,cone,cone
5775,67,32,2.09375,cone,cone
5776,17,17,1.0,cone,cone
5777,90,26,3.4615384615384617,cone,cone
5778,19,17,1.1176470588235294,collision,collision
5779,54,39,1.3846153846153846,cone,cone
5780,42,20,2.1,cone,cone
5781,104,25,4.16,jl,cone
5782,30,22,1.3636363636363635,cone,cone
5783,41,41,1.0,cone,cone
5784,90,50,1.8,jl,cone
5785,47,43,1.0930232558139534,lateral,cone
5786,20,25,0.8,collision,cone
5787,19,24,0.7916666666666666,jl,jl
5788,82,45,1.8222222222222222,cone,cone
5789,13,18,0.7222222222222222,collision,collision
5790,47,32,1.46875,cone,cone
5791,51,36,1.4166666666666667,cone,cone
5792,62,61,1.0163934426229508,lateral,lateral
5793,58,57,1.0175438596491229,cone,cone
5794,18,31,0.5806451612903226,jl,cone
5795,64,31,2.064516129032258,lateral,cone
5796,55,36,1.5277777777777777,cone,cone
5797,55,40,1.375,cone,cone
5798,23,18,1.2777777777777777,cone,cone
5799,109,100,1.09,cone,cone
5800,48,35,1.3714285714285714,cone,cone
5801,67,41,1.6341463414634145,jl,cone
5802,22,19,1.1578947368421053,cone,cone
5803,46,41,1.1219512195121952,cone,cone
5804,30,25,1.2,cone,cone
5805,13,13,1.0,lateral,lateral
5806,49,37,1.3243243243243243,cone,cone
5807,53,44,1.2045454545454546,lateral,cone
5808,62,29,2.1379310344827585,jl,cone
5809,61,55,1.1090909090909091,cone,cone
5810,53,35,1.5142857142857142,cone,cone
5811,75,41,1.829268292682927,jl,cone
5812,25,20,1.25,cone,cone
5813,52,48,1.0833333333333333,cone,cone
5814,2,84,0.023809523809523808,jl,cone
5815,82,39,2.1025641025641026,cone,cone
5816,15,16,0.9375,jl,cone
5817,24,14,1.7142857142857142,lateral,jl
5818,22,19,1.1578947368421053,cone,cone
5819,31,27,1.1481481481481481,jl,jl
5820,20,21,0.9523809523809523,jl,cone
5821,17,30,0.5666666666666667,collision,cone
5822,60,28,2.142857142857143,cone,cone
5823,56,52,1.0769230769230769,cone,cone
5824,34,37,0.918918918918919,cone,cone
5825,34,31,1.096774193548387,cone,cone
5826,16,16,1.0,cone,cone
5827,43,38,1.131578947368421,cone,cone
5828,52,52,1.0,lateral,lateral
5829,107,31,3.4516129032258065,cone,cone
5830,59,31,1.903225806451613,cone,jl
5831,21,19,1.105263157894737,cone,cone
5832,25,25,1.0,lateral,lateral
5833,93,82,1.1341463414634145,cone,cone
5834,45,43,1.0465116279069768,cone,cone
5835,13,43,0.3023255813953488,jl,cone
5836,19,23,0.8260869565217391,jl,cone
5837,24,20,1.2,cone,cone
5838,39,41,0.9512195121951219,cone,cone
5839,30,28,1.0714285714285714,cone,cone
5840,12,30,0.4,jl,lateral
5841,16,15,1.0666666666666667,cone,cone
5842,48,48,1.0,jl,jl
5843,21,18,1.1666666666666667,cone,cone
5844,15,19,0.7894736842105263,cone,cone
5845,36,27,1.3333333333333333,cone,cone
5846,24,24,1.0,jl,cone
5847,23,33,0.696969696969697,collision,collision
5848,75,68,1.1029411764705883,jl,jl
5849,10,12,0.8333333333333334,jl,jl
5850,28,32,0.875,cone,cone
5851,33,26,1.2692307692307692,cone,cone
5852,27,21,1.2857142857142858,cone,cone
5853,43,43,1.0,lateral,lateral
5854,15,14,1.0714285714285714,jl,jl
5855,35,29,1.206896551724138,cone,cone
5856,59,23,2.5652173913043477,jl,cone
5857,99,31,3.193548387096774,cone,cone
5858,18,26,0.6923076923076923,cone,cone
5859,111,96,1.15625,cone,jl
5860,21,20,1.05,cone,cone
5861,101,94,1.074468085106383,cone,cone
5862,20,21,0.9523809523809523,collision,collision
5863,61,36,1.6944444444444444,cone,cone
5864,72,47,1.5319148936170213,lateral,cone
5865,137,22,6.2272727272727275,cone,cone
5866,51,34,1.5,cone,cone
5867,20,19,1.0526315789473684,cone,cone
5868,17,17,1.0,cone,cone
5869,23,22,1.0454545454545454,cone,cone
5870,66,54,1.2222222222222223,cone,cone
5871,20,19,1.0526315789473684,cone,cone
5872,31,32,0.96875,cone,cone
5873,40,31,1.2903225806451613,jl,cone
5874,32,22,1.4545454545454546,cone,cone
5875,21,21,1.0,cone,cone
5876,92,36,2.5555555555555554,cone,cone
5877,16,27,0.5925925925925926,cone,cone
5878,20,22,0.9090909090909091,cone,cone
5879,18,18,1.0,cone,cone
5880,40,33,1.2121212121212122,cone,cone
5881,28,26,1.0769230769230769,cone,cone
5882,93,38,2.4473684210526314,cone,cone
5883,14,13,1.0769230769230769,jl,jl
5884,83,41,2.024390243902439,cone,cone
5885,53,47,1.127659574468085,cone,cone
5886,13,15,0.8666666666666667,jl,jl
5887,28,24,1.1666666666666667,cone,cone
5888,31,26,1.1923076923076923,cone,cone
5889,47,88,0.5340909090909091,jl,cone
5890,69,26,2.6538461538461537,cone,cone
5891,128,18,7.111111111111111,jl,cone
5892,14,14,1.0,lateral,lateral
5893,119,95,1.2526315789473683,cone,cone
5894,19,17,1.1176470588235294,cone,cone
5895,7,31,0.22580645161290322,jl,cone
5896,136,26,5.230769230769231,cone,cone
5897,8,36,0.2222222222222222,jl,jl
5898,41,53,0.7735849056603774,jl,cone
5899,18,21,0.8571428571428571,jl,cone
5900,57,40,1.425,cone,cone
5901,1,32,0.03125,jl,cone
5902,57,57,1.0,cone,cone
5903,32,27,1.1851851851851851,lateral,cone
5904,29,37,0.7837837837837838,jl,jl
5905,26,25,1.04,cone,cone
5906,17,20,0.85,jl,jl
5907,39,39,1.0,jl,cone
5908,47,38,1.236842105263158,jl,cone
5909,23,22,1.0454545454545454,cone,cone
5910,15,21,0.7142857142857143,cone,cone
5911,20,20,1.0,cone,cone
5912,41,39,1.0512820512820513,cone,cone
5913,59,41,1.4390243902439024,jl,cone
5914,77,43,1.7906976744186047,lateral,cone
5915,34,34,1.0,cone,cone
5916,11,42,0.2619047619047619,jl,cone
5917,13,14,0.9285714285714286,collision,collision
5918,54,53,1.0188679245283019,cone,cone
5919,60,54,1.1111111111111112,cone,cone
5920,50,38,1.3157894736842106,cone,cone
5921,28,26,1.0769230769230769,cone,cone
5922,27,27,1.0,cone,cone
5923,25,20,1.25,jl,jl
5924,66,34,1.9411764705882353,cone,cone
5925,11,12,0.9166666666666666,lateral,lateral
5926,96,99,0.9696969696969697,cone,cone
5927,48,37,1.2972972972972974,cone,cone
5928,9,15,0.6,jl,jl
5929,28,22,1.2727272727272727,cone,cone
5930,19,19,1.0,cone,cone
5931,4,45,0.08888888888888889,jl,cone
5932,81,78,1.0384615384615385,cone,cone
5933,63,47,1.3404255319148937,cone,cone
5934,67,63,1.0634920634920635,cone,cone
5935,114,33,3.4545454545454546,cone,cone
5936,71,62,1.1451612903225807,cone,cone
5937,24,24,1.0,lateral,lateral
5938,18,24,0.75,jl,jl
5939,16,16,1.0,lateral,lateral
5940,63,36,1.75,jl,cone
5941,47,31,1.5161290322580645,cone,cone
5942,1,10,0.1,jl,jl
5943,24,25,0.96,cone,cone
5944,90,40,2.25,jl,cone
5945,27,19,1.4210526315789473,cone,cone
5946,58,37,1.5675675675675675,jl,cone
5947,83,84,0.9880952380952381,cone,cone
5948,25,25,1.0,cone,cone
5949,22,21,1.0476190476190477,cone,jl
5950,88,59,1.4915254237288136,cone,cone
5951,81,43,1.8837209302325582,cone,cone
5952,15,25,0.6,jl,cone
5953,31,31,1.0,cone,cone
5954,41,44,0.9318181818181818,cone,cone
5955,118,27,4.37037037037037,jl,cone
5956,47,39,1.205128205128205,cone,cone
5957,76,31,2.4516129032258065,lateral,cone
5958,87,34,2.5588235294117645,cone,cone
5959,15,20,0.75,jl,cone
5960,17,29,0.5862068965517241,cone,cone
5961,65,57,1.1403508771929824,cone,cone
5962,48,38,1.263157894736842,jl,cone
5963,103,27,3.814814814814815,cone,cone
5964,13,46,0.2826086956521739,jl,cone
5965,27,26,1.0384615384615385,cone,cone
5966,83,37,2.2432432432432434,cone,cone
5967,38,62,0.6129032258064516,jl,lateral
5968,23,23,1.0,cone,cone
5969,33,55,0.6,jl,lateral
5970,43,35,1.2285714285714286,cone,cone
5971,28,28,1.0,lateral,lateral
5972,37,26,1.4230769230769231,cone,cone
5973,50,38,1.3157894736842106,cone,cone
5974,100,63,1.5873015873015872,cone,cone
5975,53,54,0.9814814814814815,jl,cone
5976,10,15,0.6666666666666666,jl,collision
5977,67,39,1.7179487179487178,cone,cone
5978,39,30,1.3,cone,cone
5979,17,16,1.0625,cone,cone
5980,95,87,1.0919540229885059,cone,cone
5981,53,52,1.0192307692307692,jl,jl
5982,40,24,1.6666666666666667,cone,jl
5983,15,15,1.0,cone,cone
5984,23,20,1.15,cone,cone
5985,35,25,1.4,cone,cone
5986,4,14,0.2857142857142857,jl,jl
5987,24,22,1.0909090909090908,cone,cone
5988,42,41,1.024390243902439,cone,cone
5989,62,62,1.0,cone,cone
5990,19,19,1.0,cone,cone
5991,32,25,1.28,cone,cone
5992,98,84,1.1666666666666667,cone,jl
5993,21,20,1.05,cone,cone
5994,33,41,0.8048780487804879,jl,jl
5995,94,38,2.473684210526316,cone,cone
5996,34,34,1.0,lateral,lateral
5997,23,25,0.92,cone,cone
5998,85,28,3.0357142857142856,cone,cone
5999,13,15,0.8666666666666667,jl,jl
6000,35,36,0.9722222222222222,jl,cone
6001,103,42,2.4523809523809526,cone,cone
6002,54,47,1.148936170212766,cone,cone
6003,32,19,1.6842105263157894,cone,jl
6004,62,44,1.4090909090909092,cone,cone
6005,54,11,4.909090909090909,cone,cone
6006,65,36,1.8055555555555556,cone,cone
6007,51,25,2.04,cone,cone
6008,23,17,1.3529411764705883,cone,cone
6009,31,30,1.0333333333333334,cone,cone
6010,62,29,2.1379310344827585,cone,cone
6011,31,31,1.0,cone,cone
6012,23,21,1.0952380952380953,cone,cone
6013,32,31,1.032258064516129,cone,cone
6014,46,48,0.9583333333333334,cone,cone
6015,25,25,1.0,cone,cone
6016,20,20,1.0,lateral,lateral
6017,93,88,1.0568181818181819,cone,cone
6018,39,26,1.5,jl,cone
6019,90,46,1.9565217391304348,cone,cone
6020,40,35,1.1428571428571428,cone,cone
6021,40,38,1.0526315789473684,lateral,jl
6022,19,25,0.76,jl,jl
6023,56,44,1.2727272727272727,cone,cone
6024,21,20,1.05,cone,cone
6025,70,37,1.8918918918918919,cone,cone
6026,48,28,1.7142857142857142,cone,cone
6027,11,26,0.4230769230769231,jl,cone
6028,14,18,0.7777777777777778,jl,jl
6029,17,41,0.4146341463414634,jl,cone
6030,28,22,1.2727272727272727,cone,cone
6031,30,22,1.3636363636363635,jl,cone
6032,113,24,4.708333333333333,cone,cone
6033,25,21,1.1904761904761905,cone,cone
6034,94,56,1.6785714285714286,cone,cone
6035,68,38,1.7894736842105263,lateral,cone
6036,118,26,4.538461538461538,cone,cone
6037,9,42,0.21428571428571427,jl,cone
6038,54,45,1.2,cone,cone
6039,36,35,1.0285714285714285,cone,cone
6040,36,35,1.0285714285714285,cone,cone
6041,27,26,1.0384615384615385,cone,cone
6042,74,38,1.9473684210526316,cone,cone
6043,26,20,1.3,cone,cone
6044,54,32,1.6875,cone,cone
6045,12,17,0.7058823529411765,cone,cone
6046,27,25,1.08,cone,cone
6047,114,75,1.52,cone,cone
6048,26,31,0.8387096774193549,collision,cone
6049,35,43,0.813953488372093,cone,lateral
6050,47,37,1.2702702702702702,cone,cone
6051,10,38,0.2631578947368421,jl,cone
6052,28,27,1.037037037037037,cone,cone
6053,13,16,0.8125,jl,jl
6054,43,30,1.4333333333333333,cone,cone
6055,79,68,1.161764705882353,cone,cone
6056,10,14,0.7142857142857143,cone,collision
6057,33,31,1.064516129032258,cone,cone
6058,13,17,0.7647058823529411,jl,jl
6059,55,50,1.1,cone,cone
6060,121,52,2.326923076923077,cone,cone
6061,38,26,1.4615384615384615,jl,jl
6062,1,25,0.04,jl,cone
6063,99,35,2.8285714285714287,lateral,cone
6064,2,31,0.06451612903225806,jl,cone
6065,18,16,1.125,cone,cone
6066,17,19,0.8947368421052632,jl,cone
6067,21,19,1.105263157894737,cone,cone
6068,47,53,0.8867924528301887,jl,cone
6069,96,92,1.0434782608695652,cone,cone
6070,61,66,0.9242424242424242,cone,cone
6071,34,30,1.1333333333333333,cone,cone
6072,80,33,2.4242424242424243,lateral,cone
6073,41,40,1.025,lateral,cone
6074,75,31,2.4193548387096775,jl,cone
6075,28,28,1.0,lateral,lateral
6076,16,16,1.0,lateral,lateral
6077,38,28,1.3571428571428572,cone,cone
6078,13,11,1.1818181818181819,jl,jl
6079,34,33,1.0303030303030303,cone,cone
6080,27,24,1.125,cone,cone
6081,51,39,1.3076923076923077,cone,cone
6082,35,35,1.0,lateral,lateral
6083,49,52,0.9423076923076923,jl,cone
6084,36,35,1.0285714285714285,lateral,lateral
6085,21,39,0.5384615384615384,jl,cone
6086,68,43,1.5813953488372092,jl,cone
6087,26,25,1.04,cone,cone
6088,23,34,0.6764705882352942,cone,cone
6089,64,36,1.7777777777777777,cone,cone
6090,82,56,1.4642857142857142,cone,cone
6091,22,25,0.88,jl,cone
6092,40,39,1.0256410256410255,cone,cone
6093,63,50,1.26,cone,cone
6094,55,28,1.9642857142857142,jl,cone
6095,27,24,1.125,cone,cone
6096,90,38,2.3684210526315788,cone,cone
6097,11,27,0.4074074074074074,jl,cone
6098,54,31,1.7419354838709677,cone,cone
6099,30,23,1.3043478260869565,cone,cone
6100,54,45,1.2,cone,cone
6101,19,19,1.0,cone,cone
6102,17,31,0.5483870967741935,jl,cone
6103,32,31,1.032258064516129,lateral,jl
6104,54,26,2.076923076923077,cone,cone
6105,69,55,1.2545454545454546,cone,cone
6106,17,17,1.0,cone,cone
6107,97,34,2.8529411764705883,jl,cone
6108,56,44,1.2727272727272727,cone,cone
6109,74,30,2.466666666666667,cone,cone
6110,43,34,1.2647058823529411,cone,cone
6111,32,26,1.2307692307692308,jl,jl
6112,27,30,0.9,cone,cone
6113,61,30,2.033333333333333,cone,cone
6114,15,22,0.6818181818181818,cone,cone
6115,24,22,1.0909090909090908,cone,cone
6116,37,38,0.9736842105263158,jl,jl
6117,24,24,1.0,lateral,lateral
6118,17,14,1.2142857142857142,lateral,jl
6119,21,22,0.9545454545454546,cone,cone
6120,19,18,1.0555555555555556,cone,cone
6121,73,42,1.7380952380952381,cone,cone
6122,30,34,0.8823529411764706,jl,cone
6123,69,52,1.3269230769230769,cone,cone
6124,70,55,1.2727272727272727,cone,cone
6125,30,29,1.0344827586206897,cone,cone
6126,32,19,1.6842105263157894,jl,jl
6127,69,38,1.8157894736842106,jl,cone
6128,28,28,1.0,cone,cone
6129,62,21,2.9523809523809526,cone,cone
6130,50,48,1.0416666666666667,cone,jl
6131,25,23,1.0869565217391304,cone,cone
6132,84,23,3.652173913043478,cone,cone
6133,32,31,1.032258064516129,lateral,lateral
6134,66,54,1.2222222222222223,cone,cone
6135,49,63,0.7777777777777778,jl,cone
6136,25,43,0.5813953488372093,jl,jl
6137,45,46,0.9782608695652174,jl,jl
6138,39,37,1.054054054054054,cone,cone
6139,26,24,1.0833333333333333,cone,cone
6140,51,38,1.3421052631578947,cone,cone
6141,11,50,0.22,jl,cone
6142,51,43,1.186046511627907,cone,cone
6143,31,24,1.2916666666666667,cone,cone
6144,20,30,0.6666666666666666,jl,cone
6145,16,15,1.0666666666666667,jl,jl
6146,27,41,0.6585365853658537,jl,cone
6147,83,55,1.509090909090909,jl,cone
6148,74,42,1.7619047619047619,cone,cone
6149,33,43,0.7674418604651163,jl,jl
6150,38,27,1.4074074074074074,cone,cone
6151,50,50,1.0,lateral,lateral
6152,41,39,1.0512820512820513,cone,jl
6153,41,38,1.0789473684210527,jl,cone
6154,23,32,0.71875,jl,jl
6155,79,32,2.46875,cone,cone
6156,27,27,1.0,cone,cone
6157,70,35,2.0,cone,cone
6158,9,21,0.42857142857142855,jl,jl
6159,48,42,1.1428571428571428,cone,cone
6160,43,27,1.5925925925925926,jl,cone
6161,29,27,1.0740740740740742,cone,cone
6162,24,24,1.0,lateral,lateral
6163,43,16,2.6875,lateral,jl
6164,30,28,1.0714285714285714,jl,cone
6165,27,24,1.125,cone,cone
6166,41,39,1.0512820512820513,cone,cone
6167,20,21,0.9523809523809523,lateral,lateral
6168,22,21,1.0476190476190477,jl,jl
6169,14,14,1.0,lateral,lateral
6170,29,29,1.0,cone,cone
6171,16,33,0.48484848484848486,jl,jl
6172,89,47,1.8936170212765957,cone,cone
6173,43,39,1.1025641025641026,cone,cone
6174,14,47,0.2978723404255319,jl,cone
6175,63,62,1.0161290322580645,lateral,lateral
6176,80,78,1.0256410256410255,lateral,cone
6177,16,19,0.8421052631578947,jl,jl
6178,58,39,1.4871794871794872,cone,cone
6179,21,22,0.9545454545454546,cone,cone
6180,18,32,0.5625,jl,jl
6181,52,39,1.3333333333333333,cone,cone
6182,64,51,1.2549019607843137,cone,cone
6183,20,20,1.0,cone,cone
6184,65,49,1.3265306122448979,lateral,cone
6185,88,49,1.7959183673469388,cone,jl
6186,56,44,1.2727272727272727,cone,cone
6187,58,48,1.2083333333333333,cone,cone
6188,34,27,1.2592592592592593,cone,cone
6189,66,47,1.4042553191489362,lateral,cone
6190,55,55,1.0,jl,cone
6191,7,16,0.4375,jl,cone
6192,32,21,1.5238095238095237,lateral,jl
6193,72,48,1.5,jl,cone
6194,122,26,4.6923076923076925,cone,cone
6195,48,36,1.3333333333333333,cone,cone
6196,11,22,0.5,jl,cone
6197,81,54,1.5,cone,cone
6198,43,20,2.15,cone,cone
6199,3,13,0.23076923076923078,jl,jl
6200,16,16,1.0,cone,cone
6201,40,40,1.0,lateral,lateral
6202,33,14,2.357142857142857,jl,jl
6203,64,36,1.7777777777777777,cone,cone
6204,33,27,1.2222222222222223,cone,cone
6205,43,30,1.4333333333333333,cone,cone
6206,36,21,1.7142857142857142,cone,cone
6207,35,34,1.0294117647058822,cone,cone
6208,12,31,0.3870967741935484,jl,cone
6209,93,51,1.8235294117647058,jl,cone
6210,44,43,1.0232558139534884,cone,cone
6211,27,27,1.0,cone,cone
6212,35,35,1.0,lateral,lateral
6213,66,42,1.5714285714285714,cone,cone
6214,1,64,0.015625,jl,cone
6215,40,36,1.1111111111111112,jl,jl
6216,9,11,0.8181818181818182,collision,collision
6217,54,43,1.255813953488372,cone,cone
6218,37,30,1.2333333333333334,jl,cone
6219,36,31,1.1612903225806452,cone,cone
6220,74,36,2.0555555555555554,jl,cone
6221,11,27,0.4074074074074074,jl,jl
6222,32,31,1.032258064516129,cone,cone
6223,77,18,4.277777777777778,jl,cone
6224,36,28,1.2857142857142858,cone,cone
6225,38,37,1.027027027027027,cone,cone
6226,47,33,1.4242424242424243,cone,cone
6227,118,47,2.5106382978723403,cone,cone
6228,70,41,1.7073170731707317,jl,cone
6229,27,20,1.35,cone,cone
6230,52,37,1.4054054054054055,cone,cone
6231,36,32,1.125,cone,cone
6232,20,24,0.8333333333333334,jl,cone
6233,107,86,1.244186046511628,cone,cone
6234,3,24,0.125,jl,cone
6235,17,21,0.8095238095238095,cone,cone
6236,30,32,0.9375,cone,cone
6237,59,44,1.3409090909090908,cone,cone
6238,67,57,1.1754385964912282,jl,jl
6239,31,33,0.9393939393939394,cone,cone
6240,34,34,1.0,cone,cone
6241,20,26,0.7692307692307693,cone,cone
6242,28,28,1.0,cone,cone
6243,48,38,1.263157894736842,cone,cone
6244,57,18,3.1666666666666665,jl,cone
6245,18,18,1.0,cone,cone
6246,8,67,0.11940298507462686,jl,cone
6247,19,33,0.5757575757575758,jl,jl
6248,47,35,1.3428571428571427,cone,cone
6249,26,18,1.4444444444444444,jl,jl
6250,31,25,1.24,lateral,cone
6251,18,18,1.0,cone,cone
6252,20,31,0.6451612903225806,jl,jl
6253,17,13,1.3076923076923077,cone,jl
6254,7,50,0.14,jl,cone
6255,26,26,1.0,lateral,lateral
6256,28,31,0.9032258064516129,cone,cone
6257,31,36,0.8611111111111112,jl,lateral
6258,68,32,2.125,cone,cone
6259,30,27,1.1111111111111112,cone,cone
6260,18,19,0.9473684210526315,jl,cone
6261,33,25,1.32,cone,cone
6262,63,46,1.3695652173913044,cone,cone
6263,46,37,1.2432432432432432,cone,cone
6264,91,42,2.1666666666666665,cone,cone
6265,31,27,1.1481481481481481,lateral,cone
6266,56,49,1.1428571428571428,cone,cone
6267,17,17,1.0,cone,cone
6268,17,23,0.7391304347826086,cone,cone
6269,12,25,0.48,jl,cone
6270,41,37,1.1081081081081081,cone,cone
6271,76,43,1.7674418604651163,jl,cone
6272,45,38,1.1842105263157894,cone,cone
6273,20,19,1.0526315789473684,cone,cone
6274,27,21,1.2857142857142858,cone,cone
6275,36,33,1.0909090909090908,jl,cone
6276,22,21,1.0476190476190477,cone,cone
6277,16,15,1.0666666666666667,cone,cone
6278,18,29,0.6206896551724138,jl,cone
6279,65,51,1.2745098039215685,cone,jl
6280,47,40,1.175,cone,cone
6281,5,29,0.1724137931034483,jl,cone
6282,49,59,0.8305084745762712,jl,jl
6283,25,26,0.9615384615384616,lateral,lateral
6284,18,18,1.0,cone,cone
6285,10,10,1.0,lateral,lateral
6286,12,12,1.0,cone,cone
6287,16,15,1.0666666666666667,cone,cone
6288,20,20,1.0,cone,cone
6289,75,61,1.2295081967213115,cone,cone
6290,68,60,1.1333333333333333,cone,cone
6291,90,40,2.25,cone,cone
6292,23,21,1.0952380952380953,cone,cone
6293,47,27,1.7407407407407407,cone,cone
6294,47,46,1.0217391304347827,lateral,jl
6295,17,22,0.7727272727272727,cone,cone
6296,17,12,1.4166666666666667,jl,jl
6297,64,23,2.782608695652174,jl,cone
6298,19,18,1.0555555555555556,lateral,lateral
6299,23,23,1.0,cone,cone
6300,82,56,1.4642857142857142,cone,cone
6301,41,33,1.2424242424242424,jl,cone
6302,57,41,1.3902439024390243,cone,cone
6303,34,38,0.8947368421052632,cone,cone
6304,59,48,1.2291666666666667,cone,cone
6305,16,16,1.0,lateral,lateral
6306,1,21,0.047619047619047616,jl,cone
6307,21,21,1.0,cone,cone
6308,68,63,1.0793650793650793,cone,cone
6309,34,32,1.0625,cone,cone
6310,43,35,1.2285714285714286,cone,cone
6311,50,42,1.1904761904761905,cone,cone
6312,34,28,1.2142857142857142,cone,cone
6313,102,74,1.3783783783783783,cone,cone
6314,24,27,0.8888888888888888,jl,jl
6315,66,58,1.1379310344827587,cone,cone
6316,17,15,1.1333333333333333,cone,cone
6317,24,24,1.0,lateral,lateral
6318,8,12,0.6666666666666666,jl,jl
6319,29,29,1.0,lateral,lateral
6320,53,42,1.2619047619047619,cone,jl
6321,27,20,1.35,cone,cone
6322,34,40,0.85,jl,cone
6323,58,58,1.0,lateral,lateral
6324,40,34,1.1764705882352942,cone,cone
6325,35,31,1.1290322580645162,collision,cone
6326,12,40,0.3,jl,cone
6327,39,29,1.3448275862068966,cone,cone
6328,73,55,1.3272727272727274,cone,cone
6329,20,21,0.9523809523809523,cone,cone
6330,37,39,0.9487179487179487,jl,cone
6331,22,20,1.1,cone,cone
6332,45,68,0.6617647058823529,jl,jl
6333,31,28,1.1071428571428572,cone,cone
6334,75,22,3.409090909090909,collision,cone
6335,12,12,1.0,lateral,lateral
6336,12,21,0.5714285714285714,jl,cone
6337,17,28,0.6071428571428571,jl,cone
6338,114,23,4.956521739130435,jl,cone
6339,105,56,1.875,jl,cone
6340,61,62,0.9838709677419355,cone,cone
6341,40,63,0.6349206349206349,jl,cone
6342,32,27,1.1851851851851851,cone,cone
6343,35,24,1.4583333333333333,cone,cone
6344,46,39,1.1794871794871795,jl,cone
6345,36,36,1.0,cone,cone
6346,22,22,1.0,lateral,lateral
6347,16,14,1.1428571428571428,jl,jl
6348,11,11,1.0,jl,jl
6349,18,18,1.0,lateral,lateral
6350,53,50,1.06,jl,cone
6351,29,23,1.2608695652173914,jl,jl
6352,92,46,2.0,cone,jl
6353,66,61,1.0819672131147542,jl,jl
6354,45,34,1.3235294117647058,jl,cone
6355,13,21,0.6190476190476191,jl,jl
6356,19,18,1.0555555555555556,cone,cone
6357,30,28,1.0714285714285714,lateral,cone
6358,34,24,1.4166666666666667,jl,jl
6359,45,35,1.2857142857142858,cone,cone
6360,30,26,1.1538461538461537,cone,cone
6361,5,18,0.2777777777777778,collision,cone
6362,28,24,1.1666666666666667,cone,cone
6363,32,26,1.2307692307692308,cone,cone
6364,46,46,1.0,lateral,lateral
6365,90,32,2.8125,jl,cone
6366,6,85,0.07058823529411765,jl,cone
6367,28,26,1.0769230769230769,cone,cone
6368,54,53,1.0188679245283019,cone,cone
6369,42,72,0.5833333333333334,jl,lateral
6370,39,35,1.1142857142857143,cone,cone
6371,3,24,0.125,jl,cone
6372,13,13,1.0,lateral,lateral
6373,36,36,1.0,lateral,lateral
6374,19,18,1.0555555555555556,lateral,lateral
6375,16,17,0.9411764705882353,cone,cone
6376,39,30,1.3,cone,cone
6377,99,29,3.413793103448276,cone,cone
6378,26,25,1.04,cone,cone
6379,27,30,0.9,jl,cone
6380,93,80,1.1625,cone,cone
6381,54,40,1.35,cone,cone
6382,52,22,2.3636363636363638,cone,cone
6383,10,12,0.8333333333333334,jl,jl
6384,21,21,1.0,jl,cone
6385,15,13,1.1538461538461537,jl,jl
6386,59,59,1.0,lateral,lateral
6387,29,15,1.9333333333333333,jl,jl
6388,22,31,0.7096774193548387,jl,cone
6389,38,39,0.9743589743589743,cone,cone
6390,33,22,1.5,jl,cone
6391,31,34,0.9117647058823529,cone,cone
6392,68,16,4.25,jl,jl
6393,105,45,2.3333333333333335,lateral,cone
6394,85,76,1.118421052631579,cone,cone
6395,49,49,1.0,lateral,lateral
6396,18,18,1.0,cone,cone
6397,35,24,1.4583333333333333,cone,cone
6398,15,24,0.625,collision,collision
6399,80,48,1.6666666666666667,cone,cone
6400,21,23,0.9130434782608695,jl,cone
6401,26,36,0.7222222222222222,jl,jl
6402,39,30,1.3,cone,cone
6403,59,23,2.5652173913043477,jl,jl
6404,29,29,1.0,jl,cone
6405,96,27,3.5555555555555554,lateral,cone
6406,27,25,1.08,cone,cone
6407,19,19,1.0,lateral,lateral
6408,31,30,1.0333333333333334,cone,cone
6409,30,29,1.0344827586206897,cone,cone
6410,24,24,1.0,cone,cone
6411,21,19,1.105263157894737,cone,cone
6412,65,43,1.5116279069767442,cone,jl
6413,50,45,1.1111111111111112,lateral,jl
6414,25,33,0.7575757575757576,cone,cone
6415,16,15,1.0666666666666667,cone,cone
6416,17,23,0.7391304347826086,jl,jl
6417,44,38,1.1578947368421053,cone,cone
6418,62,60,1.0333333333333334,cone,cone
6419,63,48,1.3125,cone,cone
6420,54,38,1.4210526315789473,cone,cone
6421,73,43,1.697674418604651,cone,cone
6422,73,47,1.553191489361702,jl,cone
6423,11,10,1.1,cone,cone
6424,90,42,2.142857142857143,cone,cone
6425,39,37,1.054054054054054,cone,cone
6426,18,17,1.0588235294117647,lateral,lateral
6427,28,27,1.037037037037037,cone,cone
6428,12,12,1.0,jl,jl
6429,12,14,0.8571428571428571,collision,collision
6430,30,21,1.4285714285714286,cone,cone
6431,15,23,0.6521739130434783,jl,cone
6432,49,27,1.8148148148148149,cone,cone
6433,97,44,2.2045454545454546,cone,cone
6434,19,20,0.95,cone,cone
6435,81,77,1.051948051948052,cone,cone
6436,48,42,1.1428571428571428,lateral,cone
6437,2,37,0.05405405405405406,jl,cone
6438,18,33,0.5454545454545454,collision,cone
6439,65,80,0.8125,cone,cone
6440,10,12,0.8333333333333334,jl,jl
6441,61,41,1.4878048780487805,cone,cone
6442,18,18,1.0,cone,cone
6443,31,40,0.775,jl,cone
6444,62,42,1.4761904761904763,cone,cone
6445,27,23,1.173913043478261,cone,cone
6446,33,20,1.65,cone,cone
6447,72,59,1.2203389830508475,cone,cone
6448,37,31,1.1935483870967742,cone,cone
6449,41,35,1.1714285714285715,jl,jl
6450,45,28,1.6071428571428572,cone,cone
6451,56,46,1.2173913043478262,cone,cone
6452,25,25,1.0,lateral,lateral
6453,124,26,4.769230769230769,cone,cone
6454,67,20,3.35,cone,cone
6455,25,24,1.0416666666666667,jl,cone
6456,38,24,1.5833333333333333,cone,cone
6457,20,18,1.1111111111111112,jl,jl
6458,48,40,1.2,cone,cone
6459,38,35,1.0857142857142856,lateral,cone
6460,73,37,1.972972972972973,cone,cone
6461,91,34,2.676470588235294,cone,cone
6462,73,53,1.3773584905660377,cone,cone
6463,27,20,1.35,cone,cone
6464,69,23,3.0,jl,cone
6465,79,65,1.2153846153846153,jl,cone
6466,21,23,0.9130434782608695,cone,cone
6467,22,18,1.2222222222222223,cone,cone
6468,25,28,0.8928571428571429,jl,jl
6469,20,11,1.8181818181818181,cone,jl
6470,38,28,1.3571428571428572,cone,cone
6471,17,20,0.85,jl,jl
6472,30,63,0.47619047619047616,jl,jl
6473,76,54,1.4074074074074074,cone,cone
6474,18,18,1.0,lateral,lateral
6475,20,16,1.25,cone,cone
6476,36,44,0.8181818181818182,jl,cone
6477,62,23,2.6956521739130435,jl,cone
6478,39,39,1.0,lateral,lateral
6479,35,35,1.0,cone,cone
6480,21,26,0.8076923076923077,jl,cone
6481,67,67,1.0,lateral,lateral
6482,82,30,2.7333333333333334,jl,cone
6483,14,14,1.0,lateral,lateral
6484,27,23,1.173913043478261,cone,cone
6485,56,35,1.6,cone,cone
6486,20,18,1.1111111111111112,cone,cone
6487,52,39,1.3333333333333333,cone,cone
6488,78,44,1.7727272727272727,lateral,cone
6489,94,32,2.9375,cone,cone
6490,42,35,1.2,cone,cone
6491,53,36,1.4722222222222223,cone,cone
6492,27,24,1.125,jl,cone
6493,110,39,2.8205128205128207,jl,cone
6494,16,28,0.5714285714285714,collision,jl
6495,61,45,1.3555555555555556,cone,cone
6496,53,40,1.325,cone,cone
6497,29,26,1.1153846153846154,cone,cone
6498,1,29,0.034482758620689655,jl,cone
6499,41,36,1.1388888888888888,collision,cone
6500,22,20,1.1,cone,cone
6501,18,18,1.0,cone,cone
6502,16,16,1.0,cone,cone
6503,66,60,1.1,cone,cone
6504,77,41,1.8780487804878048,jl,cone
6505,27,25,1.08,cone,cone
6506,94,34,2.764705882352941,jl,cone
6507,56,30,1.8666666666666667,cone,cone
6508,35,29,1.206896551724138,cone,cone
6509,36,27,1.3333333333333333,jl,cone
6510,24,20,1.2,jl,cone
6511,89,28,3.1785714285714284,jl,cone
6512,57,36,1.5833333333333333,cone,cone
6513,43,33,1.303030303030303,cone,cone
6514,70,43,1.627906976744186,cone,cone
6515,42,48,0.875,jl,jl
6516,22,31,0.7096774193548387,cone,cone
6517,12,12,1.0,jl,jl
6518,21,17,1.2352941176470589,jl,jl
6519,50,38,1.3157894736842106,cone,cone
6520,25,26,0.9615384615384616,jl,jl
6521,20,17,1.1764705882352942,cone,cone
6522,32,25,1.28,cone,cone
6523,17,16,1.0625,cone,cone
6524,15,27,0.5555555555555556,jl,cone
6525,39,52,0.75,jl,cone
6526,59,59,1.0,cone,cone
6527,64,29,2.206896551724138,lateral,cone
6528,16,16,1.0,lateral,lateral
6529,49,31,1.5806451612903225,cone,cone
6530,80,55,1.4545454545454546,cone,cone
6531,65,50,1.3,cone,cone
6532,13,13,1.0,cone,cone
6533,64,57,1.1228070175438596,cone,cone
6534,52,52,1.0,cone,cone
6535,16,17,0.9411764705882353,cone,cone
6536,17,17,1.0,cone,cone
6537,11,10,1.1,jl,jl
6538,24,24,1.0,cone,cone
6539,54,51,1.0588235294117647,jl,cone
6540,15,15,1.0,cone,cone
6541,27,42,0.6428571428571429,jl,lateral
6542,41,42,0.9761904761904762,cone,jl
6543,17,23,0.7391304347826086,cone,cone
6544,14,28,0.5,jl,cone
6545,59,59,1.0,lateral,lateral
6546,55,49,1.1224489795918366,cone,cone
6547,16,25,0.64,jl,cone
6548,22,17,1.2941176470588236,cone,cone
6549,17,17,1.0,cone,cone
6550,25,28,0.8928571428571429,jl,cone
6551,44,45,0.9777777777777777,jl,jl
6552,38,31,1.2258064516129032,cone,jl
6553,20,19,1.0526315789473684,cone,cone
6554,22,19,1.1578947368421053,cone,cone
6555,29,24,1.2083333333333333,jl,cone
6556,56,37,1.5135135135135136,jl,cone
6557,40,33,1.2121212121212122,cone,cone
6558,28,24,1.1666666666666667,cone,cone
6559,7,48,0.14583333333333334,jl,jl
6560,7,21,0.3333333333333333,jl,cone
6561,1,40,0.025,collision,cone
6562,53,43,1.2325581395348837,jl,cone
6563,43,42,1.0238095238095237,jl,cone
6564,16,16,1.0,cone,cone
6565,58,55,1.0545454545454545,cone,cone
6566,9,36,0.25,jl,cone
6567,56,45,1.2444444444444445,cone,cone
6568,21,18,1.1666666666666667,cone,cone
6569,93,17,5.470588235294118,cone,jl
6570,63,53,1.1886792452830188,jl,cone
6571,62,28,2.2142857142857144,cone,cone
6572,102,26,3.923076923076923,cone,cone
6573,18,18,1.0,lateral,lateral
6574,87,55,1.5818181818181818,lateral,cone
6575,21,21,1.0,cone,cone
6576,21,22,0.9545454545454546,cone,cone
6577,12,12,1.0,lateral,lateral
6578,40,34,1.1764705882352942,cone,cone
6579,41,40,1.025,cone,cone
6580,70,28,2.5,jl,cone
6581,22,22,1.0,cone,cone
6582,57,54,1.0555555555555556,cone,cone
6583,16,16,1.0,cone,cone
6584,28,28,1.0,cone,cone
6585,47,35,1.3428571428571427,cone,cone
6586,31,30,1.0333333333333334,cone,cone
6587,72,29,2.4827586206896552,jl,cone
6588,22,25,0.88,jl,cone
6589,26,26,1.0,cone,cone
6590,37,33,1.121212121212121,jl,jl
6591,20,24,0.8333333333333334,jl,jl
6592,24,20,1.2,cone,cone
6593,16,17,0.9411764705882353,cone,cone
6594,72,26,2.769230769230769,jl,cone
6595,19,20,0.95,lateral,lateral
6596,13,28,0.4642857142857143,jl,cone
6597,40,19,2.1052631578947367,cone,cone
6598,74,50,1.48,cone,cone
6599,9,39,0.23076923076923078,jl,cone
6600,66,54,1.2222222222222223,jl,cone
6601,116,27,4.296296296296297,cone,cone
6602,59,57,1.0350877192982457,cone,cone
6603,114,26,4.384615384615385,cone,cone
6604,21,19,1.105263157894737,cone,cone
6605,85,71,1.1971830985915493,cone,cone
6606,29,38,0.7631578947368421,jl,jl
6607,18,33,0.5454545454545454,jl,cone
6608,74,39,1.8974358974358974,jl,cone
6609,79,70,1.1285714285714286,cone,cone
6610,57,50,1.14,cone,cone
6611,18,19,0.9473684210526315,cone,cone
6612,58,58,1.0,lateral,lateral
6613,79,39,2.0256410256410255,cone,cone
6614,36,30,1.2,jl,cone
6615,13,37,0.35135135135135137,jl,cone
6616,60,43,1.3953488372093024,cone,cone
6617,51,44,1.1590909090909092,lateral,cone
6618,24,23,1.0434782608695652,cone,cone
6619,57,34,1.6764705882352942,cone,cone
6620,65,37,1.7567567567567568,cone,cone
6621,38,31,1.2258064516129032,cone,jl
6622,13,26,0.5,jl,cone
6623,75,49,1.530612244897959,cone,cone
6624,35,30,1.1666666666666667,cone,cone
6625,8,12,0.6666666666666666,collision,collision
6626,12,12,1.0,cone,cone
6627,24,25,0.96,cone,cone
6628,23,24,0.9583333333333334,cone,cone
6629,36,36,1.0,lateral,lateral
6630,23,19,1.2105263157894737,jl,cone
6631,10,10,1.0,jl,jl
6632,18,20,0.9,cone,cone
6633,61,48,1.2708333333333333,cone,cone
6634,48,20,2.4,cone,cone
6635,10,10,1.0,lateral,lateral
6636,36,35,1.0285714285714285,cone,cone
6637,32,32,1.0,lateral,lateral
6638,74,34,2.176470588235294,cone,cone
6639,61,60,1.0166666666666666,cone,cone
6640,87,75,1.16,cone,cone
6641,12,17,0.7058823529411765,jl,jl
6642,20,18,1.1111111111111112,cone,cone
6643,41,41,1.0,cone,cone
6644,20,20,1.0,lateral,lateral
6645,54,53,1.0188679245283019,lateral,lateral
6646,66,40,1.65,cone,cone
6647,21,21,1.0,cone,cone
6648,22,21,1.0476190476190477,cone,cone
6649,22,25,0.88,cone,cone
6650,92,69,1.3333333333333333,cone,cone
6651,51,44,1.1590909090909092,cone,cone
6652,66,34,1.9411764705882353,cone,cone
6653,54,14,3.857142857142857,jl,collision
6654,86,49,1.7551020408163265,jl,cone
6655,38,26,1.4615384615384615,cone,cone
6656,19,19,1.0,lateral,lateral
6657,31,31,1.0,jl,jl
6658,100,11,9.090909090909092,lateral,jl
6659,55,48,1.1458333333333333,cone,cone
6660,38,27,1.4074074074074074,cone,cone
6661,119,21,5.666666666666667,lateral,cone
6662,41,43,0.9534883720930233,cone,cone
6663,30,30,1.0,cone,cone
6664,107,35,3.057142857142857,jl,cone
6665,66,34,1.9411764705882353,jl,cone
6666,76,42,1.8095238095238095,cone,cone
6667,82,51,1.607843137254902,cone,cone
6668,111,48,2.3125,cone,cone
6669,89,13,6.846153846153846,cone,jl
6670,53,50,1.06,cone,cone
6671,36,32,1.125,cone,cone
6672,17,22,0.7727272727272727,cone,cone
6673,48,45,1.0666666666666667,collision,cone
6674,85,51,1.6666666666666667,cone,cone
6675,45,44,1.0227272727272727,cone,cone
6676,1,40,0.025,jl,cone
6677,74,24,3.0833333333333335,jl,cone
6678,68,61,1.1147540983606556,cone,cone
6679,11,51,0.21568627450980393,jl,cone
6680,30,30,1.0,jl,jl
6681,65,73,0.8904109589041096,jl,cone
6682,10,10,1.0,lateral,lateral
6683,75,75,1.0,lateral,lateral
6684,11,80,0.1375,jl,cone
6685,18,18,1.0,cone,cone
6686,13,10,1.3,jl,jl
6687,25,27,0.9259259259259259,cone,cone
6688,23,23,1.0,lateral,lateral
6689,50,50,1.0,lateral,lateral
6690,37,45,0.8222222222222222,jl,cone
6691,51,47,1.0851063829787233,cone,cone
6692,28,12,2.3333333333333335,jl,jl
6693,10,10,1.0,jl,collision
6694,57,55,1.0363636363636364,lateral,cone
6695,17,23,0.7391304347826086,cone,cone
6696,24,22,1.0909090909090908,cone,cone
6697,54,39,1.3846153846153846,cone,cone
6698,52,52,1.0,lateral,lateral
6699,19,18,1.0555555555555556,collision,collision
6700,23,23,1.0,lateral,lateral
6701,67,47,1.425531914893617,lateral,cone
6702,84,77,1.0909090909090908,cone,cone
6703,15,12,1.25,cone,cone
6704,19,24,0.7916666666666666,collision,cone
6705,63,45,1.4,cone,cone
6706,50,35,1.4285714285714286,cone,cone
6707,17,17,1.0,cone,cone
6708,35,32,1.09375,cone,cone
6709,10,48,0.20833333333333334,jl,cone
6710,76,38,2.0,cone,cone
6711,28,26,1.0769230769230769,cone,cone
6712,35,21,1.6666666666666667,jl,cone
6713,101,25,4.04,jl,cone
6714,6,13,0.46153846153846156,jl,jl
6715,52,39,1.3333333333333333,cone,cone
6716,21,21,1.0,cone,cone
6717,39,37,1.054054054054054,cone,cone
6718,67,29,2.310344827586207,cone,cone
6719,35,35,1.0,lateral,lateral
6720,25,25,1.0,lateral,lateral
6721,19,19,1.0,lateral,lateral
6722,40,35,1.1428571428571428,lateral,cone
6723,25,25,1.0,cone,cone
6724,55,46,1.1956521739130435,cone,cone
6725,19,17,1.1176470588235294,cone,cone
6726,48,29,1.6551724137931034,cone,cone
6727,54,37,1.4594594594594594,cone,cone
6728,33,28,1.1785714285714286,cone,cone
6729,62,41,1.5121951219512195,cone,cone
6730,59,34,1.7352941176470589,cone,cone
6731,18,18,1.0,cone,cone
6732,35,32,1.09375,jl,jl
6733,56,52,1.0769230769230769,cone,cone
6734,70,94,0.7446808510638298,jl,jl
6735,51,28,1.8214285714285714,cone,cone
6736,12,11,1.0909090909090908,jl,jl
6737,71,49,1.4489795918367347,cone,cone
6738,18,20,0.9,cone,cone
6739,76,74,1.027027027027027,cone,cone
6740,29,28,1.0357142857142858,cone,cone
6741,44,26,1.6923076923076923,jl,cone
6742,1,17,0.058823529411764705,jl,jl
6743,11,11,1.0,lateral,lateral
6744,56,66,0.8484848484848485,jl,cone
6745,104,44,2.3636363636363638,jl,cone
6746,27,20,1.35,cone,cone
6747,24,24,1.0,cone,cone
6748,43,34,1.2647058823529411,cone,cone
6749,24,22,1.0909090909090908,jl,jl
6750,48,46,1.0434782608695652,cone,cone
6751,61,55,1.1090909090909091,cone,cone
6752,10,20,0.5,jl,cone
6753,13,53,0.24528301886792453,jl,cone
6754,65,24,2.7083333333333335,cone,cone
6755,53,53,1.0,lateral,lateral
6756,40,39,1.0256410256410255,jl,cone
6757,8,26,0.3076923076923077,jl,cone
6758,33,27,1.2222222222222223,cone,cone
6759,14,14,1.0,lateral,lateral
6760,43,39,1.1025641025641026,jl,jl
6761,92,44,2.090909090909091,cone,cone
6762,19,24,0.7916666666666666,cone,cone
6763,112,40,2.8,cone,jl
6764,31,28,1.1071428571428572,cone,cone
6765,14,12,1.1666666666666667,jl,jl
6766,2,19,0.10526315789473684,collision,cone
6767,15,15,1.0,cone,cone
6768,25,23,1.0869565217391304,cone,cone
6769,36,39,0.9230769230769231,cone,cone
6770,18,22,0.8181818181818182,cone,cone
6771,62,39,1.5897435897435896,cone,cone
6772,49,32,1.53125,cone,cone
6773,19,29,0.6551724137931034,jl,cone
6774,65,29,2.2413793103448274,cone,cone
6775,41,39,1.0512820512820513,cone,cone
6776,14,27,0.5185185185185185,jl,jl
6777,9,16,0.5625,jl,cone
6778,62,48,1.2916666666666667,cone,cone
6779,55,42,1.3095238095238095,jl,cone
6780,36,32,1.125,cone,cone
6781,80,74,1.0810810810810811,jl,jl
6782,41,44,0.9318181818181818,jl,cone
6783,22,30,0.7333333333333333,jl,jl
6784,32,29,1.103448275862069,cone,cone
6785,66,46,1.434782608695652,cone,cone
6786,70,67,1.044776119402985,cone,cone
6787,16,16,1.0,cone,cone
6788,46,40,1.15,cone,cone
6789,100,34,2.9411764705882355,cone,cone
6790,40,38,1.0526315789473684,lateral,cone
6791,20,17,1.1764705882352942,cone,cone
6792,50,20,2.5,cone,cone
6793,27,22,1.2272727272727273,cone,cone
6794,14,14,1.0,collision,collision
6795,53,53,1.0,lateral,lateral
6796,15,15,1.0,cone,cone
6797,66,69,0.9565217391304348,cone,cone
6798,27,27,1.0,cone,cone
6799,15,15,1.0,cone,cone
6800,29,29,1.0,lateral,lateral
6801,56,51,1.0980392156862746,lateral,jl
6802,17,12,1.4166666666666667,jl,jl
6803,18,18,1.0,lateral,lateral
6804,22,16,1.375,cone,jl
6805,5,16,0.3125,jl,jl
6806,64,30,2.1333333333333333,cone,cone
6807,44,23,1.9130434782608696,jl,cone
6808,38,33,1.1515151515151516,jl,jl
6809,24,33,0.7272727272727273,jl,jl
6810,19,18,1.0555555555555556,cone,cone
6811,13,13,1.0,cone,cone
6812,42,40,1.05,cone,cone
6813,41,30,1.3666666666666667,cone,cone
6814,69,42,1.6428571428571428,lateral,cone
6815,71,26,2.730769230769231,jl,cone
6816,32,47,0.6808510638297872,jl,cone
6817,49,49,1.0,cone,cone
6818,32,32,1.0,cone,cone
6819,7,27,0.25925925925925924,jl,cone
6820,30,25,1.2,cone,cone
6821,26,25,1.04,jl,jl
6822,8,22,0.36363636363636365,jl,cone
6823,45,34,1.3235294117647058,cone,cone
6824,65,43,1.5116279069767442,jl,cone
6825,14,11,1.2727272727272727,jl,jl
6826,24,18,1.3333333333333333,jl,jl
6827,22,27,0.8148148148148148,jl,jl
6828,8,18,0.4444444444444444,jl,cone
6829,19,26,0.7307692307692307,cone,cone
6830,26,25,1.04,cone,cone
6831,37,42,0.8809523809523809,cone,lateral
6832,18,18,1.0,cone,cone
6833,6,13,0.46153846153846156,jl,jl
6834,56,41,1.3658536585365855,jl,cone
6835,45,49,0.9183673469387755,jl,cone
6836,12,12,1.0,lateral,lateral
6837,36,36,1.0,lateral,lateral
6838,80,33,2.4242424242424243,lateral,cone
6839,9,35,0.2571428571428571,jl,cone
6840,45,32,1.40625,jl,jl
6841,45,40,1.125,cone,cone
6842,52,42,1.2380952380952381,jl,cone
6843,50,53,0.9433962264150944,jl,cone
6844,74,28,2.642857142857143,cone,cone
6845,47,28,1.6785714285714286,cone,cone
6846,66,54,1.2222222222222223,jl,jl
6847,20,20,1.0,lateral,lateral
6848,45,47,0.9574468085106383,cone,cone
6849,25,23,1.0869565217391304,jl,cone
6850,62,62,1.0,lateral,lateral
6851,27,20,1.35,cone,cone
6852,62,50,1.24,cone,cone
6853,50,39,1.2820512820512822,lateral,cone
6854,15,25,0.6,jl,jl
6855,46,46,1.0,lateral,lateral
6856,89,82,1.0853658536585367,cone,cone
6857,26,26,1.0,lateral,lateral
6858,40,55,0.7272727272727273,jl,jl
6859,33,31,1.064516129032258,cone,cone
6860,48,35,1.3714285714285714,jl,jl
6861,21,32,0.65625,jl,cone
6862,33,31,1.064516129032258,lateral,cone
6863,17,24,0.7083333333333334,jl,cone
6864,19,99,0.1919191919191919,cone,cone
6865,85,35,2.4285714285714284,cone,cone
6866,21,44,0.4772727272727273,jl,cone
6867,52,58,0.896551724137931,jl,cone
6868,48,42,1.1428571428571428,cone,cone
6869,12,19,0.631578947368421,jl,cone
6870,25,23,1.0869565217391304,collision,cone
6871,96,99,0.9696969696969697,cone,cone
6872,53,28,1.8928571428571428,cone,cone
6873,49,47,1.0425531914893618,cone,cone
6874,16,15,1.0666666666666667,lateral,lateral
6875,55,42,1.3095238095238095,cone,jl
6876,21,20,1.05,cone,cone
6877,35,25,1.4,jl,jl
6878,18,31,0.5806451612903226,jl,jl
6879,53,44,1.2045454545454546,cone,cone
6880,58,45,1.288888888888889,cone,cone
6881,25,22,1.1363636363636365,cone,cone
6882,67,35,1.9142857142857144,jl,cone
6883,61,61,1.0,cone,cone
6884,68,45,1.511111111111111,lateral,cone
6885,46,27,1.7037037037037037,cone,cone
6886,18,18,1.0,lateral,lateral
6887,11,12,0.9166666666666666,cone,cone
6888,60,40,1.5,cone,cone
6889,57,39,1.4615384615384615,cone,cone
6890,25,24,1.0416666666666667,lateral,cone
6891,23,23,1.0,lateral,lateral
6892,81,43,1.8837209302325582,cone,cone
6893,51,38,1.3421052631578947,cone,cone
6894,41,32,1.28125,cone,cone
6895,34,31,1.096774193548387,cone,cone
6896,44,44,1.0,lateral,lateral
6897,32,13,2.4615384615384617,cone,jl
6898,26,22,1.1818181818181819,cone,cone
6899,22,22,1.0,cone,cone
6900,50,29,1.7241379310344827,jl,cone
6901,67,55,1.2181818181818183,cone,cone
6902,22,23,0.9565217391304348,cone,cone
6903,12,32,0.375,jl,jl
6904,7,19,0.3684210526315789,jl,jl
6905,33,37,0.8918918918918919,cone,cone
6906,25,24,1.0416666666666667,cone,cone
6907,17,17,1.0,cone,cone
6908,47,33,1.4242424242424243,cone,cone
6909,39,22,1.7727272727272727,cone,cone
6910,31,23,1.3478260869565217,cone,jl
6911,28,25,1.12,cone,cone
6912,14,14,1.0,lateral,lateral
6913,20,25,0.8,cone,cone
6914,27,28,0.9642857142857143,collision,cone
6915,49,45,1.0888888888888888,cone,cone
6916,98,31,3.161290322580645,cone,cone
6917,23,24,0.9583333333333334,cone,cone
6918,45,37,1.2162162162162162,collision,cone
6919,74,67,1.1044776119402986,cone,cone
6920,55,55,1.0,lateral,lateral
6921,83,17,4.882352941176471,cone,jl
6922,23,21,1.0952380952380953,cone,cone
6923,16,16,1.0,jl,cone
6924,18,25,0.72,cone,cone
6925,24,29,0.8275862068965517,cone,cone
6926,25,24,1.0416666666666667,cone,cone
6927,61,29,2.103448275862069,jl,cone
6928,60,12,5.0,lateral,jl
6929,35,30,1.1666666666666667,cone,cone
6930,38,37,1.027027027027027,lateral,cone
6931,16,20,0.8,jl,jl
6932,26,24,1.0833333333333333,cone,cone
6933,48,38,1.263157894736842,cone,cone
6934,46,29,1.5862068965517242,cone,cone
6935,98,81,1.2098765432098766,cone,cone
6936,22,21,1.0476190476190477,cone,cone
6937,12,11,1.0909090909090908,jl,jl
6938,8,12,0.6666666666666666,collision,collision
6939,85,37,2.2972972972972974,cone,cone
6940,26,23,1.1304347826086956,cone,cone
6941,43,38,1.131578947368421,cone,cone
6942,11,11,1.0,lateral,lateral
6943,91,51,1.7843137254901962,jl,cone
6944,91,59,1.5423728813559323,cone,cone
6945,10,10,1.0,jl,jl
6946,19,18,1.0555555555555556,cone,cone
6947,44,41,1.0731707317073171,jl,cone
6948,39,36,1.0833333333333333,cone,cone
6949,60,35,1.7142857142857142,cone,cone
6950,22,18,1.2222222222222223,cone,cone
6951,78,49,1.5918367346938775,cone,cone
6952,41,34,1.2058823529411764,jl,cone
6953,93,82,1.1341463414634145,cone,cone
6954,12,18,0.6666666666666666,jl,cone
6955,71,51,1.392156862745098,cone,cone
6956,35,32,1.09375,jl,jl
6957,55,23,2.391304347826087,cone,cone
6958,22,22,1.0,cone,cone
6959,47,48,0.9791666666666666,lateral,lateral
6960,20,18,1.1111111111111112,jl,jl
6961,26,32,0.8125,jl,jl
6962,19,18,1.0555555555555556,cone,cone
6963,43,39,1.1025641025641026,jl,jl
6964,33,42,0.7857142857142857,cone,cone
6965,35,35,1.0,cone,cone
6966,24,31,0.7741935483870968,jl,cone
6967,55,52,1.0576923076923077,cone,cone
6968,58,40,1.45,cone,cone
6969,72,24,3.0,cone,cone
6970,56,36,1.5555555555555556,cone,cone
6971,22,15,1.4666666666666666,jl,jl
6972,41,41,1.0,lateral,lateral
6973,43,43,1.0,cone,cone
6974,94,21,4.476190476190476,cone,jl
6975,19,22,0.8636363636363636,jl,jl
6976,22,24,0.9166666666666666,cone,cone
6977,37,45,0.8222222222222222,jl,cone
6978,68,52,1.3076923076923077,cone,cone
6979,95,38,2.5,cone,cone
6980,67,67,1.0,lateral,lateral
6981,84,67,1.2537313432835822,cone,cone
6982,32,28,1.1428571428571428,cone,cone
6983,37,37,1.0,cone,cone
6984,22,22,1.0,cone,cone
6985,50,51,0.9803921568627451,cone,cone
6986,29,25,1.16,cone,cone
6987,66,30,2.2,cone,cone
6988,39,32,1.21875,cone,cone
6989,1,55,0.01818181818181818,jl,cone
6990,49,46,1.065217391304348,cone,cone
6991,25,30,0.8333333333333334,jl,cone
6992,24,23,1.0434782608695652,jl,jl
6993,58,19,3.0526315789473686,jl,cone
6994,60,55,1.0909090909090908,cone,cone
6995,31,25,1.24,cone,cone
6996,46,31,1.4838709677419355,cone,cone
6997,14,14,1.0,lateral,lateral
6998,31,29,1.0689655172413792,cone,cone
6999,30,40,0.75,jl,cone
7000,46,32,1.4375,cone,cone
7001,36,23,1.565217391304348,jl,jl
7002,47,44,1.0681818181818181,lateral,cone
7003,42,33,1.2727272727272727,cone,cone
7004,53,25,2.12,cone,cone
7005,28,19,1.4736842105263157,cone,cone
7006,32,27,1.1851851851851851,cone,cone
7007,69,65,1.0615384615384615,cone,cone
7008,23,24,0.9583333333333334,cone,cone
7009,53,53,1.0,lateral,lateral
7010,23,29,0.7931034482758621,jl,cone
7011,26,24,1.0833333333333333,cone,cone
7012,30,25,1.2,cone,cone
7013,46,36,1.2777777777777777,cone,cone
7014,22,32,0.6875,cone,cone
7015,24,19,1.263157894736842,cone,cone
7016,51,63,0.8095238095238095,jl,cone
7017,86,52,1.6538461538461537,cone,cone
7018,93,87,1.0689655172413792,cone,cone
7019,15,29,0.5172413793103449,jl,cone
7020,64,47,1.3617021276595744,cone,cone
7021,55,41,1.3414634146341464,cone,cone
7022,33,33,1.0,cone,cone
7023,79,71,1.1126760563380282,cone,cone
7024,11,44,0.25,jl,cone
7025,17,15,1.1333333333333333,cone,cone
7026,62,34,1.8235294117647058,cone,cone
7027,25,21,1.1904761904761905,cone,cone
7028,23,20,1.15,cone,cone
7029,18,17,1.0588235294117647,cone,cone
7030,69,67,1.0298507462686568,cone,cone
7031,49,46,1.065217391304348,cone,cone
7032,70,28,2.5,jl,cone
7033,25,31,0.8064516129032258,jl,jl
7034,23,23,1.0,cone,cone
7035,53,38,1.394736842105263,cone,cone
7036,78,57,1.368421052631579,cone,cone
7037,24,30,0.8,jl,cone
7038,28,22,1.2727272727272727,cone,cone
7039,112,34,3.2941176470588234,jl,cone
7040,18,17,1.0588235294117647,cone,cone
7041,34,31,1.096774193548387,cone,cone
7042,66,61,1.0819672131147542,cone,cone
7043,26,25,1.04,cone,cone
7044,71,58,1.2241379310344827,cone,cone
7045,60,26,2.3076923076923075,cone,cone
7046,61,49,1.2448979591836735,cone,cone
7047,72,50,1.44,cone,cone
7048,13,27,0.48148148148148145,jl,lateral
7049,18,17,1.0588235294117647,cone,cone
7050,21,18,1.1666666666666667,cone,cone
7051,46,41,1.1219512195121952,cone,cone
7052,47,47,1.0,lateral,lateral
7053,24,24,1.0,lateral,lateral
7054,26,22,1.1818181818181819,cone,cone
7055,18,12,1.5,jl,jl
7056,123,31,3.967741935483871,cone,cone
7057,25,26,0.9615384615384616,lateral,lateral
7058,26,37,0.7027027027027027,jl,cone
7059,17,17,1.0,cone,cone
7060,25,22,1.1363636363636365,cone,cone
7061,64,55,1.1636363636363636,cone,cone
7062,75,22,3.409090909090909,cone,cone
7063,44,37,1.1891891891891893,cone,cone
7064,33,77,0.42857142857142855,cone,lateral
7065,12,12,1.0,jl,jl
7066,48,32,1.5,cone,cone
7067,17,22,0.7727272727272727,jl,jl
7068,24,24,1.0,cone,cone
7069,30,26,1.1538461538461537,cone,cone
7070,30,26,1.1538461538461537,cone,cone
7071,61,20,3.05,jl,jl
7072,22,17,1.2941176470588236,cone,cone
7073,61,40,1.525,cone,cone
7074,39,37,1.054054054054054,cone,cone
7075,29,22,1.3181818181818181,cone,cone
7076,70,47,1.4893617021276595,cone,cone
7077,75,46,1.6304347826086956,cone,cone
7078,65,61,1.0655737704918034,cone,cone
7079,36,27,1.3333333333333333,cone,cone
7080,21,21,1.0,cone,cone
7081,5,31,0.16129032258064516,jl,lateral
7082,26,30,0.8666666666666667,cone,cone
7083,30,26,1.1538461538461537,cone,cone
7084,35,76,0.4605263157894737,jl,cone
7085,53,41,1.2926829268292683,cone,cone
7086,24,22,1.0909090909090908,cone,cone
7087,91,38,2.3947368421052633,cone,cone
7088,100,75,1.3333333333333333,jl,cone
7089,37,33,1.121212121212121,lateral,cone
7090,43,40,1.075,cone,cone
7091,52,36,1.4444444444444444,jl,jl
7092,44,30,1.4666666666666666,cone,cone
7093,9,39,0.23076923076923078,jl,cone
7094,20,21,0.9523809523809523,cone,cone
7095,81,55,1.4727272727272727,jl,jl
7096,65,57,1.1403508771929824,cone,cone
7097,16,16,1.0,cone,cone
7098,9,16,0.5625,collision,jl
7099,21,22,0.9545454545454546,lateral,lateral
7100,13,18,0.7222222222222222,jl,jl
7101,48,43,1.1162790697674418,jl,cone
7102,76,25,3.04,cone,jl
7103,114,23,4.956521739130435,cone,cone
7104,14,51,0.27450980392156865,jl,cone
7105,67,33,2.0303030303030303,lateral,cone
7106,44,41,1.0731707317073171,cone,cone
7107,37,36,1.0277777777777777,lateral,lateral
7108,16,41,0.3902439024390244,jl,cone
7109,28,17,1.6470588235294117,cone,cone
7110,7,16,0.4375,jl,jl
7111,90,79,1.139240506329114,cone,cone
7112,28,27,1.037037037037037,lateral,lateral
7113,19,23,0.8260869565217391,cone,cone
7114,64,50,1.28,cone,cone
7115,48,11,4.363636363636363,cone,jl
7116,3,20,0.15,jl,jl
7117,17,16,1.0625,cone,cone
7118,29,37,0.7837837837837838,collision,cone
7119,46,36,1.2777777777777777,cone,cone
7120,19,45,0.4222222222222222,jl,cone
7121,16,19,0.8421052631578947,collision,jl
7122,88,67,1.3134328358208955,cone,cone
7123,6,21,0.2857142857142857,jl,cone
7124,51,42,1.2142857142857142,cone,cone
7125,94,93,1.010752688172043,cone,cone
7126,35,34,1.0294117647058822,jl,cone
7127,19,19,1.0,cone,cone
7128,29,28,1.0357142857142858,cone,cone
7129,77,63,1.2222222222222223,lateral,cone
7130,13,13,1.0,cone,cone
7131,83,50,1.66,cone,cone
7132,22,29,0.7586206896551724,jl,cone
7133,37,26,1.4230769230769231,cone,cone
7134,26,33,0.7878787878787878,jl,cone
7135,31,30,1.0333333333333334,cone,cone
7136,44,35,1.2571428571428571,cone,cone
7137,82,51,1.607843137254902,cone,cone
7138,33,50,0.66,jl,cone
7139,38,38,1.0,lateral,lateral
7140,52,42,1.2380952380952381,cone,cone
7141,46,34,1.3529411764705883,cone,cone
7142,12,12,1.0,lateral,lateral
7143,50,45,1.1111111111111112,cone,cone
7144,57,45,1.2666666666666666,cone,cone
7145,85,68,1.25,cone,cone
7146,69,31,2.225806451612903,cone,cone
7147,23,26,0.8846153846153846,jl,cone
7148,75,82,0.9146341463414634,jl,cone
7149,47,31,1.5161290322580645,cone,jl
7150,14,16,0.875,collision,collision
7151,44,44,1.0,lateral,lateral
7152,32,34,0.9411764705882353,jl,jl
7153,52,25,2.08,jl,collision
7154,82,46,1.7826086956521738,lateral,cone
7155,71,62,1.1451612903225807,cone,cone
7156,50,54,0.9259259259259259,jl,cone
7157,16,16,1.0,cone,cone
7158,35,31,1.1290322580645162,cone,cone
7159,56,61,0.9180327868852459,jl,lateral
7160,80,80,1.0,lateral,lateral
7161,26,18,1.4444444444444444,cone,cone
7162,21,20,1.05,cone,cone
7163,21,22,0.9545454545454546,cone,cone
7164,45,46,0.9782608695652174,lateral,lateral
7165,58,43,1.3488372093023255,cone,cone
7166,21,25,0.84,jl,jl
7167,56,48,1.1666666666666667,cone,cone
7168,42,32,1.3125,cone,cone
7169,46,41,1.1219512195121952,jl,cone
7170,41,35,1.1714285714285715,jl,jl
7171,81,54,1.5,cone,cone
7172,20,19,1.0526315789473684,jl,jl
7173,43,28,1.5357142857142858,cone,cone
7174,19,37,0.5135135135135135,jl,jl
7175,19,18,1.0555555555555556,cone,cone
7176,46,43,1.069767441860465,lateral,cone
7177,12,12,1.0,jl,jl
7178,35,30,1.1666666666666667,cone,cone
7179,13,12,1.0833333333333333,cone,jl
7180,15,25,0.6,cone,cone
7181,50,48,1.0416666666666667,cone,cone
7182,36,31,1.1612903225806452,cone,cone
7183,18,18,1.0,cone,cone
7184,25,30,0.8333333333333334,cone,cone
7185,62,52,1.1923076923076923,jl,cone
7186,21,20,1.05,cone,cone
7187,61,49,1.2448979591836735,cone,cone
7188,36,26,1.3846153846153846,cone,cone
7189,15,23,0.6521739130434783,jl,jl
7190,31,29,1.0689655172413792,cone,cone
7191,32,30,1.0666666666666667,cone,cone
7192,19,40,0.475,jl,jl
7193,25,24,1.0416666666666667,cone,cone
7194,40,40,1.0,lateral,lateral
7195,34,34,1.0,cone,cone
7196,41,41,1.0,jl,cone
7197,24,24,1.0,cone,cone
7198,26,34,0.7647058823529411,jl,jl
7199,27,22,1.2272727272727273,cone,cone
7200,22,17,1.2941176470588236,collision,cone
7201,70,67,1.044776119402985,cone,cone
7202,22,25,0.88,jl,cone
7203,29,20,1.45,cone,cone
7204,21,29,0.7241379310344828,jl,cone
7205,48,39,1.2307692307692308,cone,cone
7206,92,78,1.1794871794871795,cone,cone
7207,30,31,0.967741935483871,jl,cone
7208,76,43,1.7674418604651163,jl,cone
7209,52,35,1.4857142857142858,jl,cone
7210,73,40,1.825,cone,cone
7211,37,44,0.8409090909090909,jl,cone
7212,115,31,3.7096774193548385,cone,cone
7213,39,38,1.0263157894736843,lateral,lateral
7214,14,13,1.0769230769230769,lateral,lateral
7215,39,35,1.1142857142857143,cone,cone
7216,32,22,1.4545454545454546,jl,jl
7217,24,23,1.0434782608695652,cone,cone
7218,17,25,0.68,cone,cone
7219,23,22,1.0454545454545454,cone,cone
7220,37,47,0.7872340425531915,jl,cone
7221,28,26,1.0769230769230769,cone,cone
7222,14,51,0.27450980392156865,jl,cone
7223,39,39,1.0,jl,cone
7224,96,25,3.84,cone,cone
7225,25,22,1.1363636363636365,cone,cone
7226,12,14,0.8571428571428571,jl,jl
7227,58,42,1.380952380952381,cone,cone
7228,27,26,1.0384615384615385,cone,cone
7229,76,49,1.5510204081632653,lateral,cone
7230,28,32,0.875,cone,cone
7231,20,54,0.37037037037037035,jl,cone
7232,21,19,1.105263157894737,cone,cone
7233,70,36,1.9444444444444444,jl,cone
7234,34,26,1.3076923076923077,cone,cone
7235,32,24,1.3333333333333333,cone,cone
7236,43,43,1.0,cone,cone
7237,1,55,0.01818181818181818,jl,cone
7238,110,31,3.5483870967741935,cone,cone
7239,79,28,2.8214285714285716,cone,cone
7240,41,39,1.0512820512820513,cone,cone
7241,13,45,0.28888888888888886,jl,cone
7242,33,14,2.357142857142857,jl,jl
7243,64,64,1.0,lateral,lateral
7244,8,40,0.2,jl,cone
7245,43,40,1.075,cone,cone
7246,48,51,0.9411764705882353,cone,lateral
7247,24,21,1.1428571428571428,cone,cone
7248,11,23,0.4782608695652174,jl,cone
7249,82,44,1.8636363636363635,cone,cone
7250,27,23,1.173913043478261,cone,cone
7251,35,39,0.8974358974358975,cone,cone
7252,124,44,2.8181818181818183,cone,cone
7253,15,29,0.5172413793103449,jl,cone
7254,34,31,1.096774193548387,cone,cone
7255,62,60,1.0333333333333334,cone,cone
7256,25,22,1.1363636363636365,cone,cone
7257,30,29,1.0344827586206897,jl,jl
7258,29,27,1.0740740740740742,cone,cone
7259,67,29,2.310344827586207,cone,cone
7260,38,30,1.2666666666666666,cone,cone
7261,24,20,1.2,cone,cone
7262,31,30,1.0333333333333334,lateral,cone
7263,21,20,1.05,cone,cone
7264,31,25,1.24,cone,cone
7265,31,27,1.1481481481481481,cone,cone
7266,26,21,1.2380952380952381,cone,cone
7267,116,40,2.9,cone,cone
7268,30,30,1.0,cone,cone
7269,72,65,1.1076923076923078,cone,cone
7270,64,29,2.206896551724138,cone,cone
7271,88,75,1.1733333333333333,cone,cone
7272,23,23,1.0,lateral,lateral
7273,38,29,1.3103448275862069,cone,cone
7274,24,24,1.0,cone,cone
7275,33,27,1.2222222222222223,cone,cone
7276,26,19,1.368421052631579,cone,cone
7277,24,18,1.3333333333333333,cone,cone
7278,23,25,0.92,jl,cone
7279,68,33,2.0606060606060606,cone,cone
7280,64,53,1.2075471698113207,cone,cone
7281,51,27,1.8888888888888888,jl,jl
7282,26,26,1.0,cone,cone
7283,43,36,1.1944444444444444,cone,cone
7284,36,32,1.125,cone,cone
7285,41,53,0.7735849056603774,jl,cone
7286,70,20,3.5,jl,cone
7287,60,33,1.8181818181818181,cone,cone
7288,58,40,1.45,jl,jl
7289,14,14,1.0,cone,cone
7290,32,29,1.103448275862069,cone,cone
7291,25,23,1.0869565217391304,cone,cone
7292,21,18,1.1666666666666667,cone,cone
7293,84,46,1.826086956521739,cone,cone
7294,55,36,1.5277777777777777,jl,cone
7295,3,14,0.21428571428571427,collision,collision
7296,76,35,2.1714285714285713,jl,cone
7297,44,22,2.0,jl,cone
7298,22,22,1.0,cone,cone
7299,79,37,2.135135135135135,jl,cone
7300,44,35,1.2571428571428571,cone,cone
7301,28,28,1.0,lateral,lateral
7302,48,25,1.92,collision,cone
7303,30,25,1.2,cone,cone
7304,18,25,0.72,jl,cone
7305,58,47,1.2340425531914894,jl,cone
7306,20,25,0.8,jl,cone
7307,35,29,1.206896551724138,cone,cone
7308,16,17,0.9411764705882353,cone,cone
7309,55,55,1.0,jl,cone
7310,51,38,1.3421052631578947,jl,cone
7311,26,32,0.8125,jl,cone
7312,39,38,1.0263157894736843,jl,jl
7313,131,25,5.24,cone,cone
7314,64,43,1.4883720930232558,cone,cone
7315,40,36,1.1111111111111112,cone,cone
7316,9,18,0.5,jl,cone
7317,13,12,1.0833333333333333,jl,jl
7318,27,27,1.0,cone,cone
7319,59,41,1.4390243902439024,cone,cone
7320,52,32,1.625,cone,cone
7321,48,26,1.8461538461538463,cone,cone
7322,3,44,0.06818181818181818,jl,jl
7323,16,17,0.9411764705882353,lateral,lateral
7324,33,35,0.9428571428571428,jl,cone
7325,20,20,1.0,cone,cone
7326,36,33,1.0909090909090908,cone,cone
7327,36,36,1.0,lateral,lateral
7328,28,18,1.5555555555555556,cone,cone
7329,84,59,1.423728813559322,cone,cone
7330,36,34,1.0588235294117647,cone,cone
7331,28,27,1.037037037037037,cone,cone
7332,15,15,1.0,jl,jl
7333,27,27,1.0,cone,cone
7334,36,35,1.0285714285714285,cone,cone
7335,63,30,2.1,cone,cone
7336,121,31,3.903225806451613,cone,cone
7337,45,51,0.8823529411764706,cone,cone
7338,26,21,1.2380952380952381,cone,cone
7339,61,41,1.4878048780487805,cone,cone
7340,23,23,1.0,lateral,lateral
7341,44,46,0.9565217391304348,jl,jl
7342,80,41,1.951219512195122,cone,cone
7343,10,10,1.0,cone,cone
7344,16,14,1.1428571428571428,cone,cone
7345,13,13,1.0,lateral,lateral
7346,66,53,1.2452830188679245,cone,cone
7347,52,23,2.260869565217391,cone,cone
7348,71,41,1.7317073170731707,cone,cone
7349,43,33,1.303030303030303,cone,cone
7350,48,48,1.0,lateral,lateral
7351,68,36,1.8888888888888888,cone,cone
7352,14,11,1.2727272727272727,cone,jl
7353,105,34,3.088235294117647,jl,cone
7354,78,68,1.1470588235294117,cone,cone
7355,66,50,1.32,cone,cone
7356,59,27,2.185185185185185,cone,cone
7357,93,48,1.9375,jl,cone
7358,15,15,1.0,cone,cone
7359,43,33,1.303030303030303,cone,cone
7360,48,32,1.5,cone,cone
7361,17,17,1.0,cone,cone
7362,56,35,1.6,jl,cone
7363,85,79,1.0759493670886076,jl,cone
7364,62,41,1.5121951219512195,cone,cone
7365,20,19,1.0526315789473684,cone,cone
7366,78,53,1.471698113207547,cone,cone
7367,64,42,1.5238095238095237,cone,cone
7368,113,18,6.277777777777778,cone,cone
7369,81,46,1.7608695652173914,jl,cone
7370,22,32,0.6875,collision,collision
7371,13,18,0.7222222222222222,cone,cone
7372,21,24,0.875,jl,cone
7373,109,30,3.6333333333333333,jl,cone
7374,42,42,1.0,lateral,lateral
7375,18,17,1.0588235294117647,lateral,lateral
7376,27,21,1.2857142857142858,cone,cone
7377,23,23,1.0,lateral,lateral
7378,29,21,1.380952380952381,cone,cone
7379,61,62,0.9838709677419355,lateral,cone
7380,23,22,1.0454545454545454,cone,cone
7381,46,41,1.1219512195121952,cone,cone
7382,18,18,1.0,cone,cone
7383,98,79,1.240506329113924,cone,cone
7384,16,20,0.8,jl,cone
7385,71,65,1.0923076923076922,cone,cone
7386,33,27,1.2222222222222223,cone,cone
7387,26,21,1.2380952380952381,cone,cone
7388,21,19,1.105263157894737,cone,cone
7389,29,29,1.0,lateral,lateral
7390,21,27,0.7777777777777778,jl,jl
7391,45,63,0.7142857142857143,jl,lateral
7392,23,25,0.92,collision,cone
7393,18,21,0.8571428571428571,collision,cone
7394,19,18,1.0555555555555556,cone,cone
7395,37,25,1.48,cone,cone
7396,20,23,0.8695652173913043,cone,cone
7397,19,22,0.8636363636363636,jl,jl
7398,26,31,0.8387096774193549,jl,cone
7399,86,39,2.2051282051282053,jl,cone
7400,18,17,1.0588235294117647,jl,jl
7401,19,18,1.0555555555555556,cone,cone
7402,116,33,3.515151515151515,cone,jl
7403,25,31,0.8064516129032258,jl,cone
7404,62,35,1.7714285714285714,cone,cone
7405,12,22,0.5454545454545454,jl,cone
7406,13,16,0.8125,jl,jl
7407,92,33,2.787878787878788,cone,cone
7408,14,13,1.0769230769230769,jl,jl
7409,67,49,1.3673469387755102,cone,cone
7410,48,46,1.0434782608695652,cone,cone
7411,35,32,1.09375,cone,cone
7412,55,50,1.1,cone,cone
7413,23,23,1.0,lateral,lateral
7414,6,24,0.25,jl,cone
7415,13,105,0.12380952380952381,jl,jl
7416,21,21,1.0,cone,cone
7417,58,30,1.9333333333333333,jl,cone
7418,13,46,0.2826086956521739,jl,cone
7419,29,27,1.0740740740740742,cone,cone
7420,66,57,1.1578947368421053,jl,jl
7421,16,16,1.0,cone,cone
7422,16,20,0.8,cone,cone
7423,24,24,1.0,cone,cone
7424,8,18,0.4444444444444444,jl,jl
7425,74,60,1.2333333333333334,cone,cone
7426,100,35,2.857142857142857,jl,cone
7427,64,61,1.0491803278688525,cone,cone
7428,60,47,1.2765957446808511,cone,cone
7429,15,15,1.0,lateral,lateral
7430,34,32,1.0625,cone,cone
7431,23,20,1.15,cone,cone
7432,50,36,1.3888888888888888,cone,cone
7433,20,20,1.0,cone,cone
7434,11,11,1.0,cone,cone
7435,16,28,0.5714285714285714,jl,cone
7436,90,36,2.5,cone,cone
7437,15,16,0.9375,jl,jl
7438,73,47,1.553191489361702,cone,cone
7439,65,51,1.2745098039215685,jl,cone
7440,52,51,1.0196078431372548,cone,cone
7441,62,40,1.55,cone,cone
7442,19,18,1.0555555555555556,lateral,lateral
7443,17,17,1.0,lateral,lateral
7444,11,22,0.5,jl,cone
7445,32,22,1.4545454545454546,jl,cone
7446,39,38,1.0263157894736843,cone,cone
7447,76,78,0.9743589743589743,jl,cone
7448,30,30,1.0,jl,cone
7449,30,24,1.25,lateral,jl
7450,7,46,0.15217391304347827,jl,cone
7451,50,40,1.25,cone,cone
7452,63,62,1.0161290322580645,jl,jl
7453,7,21,0.3333333333333333,jl,jl
7454,59,58,1.0172413793103448,cone,cone
7455,12,12,1.0,cone,cone
7456,69,62,1.1129032258064515,cone,cone
7457,33,32,1.03125,cone,cone
7458,1,35,0.02857142857142857,jl,cone
7459,45,33,1.3636363636363635,cone,cone
7460,76,62,1.2258064516129032,cone,cone
7461,27,28,0.9642857142857143,cone,cone
7462,57,44,1.2954545454545454,cone,cone
7463,37,42,0.8809523809523809,jl,jl
7464,38,28,1.3571428571428572,cone,cone
7465,17,16,1.0625,cone,cone
7466,1,21,0.047619047619047616,jl,cone
7467,81,79,1.0253164556962024,cone,cone
7468,35,28,1.25,lateral,cone
7469,135,24,5.625,cone,cone
7470,19,19,1.0,cone,cone
7471,32,30,1.0666666666666667,cone,cone
7472,17,35,0.4857142857142857,jl,lateral
7473,94,80,1.175,cone,cone
7474,45,27,1.6666666666666667,cone,cone
7475,17,18,0.9444444444444444,collision,jl
7476,41,41,1.0,lateral,lateral
7477,64,33,1.9393939393939394,cone,cone
7478,34,37,0.918918918918919,cone,cone
7479,16,34,0.47058823529411764,jl,cone
7480,73,64,1.140625,cone,cone
7481,26,31,0.8387096774193549,jl,jl
7482,16,15,1.0666666666666667,cone,cone
7483,24,32,0.75,jl,cone
7484,61,40,1.525,jl,cone
7485,10,24,0.4166666666666667,jl,cone
7486,46,32,1.4375,cone,cone
7487,113,54,2.0925925925925926,jl,cone
7488,51,48,1.0625,cone,cone
7489,26,25,1.04,cone,cone
7490,65,58,1.1206896551724137,cone,cone
7491,33,33,1.0,cone,cone
7492,71,61,1.1639344262295082,cone,cone
7493,14,14,1.0,lateral,lateral
7494,58,49,1.183673469387755,cone,cone
7495,57,20,2.85,cone,cone
7496,123,49,2.510204081632653,cone,cone
7497,83,32,2.59375,cone,cone
7498,48,47,1.0212765957446808,lateral,lateral
7499,24,39,0.6153846153846154,jl,jl
7500,42,56,0.75,jl,cone
7501,57,31,1.8387096774193548,cone,cone
7502,118,27,4.37037037037037,jl,cone
7503,66,36,1.8333333333333333,cone,cone
7504,35,35,1.0,lateral,lateral
7505,63,46,1.3695652173913044,cone,cone
7506,13,21,0.6190476190476191,jl,jl
7507,18,31,0.5806451612903226,jl,cone
7508,44,24,1.8333333333333333,cone,cone
7509,60,50,1.2,cone,cone
7510,45,34,1.3235294117647058,cone,cone
7511,32,25,1.28,cone,cone
7512,28,19,1.4736842105263157,cone,cone
7513,38,29,1.3103448275862069,cone,cone
7514,23,28,0.8214285714285714,jl,cone
7515,1,17,0.058823529411764705,jl,cone
7516,31,32,0.96875,cone,cone
7517,84,32,2.625,jl,cone
7518,57,58,0.9827586206896551,jl,cone
7519,60,60,1.0,lateral,lateral
7520,26,23,1.1304347826086956,jl,cone
7521,49,37,1.3243243243243243,cone,jl
7522,63,63,1.0,lateral,lateral
7523,26,30,0.8666666666666667,cone,cone
7524,55,41,1.3414634146341464,cone,cone
7525,27,25,1.08,cone,cone
7526,23,23,1.0,cone,cone
7527,44,42,1.0476190476190477,cone,cone
7528,28,25,1.12,cone,cone
7529,25,23,1.0869565217391304,cone,cone
7530,40,39,1.0256410256410255,jl,cone
7531,71,46,1.5434782608695652,cone,cone
7532,7,25,0.28,jl,cone
7533,26,23,1.1304347826086956,cone,cone
7534,12,26,0.46153846153846156,jl,cone
7535,18,17,1.0588235294117647,cone,cone
7536,19,21,0.9047619047619048,cone,cone
7537,17,19,0.8947368421052632,cone,cone
7538,20,30,0.6666666666666666,cone,cone
7539,24,19,1.263157894736842,cone,cone
7540,17,34,0.5,collision,cone
7541,101,32,3.15625,jl,cone
7542,21,17,1.2352941176470589,lateral,cone
7543,78,65,1.2,cone,cone
7544,72,63,1.1428571428571428,jl,cone
7545,4,10,0.4,jl,jl
7546,25,22,1.1363636363636365,jl,cone
7547,11,25,0.44,collision,cone
7548,27,27,1.0,lateral,lateral
7549,25,35,0.7142857142857143,jl,cone
7550,59,57,1.0350877192982457,cone,cone
7551,57,44,1.2954545454545454,cone,cone
7552,20,22,0.9090909090909091,cone,cone
7553,17,21,0.8095238095238095,jl,jl
7554,41,30,1.3666666666666667,jl,cone
7555,55,39,1.4102564102564104,cone,cone
7556,69,61,1.1311475409836065,cone,cone
7557,73,45,1.6222222222222222,cone,cone
7558,24,24,1.0,cone,cone
7559,19,20,0.95,jl,cone
7560,40,30,1.3333333333333333,cone,cone
7561,60,33,1.8181818181818181,cone,cone
7562,37,37,1.0,lateral,lateral
7563,59,54,1.0925925925925926,cone,cone
7564,24,22,1.0909090909090908,jl,cone
7565,17,19,0.8947368421052632,cone,cone
7566,32,31,1.032258064516129,lateral,lateral
7567,29,23,1.2608695652173914,cone,cone
7568,75,33,2.272727272727273,jl,cone
7569,29,29,1.0,lateral,lateral
7570,8,24,0.3333333333333333,jl,cone
7571,53,49,1.0816326530612246,cone,cone
7572,93,22,4.2272727272727275,cone,cone
7573,44,20,2.2,cone,cone
7574,66,66,1.0,lateral,lateral
7575,7,51,0.13725490196078433,jl,cone
7576,13,35,0.37142857142857144,jl,cone
7577,52,52,1.0,lateral,lateral
7578,50,38,1.3157894736842106,lateral,cone
7579,52,39,1.3333333333333333,cone,cone
7580,53,22,2.409090909090909,cone,cone
7581,69,54,1.2777777777777777,cone,cone
7582,29,27,1.0740740740740742,cone,cone
7583,32,24,1.3333333333333333,cone,cone
7584,29,20,1.45,cone,cone
7585,117,71,1.647887323943662,jl,jl
7586,60,54,1.1111111111111112,lateral,cone
7587,26,42,0.6190476190476191,jl,cone
7588,22,28,0.7857142857142857,jl,cone
7589,29,22,1.3181818181818181,cone,cone
7590,50,41,1.2195121951219512,cone,cone
7591,28,29,0.9655172413793104,jl,lateral
7592,22,23,0.9565217391304348,jl,cone
7593,17,17,1.0,cone,cone
7594,21,21,1.0,cone,cone
7595,26,36,0.7222222222222222,collision,cone
7596,15,15,1.0,cone,cone
7597,34,19,1.7894736842105263,cone,jl
7598,83,60,1.3833333333333333,cone,cone
7599,60,48,1.25,cone,cone
7600,57,50,1.14,lateral,cone
7601,22,22,1.0,lateral,lateral
7602,20,20,1.0,cone,cone
7603,15,26,0.5769230769230769,jl,cone
7604,60,50,1.2,cone,cone
7605,17,13,1.3076923076923077,cone,jl
7606,18,17,1.0588235294117647,jl,jl
7607,36,30,1.2,cone,cone
7608,29,29,1.0,lateral,lateral
7609,78,33,2.3636363636363638,cone,cone
7610,35,35,1.0,cone,cone
7611,21,22,0.9545454545454546,lateral,lateral
7612,62,47,1.3191489361702127,cone,cone
7613,41,28,1.4642857142857142,cone,cone
7614,11,17,0.6470588235294118,collision,cone
7615,18,18,1.0,cone,cone
7616,61,60,1.0166666666666666,cone,cone
7617,28,46,0.6086956521739131,jl,jl
7618,38,38,1.0,lateral,lateral
7619,46,40,1.15,cone,cone
7620,21,22,0.9545454545454546,cone,cone
7621,17,20,0.85,cone,cone
7622,55,48,1.1458333333333333,jl,jl
7623,18,19,0.9473684210526315,lateral,lateral
7624,56,45,1.2444444444444445,cone,cone
7625,39,33,1.1818181818181819,jl,cone
7626,41,33,1.2424242424242424,cone,cone
7627,65,18,3.611111111111111,cone,jl
7628,5,23,0.21739130434782608,jl,cone
7629,67,37,1.8108108108108107,cone,cone
7630,39,39,1.0,cone,cone
7631,100,24,4.166666666666667,lateral,cone
7632,29,14,2.0714285714285716,cone,jl
7633,40,26,1.5384615384615385,cone,cone
7634,96,31,3.096774193548387,cone,cone
7635,67,43,1.558139534883721,cone,cone
7636,41,40,1.025,cone,cone
7637,19,19,1.0,cone,cone
7638,46,38,1.2105263157894737,lateral,cone
7639,38,33,1.1515151515151516,lateral,cone
7640,39,22,1.7727272727272727,cone,cone
7641,36,28,1.2857142857142858,cone,cone
7642,33,30,1.1,cone,cone
7643,46,40,1.15,cone,cone
7644,35,26,1.3461538461538463,cone,cone
7645,28,27,1.037037037037037,collision,collision
7646,7,25,0.28,jl,cone
7647,81,59,1.3728813559322033,lateral,cone
7648,23,23,1.0,lateral,lateral
7649,10,20,0.5,jl,jl
7650,64,47,1.3617021276595744,cone,cone
7651,39,34,1.1470588235294117,cone,cone
7652,42,46,0.9130434782608695,jl,cone
7653,28,25,1.12,cone,cone
7654,56,43,1.302325581395349,cone,cone
7655,16,19,0.8421052631578947,jl,cone
7656,64,56,1.1428571428571428,cone,cone
7657,23,21,1.0952380952380953,cone,cone
7658,64,53,1.2075471698113207,jl,cone
7659,93,65,1.4307692307692308,jl,cone
7660,14,15,0.9333333333333333,lateral,lateral
7661,34,29,1.1724137931034482,cone,cone
7662,31,28,1.1071428571428572,cone,cone
7663,48,32,1.5,cone,cone
7664,45,27,1.6666666666666667,cone,cone
7665,47,47,1.0,lateral,lateral
7666,21,18,1.1666666666666667,cone,cone
7667,42,22,1.9090909090909092,jl,cone
7668,32,31,1.032258064516129,cone,cone
7669,28,28,1.0,lateral,lateral
7670,59,37,1.5945945945945945,lateral,cone
7671,24,24,1.0,cone,cone
7672,72,50,1.44,lateral,cone
7673,36,52,0.6923076923076923,jl,cone
7674,4,24,0.16666666666666666,jl,cone
7675,25,25,1.0,collision,collision
7676,13,27,0.48148148148148145,jl,cone
7677,29,24,1.2083333333333333,jl,jl
7678,13,13,1.0,cone,cone
7679,36,33,1.0909090909090908,cone,cone
7680,45,43,1.0465116279069768,jl,jl
7681,47,34,1.3823529411764706,cone,cone
7682,29,29,1.0,lateral,lateral
7683,60,45,1.3333333333333333,cone,cone
7684,21,23,0.9130434782608695,jl,cone
7685,25,25,1.0,cone,cone
7686,30,24,1.25,cone,cone
7687,22,30,0.7333333333333333,jl,jl
7688,88,33,2.6666666666666665,jl,cone
7689,12,18,0.6666666666666666,jl,cone
7690,76,70,1.0857142857142856,cone,cone
7691,18,20,0.9,cone,cone
7692,1,29,0.034482758620689655,jl,cone
7693,75,60,1.25,cone,cone
7694,89,24,3.7083333333333335,jl,cone
7695,36,90,0.4,jl,cone
7696,65,41,1.5853658536585367,cone,cone
7697,44,27,1.6296296296296295,cone,cone
7698,53,32,1.65625,cone,cone
7699,30,28,1.0714285714285714,cone,cone
7700,63,39,1.6153846153846154,cone,cone
7701,14,14,1.0,lateral,lateral
7702,4,38,0.10526315789473684,jl,cone
7703,49,47,1.0425531914893618,cone,cone
7704,38,38,1.0,lateral,lateral
7705,24,24,1.0,lateral,lateral
7706,21,22,0.9545454545454546,cone,cone
7707,79,61,1.2950819672131149,cone,cone
7708,37,37,1.0,lateral,lateral
7709,40,31,1.2903225806451613,cone,cone
7710,83,26,3.1923076923076925,jl,cone
7711,63,38,1.6578947368421053,cone,cone
7712,12,14,0.8571428571428571,jl,jl
7713,14,14,1.0,jl,jl
7714,31,31,1.0,lateral,lateral
7715,40,36,1.1111111111111112,cone,cone
7716,3,14,0.21428571428571427,jl,cone
7717,26,52,0.5,jl,cone
7718,26,20,1.3,cone,cone
7719,55,55,1.0,lateral,lateral
7720,65,61,1.0655737704918034,cone,cone
7721,41,29,1.4137931034482758,cone,jl
7722,24,23,1.0434782608695652,cone,cone
7723,105,51,2.0588235294117645,cone,cone
7724,23,22,1.0454545454545454,cone,cone
7725,12,25,0.48,jl,jl
7726,62,60,1.0333333333333334,cone,cone
7727,14,17,0.8235294117647058,cone,cone
7728,5,37,0.13513513513513514,jl,cone
7729,33,20,1.65,jl,cone
7730,55,55,1.0,lateral,lateral
7731,49,34,1.4411764705882353,cone,cone
7732,63,59,1.0677966101694916,cone,jl
7733,69,66,1.0454545454545454,cone,cone
7734,58,39,1.4871794871794872,cone,cone
7735,91,57,1.5964912280701755,cone,cone
7736,12,12,1.0,cone,cone
7737,22,19,1.1578947368421053,cone,cone
7738,10,11,0.9090909090909091,lateral,lateral
7739,17,38,0.4473684210526316,jl,cone
7740,15,23,0.6521739130434783,cone,cone
7741,17,18,0.9444444444444444,cone,cone
7742,42,42,1.0,cone,cone
7743,62,29,2.1379310344827585,cone,cone
7744,14,53,0.2641509433962264,jl,cone
7745,59,55,1.0727272727272728,cone,cone
7746,23,22,1.0454545454545454,cone,cone
7747,26,26,1.0,lateral,lateral
7748,72,67,1.0746268656716418,cone,cone
7749,9,11,0.8181818181818182,jl,jl
7750,94,32,2.9375,cone,cone
7751,54,31,1.7419354838709677,cone,cone
7752,25,22,1.1363636363636365,cone,cone
7753,31,25,1.24,cone,cone
7754,18,18,1.0,lateral,lateral
7755,39,100,0.39,jl,cone
7756,60,40,1.5,cone,cone
7757,61,60,1.0166666666666666,cone,cone
7758,41,38,1.0789473684210527,cone,cone
7759,32,22,1.4545454545454546,cone,cone
7760,89,33,2.696969696969697,cone,cone
7761,44,42,1.0476190476190477,cone,cone
7762,34,34,1.0,cone,cone
7763,35,31,1.1290322580645162,jl,cone
7764,28,25,1.12,cone,cone
7765,29,22,1.3181818181818181,cone,cone
7766,75,50,1.5,cone,cone
7767,97,25,3.88,jl,jl
7768,26,19,1.368421052631579,cone,cone
7769,55,23,2.391304347826087,jl,jl
7770,62,50,1.24,jl,cone
7771,54,42,1.2857142857142858,cone,cone
7772,10,19,0.5263157894736842,jl,cone
7773,28,47,0.5957446808510638,jl,cone
7774,24,22,1.0909090909090908,cone,cone
7775,36,31,1.1612903225806452,collision,cone
7776,44,47,0.9361702127659575,cone,cone
7777,7,11,0.6363636363636364,jl,jl
7778,52,51,1.0196078431372548,cone,cone
7779,61,65,0.9384615384615385,cone,lateral
7780,22,38,0.5789473684210527,jl,cone
7781,14,14,1.0,lateral,lateral
7782,23,26,0.8846153846153846,cone,cone
7783,31,25,1.24,cone,cone
7784,26,26,1.0,cone,cone
7785,31,29,1.0689655172413792,jl,cone
7786,27,25,1.08,cone,cone
7787,22,19,1.1578947368421053,lateral,cone
7788,40,25,1.6,cone,cone
7789,49,49,1.0,jl,cone
7790,58,34,1.7058823529411764,lateral,cone
7791,16,11,1.4545454545454546,jl,jl
7792,29,28,1.0357142857142858,cone,cone
7793,48,43,1.1162790697674418,jl,cone
7794,51,38,1.3421052631578947,cone,cone
7795,54,42,1.2857142857142858,cone,cone
7796,28,26,1.0769230769230769,cone,cone
7797,38,38,1.0,lateral,lateral
7798,109,17,6.411764705882353,cone,collision
7799,24,23,1.0434782608695652,cone,cone
7800,41,27,1.5185185185185186,cone,cone
7801,38,38,1.0,cone,cone
7802,22,12,1.8333333333333333,jl,jl
7803,38,39,0.9743589743589743,jl,cone
7804,30,29,1.0344827586206897,jl,cone
7805,18,21,0.8571428571428571,cone,cone
7806,87,64,1.359375,cone,cone
7807,26,29,0.896551724137931,jl,cone
7808,48,44,1.0909090909090908,cone,cone
7809,49,62,0.7903225806451613,cone,lateral
7810,40,38,1.0526315789473684,cone,cone
7811,25,24,1.0416666666666667,cone,cone
7812,27,34,0.7941176470588235,cone,cone
7813,51,33,1.5454545454545454,cone,cone
7814,70,49,1.4285714285714286,cone,cone
7815,31,21,1.4761904761904763,cone,cone
7816,71,67,1.0597014925373134,cone,cone
7817,56,34,1.6470588235294117,jl,cone
7818,22,20,1.1,cone,cone
7819,19,19,1.0,lateral,lateral
7820,36,30,1.2,cone,cone
7821,30,19,1.5789473684210527,cone,cone
7822,55,35,1.5714285714285714,cone,cone
7823,29,29,1.0,lateral,lateral
7824,36,30,1.2,cone,jl
7825,19,21,0.9047619047619048,jl,cone
7826,13,16,0.8125,jl,cone
7827,83,40,2.075,cone,cone
7828,6,19,0.3157894736842105,jl,cone
7829,30,34,0.8823529411764706,jl,cone
7830,43,34,1.2647058823529411,cone,cone
7831,63,49,1.2857142857142858,cone,cone
7832,22,22,1.0,cone,cone
7833,13,24,0.5416666666666666,jl,cone
7834,25,25,1.0,cone,cone
7835,19,19,1.0,lateral,lateral
7836,27,26,1.0384615384615385,cone,cone
7837,16,27,0.5925925925925926,jl,jl
7838,64,48,1.3333333333333333,cone,cone
7839,24,25,0.96,cone,cone
7840,23,12,1.9166666666666667,cone,jl
7841,29,51,0.5686274509803921,jl,cone
7842,84,24,3.5,cone,cone
7843,38,38,1.0,cone,cone
7844,75,22,3.409090909090909,collision,cone
7845,19,17,1.1176470588235294,cone,cone
7846,44,41,1.0731707317073171,cone,cone
7847,71,55,1.290909090909091,cone,cone
7848,16,20,0.8,cone,cone
7849,32,29,1.103448275862069,cone,cone
7850,19,20,0.95,lateral,lateral
7851,21,20,1.05,cone,cone
7852,27,26,1.0384615384615385,cone,cone
7853,55,41,1.3414634146341464,cone,cone
7854,21,21,1.0,cone,cone
7855,64,23,2.782608695652174,cone,cone
7856,19,18,1.0555555555555556,cone,cone
7857,46,45,1.0222222222222221,cone,cone
7858,85,69,1.2318840579710144,cone,cone
7859,52,40,1.3,cone,cone
7860,31,30,1.0333333333333334,cone,cone
7861,88,63,1.3968253968253967,cone,cone
7862,69,50,1.38,cone,cone
7863,6,18,0.3333333333333333,collision,cone
7864,1,28,0.03571428571428571,jl,cone
7865,12,12,1.0,cone,cone
7866,17,17,1.0,cone,cone
7867,27,27,1.0,lateral,cone
7868,49,38,1.2894736842105263,cone,cone
7869,45,33,1.3636363636363635,cone,cone
7870,60,54,1.1111111111111112,cone,cone
7871,59,47,1.2553191489361701,cone,cone
7872,13,14,0.9285714285714286,collision,collision
7873,65,50,1.3,cone,cone
7874,78,72,1.0833333333333333,cone,cone
7875,50,40,1.25,cone,cone
7876,58,46,1.2608695652173914,cone,cone
7877,6,18,0.3333333333333333,jl,jl
7878,16,18,0.8888888888888888,cone,cone
7879,23,22,1.0454545454545454,cone,cone
7880,83,80,1.0375,cone,cone
7881,15,26,0.5769230769230769,collision,cone
7882,14,22,0.6363636363636364,jl,jl
7883,98,30,3.2666666666666666,cone,cone
7884,86,42,2.0476190476190474,cone,cone
7885,53,52,1.0192307692307692,cone,cone
7886,104,30,3.466666666666667,cone,cone
7887,19,20,0.95,lateral,lateral
7888,26,30,0.8666666666666667,jl,jl
7889,17,16,1.0625,cone,cone
7890,16,18,0.8888888888888888,cone,cone
7891,34,36,0.9444444444444444,cone,cone
7892,80,35,2.2857142857142856,cone,cone
7893,1,14,0.07142857142857142,collision,collision
7894,54,54,1.0,lateral,lateral
7895,34,28,1.2142857142857142,cone,jl
7896,89,31,2.870967741935484,cone,cone
7897,18,15,1.2,cone,cone
7898,25,25,1.0,lateral,lateral
7899,15,16,0.9375,lateral,lateral
7900,46,51,0.9019607843137255,jl,cone
7901,21,29,0.7241379310344828,collision,cone
7902,1,27,0.037037037037037035,jl,cone
7903,26,23,1.1304347826086956,cone,cone
7904,28,25,1.12,cone,cone
7905,19,22,0.8636363636363636,jl,jl
7906,58,47,1.2340425531914894,jl,jl
7907,19,27,0.7037037037037037,jl,jl
7908,13,13,1.0,lateral,lateral
7909,73,72,1.0138888888888888,cone,cone
7910,71,53,1.3396226415094339,cone,cone
7911,4,12,0.3333333333333333,jl,jl
7912,40,33,1.2121212121212122,cone,cone
7913,90,90,1.0,cone,cone
7914,57,29,1.9655172413793103,lateral,cone
7915,22,18,1.2222222222222223,cone,cone
7916,42,29,1.4482758620689655,jl,jl
7917,60,54,1.1111111111111112,cone,cone
7918,89,25,3.56,cone,cone
7919,17,16,1.0625,cone,jl
7920,79,29,2.7241379310344827,cone,cone
7921,21,20,1.05,cone,cone
7922,21,24,0.875,jl,cone
7923,90,24,3.75,jl,cone
7924,19,13,1.4615384615384615,jl,jl
7925,38,39,0.9743589743589743,lateral,lateral
7926,71,41,1.7317073170731707,cone,cone
7927,5,14,0.35714285714285715,collision,collision
7928,24,17,1.411764705882353,cone,cone
7929,25,21,1.1904761904761905,cone,cone
7930,96,33,2.909090909090909,cone,cone
7931,48,37,1.2972972972972974,cone,cone
7932,31,30,1.0333333333333334,cone,cone
7933,57,41,1.3902439024390243,cone,cone
7934,35,36,0.9722222222222222,jl,cone
7935,35,45,0.7777777777777778,jl,jl
7936,34,30,1.1333333333333333,cone,cone
7937,19,18,1.0555555555555556,cone,cone
7938,27,38,0.7105263157894737,jl,cone
7939,4,37,0.10810810810810811,jl,lateral
7940,19,19,1.0,lateral,lateral
7941,66,36,1.8333333333333333,cone,cone
7942,15,18,0.8333333333333334,collision,collision
7943,53,36,1.4722222222222223,cone,cone
7944,79,60,1.3166666666666667,cone,cone
7945,41,41,1.0,lateral,cone
7946,15,15,1.0,cone,cone
7947,106,41,2.5853658536585367,cone,cone
7948,36,42,0.8571428571428571,cone,cone
7949,17,17,1.0,cone,cone
7950,10,10,1.0,jl,jl
7951,82,36,2.2777777777777777,cone,cone
7952,33,33,1.0,lateral,lateral
7953,22,20,1.1,cone,cone
7954,20,34,0.5882352941176471,cone,cone
7955,67,44,1.5227272727272727,cone,cone
7956,25,24,1.0416666666666667,cone,cone
7957,57,46,1.2391304347826086,cone,cone
7958,21,28,0.75,collision,cone
7959,37,37,1.0,cone,cone
7960,1,32,0.03125,jl,jl
7961,26,23,1.1304347826086956,cone,cone
7962,78,23,3.391304347826087,cone,cone
7963,49,53,0.9245283018867925,jl,cone
7964,33,31,1.064516129032258,cone,cone
7965,49,40,1.225,cone,cone
7966,29,45,0.6444444444444445,jl,cone
7967,78,61,1.278688524590164,cone,cone
7968,29,29,1.0,jl,cone
7969,30,30,1.0,jl,jl
7970,65,50,1.3,cone,cone
7971,7,12,0.5833333333333334,jl,lateral
7972,76,57,1.3333333333333333,cone,cone
7973,89,38,2.3421052631578947,jl,cone
7974,56,44,1.2727272727272727,cone,cone
7975,25,25,1.0,cone,cone
7976,122,39,3.128205128205128,jl,cone
7977,70,71,0.9859154929577465,jl,cone
7978,25,24,1.0416666666666667,jl,jl
7979,30,27,1.1111111111111112,cone,cone
7980,13,19,0.6842105263157895,jl,cone
7981,9,33,0.2727272727272727,jl,cone
7982,56,21,2.6666666666666665,jl,jl
7983,49,40,1.225,cone,cone
7984,83,27,3.074074074074074,jl,cone
7985,41,43,0.9534883720930233,cone,cone
7986,22,22,1.0,cone,cone
7987,20,24,0.8333333333333334,cone,cone
7988,12,18,0.6666666666666666,cone,cone
7989,35,29,1.206896551724138,cone,cone
7990,50,23,2.1739130434782608,cone,cone
7991,65,57,1.1403508771929824,cone,cone
7992,46,46,1.0,cone,cone
7993,41,25,1.64,cone,cone
7994,38,14,2.7142857142857144,jl,jl
7995,34,29,1.1724137931034482,cone,cone
7996,9,18,0.5,jl,jl
7997,74,29,2.5517241379310347,jl,cone
7998,48,28,1.7142857142857142,cone,cone
7999,22,21,1.0476190476190477,cone,cone
8000,16,16,1.0,cone,cone
8001,21,21,1.0,lateral,lateral
8002,52,52,1.0,lateral,lateral
8003,119,29,4.103448275862069,cone,cone
8004,20,17,1.1764705882352942,cone,cone
8005,30,20,1.5,cone,cone
8006,27,25,1.08,cone,cone
8007,31,31,1.0,cone,cone
8008,6,11,0.5454545454545454,jl,jl
8009,57,40,1.425,cone,cone
8010,39,34,1.1470588235294117,cone,cone
8011,65,44,1.4772727272727273,cone,cone
8012,91,52,1.75,cone,cone
8013,46,35,1.3142857142857143,cone,cone
8014,82,28,2.9285714285714284,cone,cone
8015,41,44,0.9318181818181818,cone,cone
8016,1,16,0.0625,jl,lateral
8017,19,18,1.0555555555555556,lateral,lateral
8018,59,34,1.7352941176470589,cone,cone
8019,29,26,1.1153846153846154,cone,cone
8020,21,18,1.1666666666666667,cone,cone
8021,16,19,0.8421052631578947,jl,cone
8022,7,18,0.3888888888888889,jl,jl
8023,63,46,1.3695652173913044,cone,cone
8024,20,19,1.0526315789473684,cone,cone
8025,13,15,0.8666666666666667,cone,cone
8026,23,20,1.15,cone,cone
8027,41,24,1.7083333333333333,cone,cone
8028,53,37,1.4324324324324325,cone,cone
8029,49,71,0.6901408450704225,jl,cone
8030,24,22,1.0909090909090908,collision,cone
8031,25,25,1.0,lateral,lateral
8032,18,18,1.0,cone,cone
8033,23,22,1.0454545454545454,cone,cone
8034,68,26,2.6153846153846154,jl,cone
8035,17,24,0.7083333333333334,jl,cone
8036,39,32,1.21875,cone,cone
8037,69,53,1.3018867924528301,cone,cone
8038,35,33,1.0606060606060606,cone,cone
8039,12,14,0.8571428571428571,jl,jl
8040,52,34,1.5294117647058822,jl,cone
8041,48,39,1.2307692307692308,cone,cone
8042,12,16,0.75,jl,jl
8043,52,28,1.8571428571428572,cone,cone
8044,1,29,0.034482758620689655,jl,cone
8045,28,28,1.0,lateral,lateral
8046,77,52,1.4807692307692308,jl,cone
8047,27,27,1.0,lateral,lateral
8048,47,40,1.175,cone,cone
8049,25,25,1.0,cone,cone
8050,73,25,2.92,cone,cone
8051,21,21,1.0,lateral,lateral
8052,1,50,0.02,collision,cone
8053,116,31,3.7419354838709675,cone,cone
8054,26,22,1.1818181818181819,cone,cone
8055,142,28,5.071428571428571,jl,cone
8056,16,16,1.0,cone,cone
8057,40,34,1.1764705882352942,cone,cone
8058,23,12,1.9166666666666667,jl,jl
8059,56,33,1.696969696969697,cone,cone
8060,56,56,1.0,lateral,lateral
8061,57,49,1.163265306122449,cone,cone
8062,16,18,0.8888888888888888,cone,cone
8063,8,10,0.8,jl,jl
8064,85,35,2.4285714285714284,jl,cone
8065,26,26,1.0,lateral,lateral
8066,44,35,1.2571428571428571,jl,cone
8067,23,24,0.9583333333333334,cone,cone
8068,55,50,1.1,cone,cone
8069,128,28,4.571428571428571,cone,cone
8070,46,39,1.1794871794871795,cone,cone
8071,37,33,1.121212121212121,cone,cone
8072,30,29,1.0344827586206897,lateral,cone
8073,68,29,2.3448275862068964,cone,cone
8074,40,36,1.1111111111111112,cone,cone
8075,44,39,1.1282051282051282,jl,cone
8076,16,41,0.3902439024390244,jl,cone
8077,74,77,0.961038961038961,cone,cone
8078,51,51,1.0,lateral,lateral
8079,38,36,1.0555555555555556,cone,cone
8080,45,32,1.40625,cone,cone
8081,33,44,0.75,jl,cone
8082,100,93,1.075268817204301,cone,cone
8083,23,27,0.8518518518518519,collision,cone
8084,12,12,1.0,jl,jl
8085,80,58,1.3793103448275863,cone,cone
8086,64,23,2.782608695652174,jl,cone
8087,29,19,1.5263157894736843,cone,cone
8088,34,25,1.36,cone,jl
8089,35,22,1.5909090909090908,cone,cone
8090,51,44,1.1590909090909092,cone,cone
8091,56,54,1.037037037037037,cone,jl
8092,40,38,1.0526315789473684,cone,cone
8093,59,41,1.4390243902439024,cone,cone
8094,54,21,2.5714285714285716,cone,cone
8095,26,33,0.7878787878787878,jl,cone
8096,30,31,0.967741935483871,jl,jl
8097,27,13,2.076923076923077,jl,jl
8098,49,37,1.3243243243243243,cone,cone
8099,19,89,0.21348314606741572,jl,cone
8100,38,30,1.2666666666666666,cone,cone
8101,95,53,1.7924528301886793,cone,cone
8102,23,22,1.0454545454545454,cone,cone
8103,25,30,0.8333333333333334,jl,cone
8104,35,32,1.09375,cone,cone
8105,49,40,1.225,jl,cone
8106,65,50,1.3,cone,cone
8107,16,14,1.1428571428571428,jl,jl
8108,13,12,1.0833333333333333,jl,jl
8109,15,15,1.0,cone,cone
8110,22,22,1.0,lateral,lateral
8111,97,35,2.7714285714285714,jl,cone
8112,48,48,1.0,lateral,lateral
8113,5,11,0.45454545454545453,jl,jl
8114,18,18,1.0,cone,cone
8115,13,13,1.0,lateral,lateral
8116,13,31,0.41935483870967744,jl,cone
8117,20,24,0.8333333333333334,cone,cone
8118,14,32,0.4375,jl,cone
8119,40,25,1.6,cone,cone
8120,62,26,2.3846153846153846,cone,cone
8121,75,65,1.1538461538461537,cone,cone
8122,12,36,0.3333333333333333,jl,cone
8123,58,22,2.6363636363636362,cone,cone
8124,91,80,1.1375,cone,cone
8125,65,65,1.0,cone,lateral
8126,53,44,1.2045454545454546,jl,jl
8127,35,35,1.0,cone,cone
8128,39,39,1.0,lateral,lateral
8129,16,21,0.7619047619047619,collision,collision
8130,86,32,2.6875,cone,cone
8131,90,41,2.1951219512195124,cone,cone
8132,52,32,1.625,jl,cone
8133,68,68,1.0,lateral,lateral
8134,37,29,1.2758620689655173,cone,cone
8135,29,28,1.0357142857142858,cone,cone
8136,28,27,1.037037037037037,jl,cone
8137,10,16,0.625,jl,jl
8138,33,50,0.66,jl,cone
8139,23,32,0.71875,cone,cone
8140,26,41,0.6341463414634146,jl,cone
8141,29,25,1.16,cone,cone
8142,74,33,2.242424242424242,cone,cone
8143,22,23,0.9565217391304348,lateral,lateral
8144,30,30,1.0,cone,cone
8145,38,39,0.9743589743589743,lateral,cone
8146,40,34,1.1764705882352942,jl,jl
8147,45,63,0.7142857142857143,jl,lateral
8148,71,22,3.227272727272727,cone,cone
8149,11,20,0.55,jl,jl
8150,38,48,0.7916666666666666,jl,cone
8151,49,43,1.1395348837209303,cone,cone
8152,58,49,1.183673469387755,jl,cone
8153,54,52,1.0384615384615385,lateral,cone
8154,22,25,0.88,jl,cone
8155,97,69,1.4057971014492754,cone,cone
8156,9,24,0.375,jl,cone
8157,46,41,1.1219512195121952,jl,cone
8158,24,24,1.0,cone,cone
8159,53,41,1.2926829268292683,jl,cone
8160,19,20,0.95,jl,jl
8161,19,20,0.95,cone,cone
8162,33,32,1.03125,cone,cone
8163,57,36,1.5833333333333333,cone,cone
8164,40,41,0.975609756097561,cone,cone
8165,31,21,1.4761904761904763,cone,cone
8166,31,31,1.0,jl,cone
8167,36,40,0.9,jl,jl
8168,60,49,1.2244897959183674,cone,cone
8169,27,55,0.4909090909090909,collision,cone
8170,53,47,1.127659574468085,collision,cone
8171,80,24,3.3333333333333335,jl,cone
8172,45,57,0.7894736842105263,jl,jl
8173,30,28,1.0714285714285714,cone,cone
8174,55,48,1.1458333333333333,cone,cone
8175,142,27,5.2592592592592595,cone,cone
8176,54,54,1.0,lateral,lateral
8177,18,18,1.0,lateral,lateral
8178,41,35,1.1714285714285715,jl,jl
8179,61,34,1.7941176470588236,cone,cone
8180,35,36,0.9722222222222222,cone,cone
8181,32,29,1.103448275862069,jl,cone
8182,3,16,0.1875,jl,cone
8183,70,63,1.1111111111111112,cone,cone
8184,10,10,1.0,lateral,lateral
8185,61,49,1.2448979591836735,cone,cone
8186,29,29,1.0,lateral,lateral
8187,104,33,3.1515151515151514,cone,cone
8188,48,42,1.1428571428571428,cone,cone
8189,91,35,2.6,cone,cone
8190,108,44,2.4545454545454546,cone,cone
8191,36,36,1.0,lateral,lateral
8192,105,30,3.5,cone,cone
8193,25,21,1.1904761904761905,cone,cone
8194,60,50,1.2,jl,cone
8195,59,43,1.372093023255814,jl,cone
8196,80,55,1.4545454545454546,cone,jl
8197,26,25,1.04,cone,cone
8198,67,56,1.1964285714285714,lateral,cone
8199,55,49,1.1224489795918366,cone,cone
8200,94,47,2.0,cone,cone
8201,8,29,0.27586206896551724,jl,cone
8202,40,38,1.0526315789473684,cone,cone
8203,65,29,2.2413793103448274,jl,cone
8204,18,17,1.0588235294117647,cone,cone
8205,79,29,2.7241379310344827,cone,cone
8206,55,51,1.0784313725490196,cone,cone
8207,51,29,1.7586206896551724,cone,cone
8208,24,23,1.0434782608695652,cone,cone
8209,5,29,0.1724137931034483,jl,cone
8210,36,33,1.0909090909090908,cone,jl
8211,20,21,0.9523809523809523,cone,cone
8212,56,54,1.037037037037037,cone,cone
8213,29,20,1.45,cone,cone
8214,77,43,1.7906976744186047,lateral,cone
8215,60,15,4.0,collision,jl
8216,13,46,0.2826086956521739,jl,cone
8217,91,87,1.0459770114942528,cone,cone
8218,30,35,0.8571428571428571,cone,cone
8219,80,59,1.3559322033898304,cone,cone
8220,61,59,1.0338983050847457,cone,cone
8221,57,31,1.8387096774193548,jl,cone
8222,24,27,0.8888888888888888,cone,cone
8223,50,44,1.1363636363636365,cone,cone
8224,52,41,1.2682926829268293,lateral,cone
8225,10,10,1.0,cone,cone
8226,33,33,1.0,cone,cone
8227,1,55,0.01818181818181818,jl,cone
8228,66,33,2.0,cone,cone
8229,55,64,0.859375,cone,cone
8230,54,25,2.16,jl,cone
8231,20,15,1.3333333333333333,cone,jl
8232,31,97,0.31958762886597936,jl,cone
8233,8,10,0.8,collision,collision
8234,40,40,1.0,cone,cone
8235,23,23,1.0,cone,cone
8236,31,26,1.1923076923076923,cone,cone
8237,57,32,1.78125,jl,cone
8238,27,27,1.0,jl,jl
8239,46,37,1.2432432432432432,cone,cone
8240,63,23,2.739130434782609,cone,cone
8241,35,27,1.2962962962962963,cone,cone
8242,129,29,4.448275862068965,cone,cone
8243,53,37,1.4324324324324325,cone,cone
8244,23,22,1.0454545454545454,cone,cone
8245,70,49,1.4285714285714286,cone,cone
8246,17,17,1.0,cone,cone
8247,29,28,1.0357142857142858,cone,cone
8248,40,40,1.0,lateral,lateral
8249,25,21,1.1904761904761905,cone,cone
8250,22,24,0.9166666666666666,cone,cone
8251,20,20,1.0,jl,jl
8252,118,99,1.1919191919191918,cone,cone
8253,67,25,2.68,cone,cone
8254,42,41,1.024390243902439,lateral,lateral
8255,19,19,1.0,lateral,lateral
8256,48,40,1.2,cone,cone
8257,86,69,1.2463768115942029,cone,cone
8258,27,26,1.0384615384615385,cone,cone
8259,34,21,1.619047619047619,cone,cone
8260,69,44,1.5681818181818181,cone,cone
8261,27,27,1.0,cone,cone
8262,35,22,1.5909090909090908,jl,cone
8263,24,23,1.0434782608695652,cone,cone
8264,36,12,3.0,jl,jl
8265,26,25,1.04,cone,cone
8266,12,13,0.9230769230769231,cone,cone
8267,44,40,1.1,lateral,cone
8268,24,23,1.0434782608695652,cone,cone
8269,34,24,1.4166666666666667,cone,cone
8270,22,20,1.1,cone,cone
8271,101,30,3.3666666666666667,cone,cone
8272,60,47,1.2765957446808511,jl,jl
8273,65,51,1.2745098039215685,cone,cone
8274,31,27,1.1481481481481481,cone,cone
8275,11,10,1.1,jl,jl
8276,18,17,1.0588235294117647,cone,cone
8277,35,33,1.0606060606060606,cone,cone
8278,112,21,5.333333333333333,jl,cone
8279,39,38,1.0263157894736843,cone,cone
8280,77,41,1.8780487804878048,lateral,cone
8281,44,44,1.0,lateral,lateral
8282,25,24,1.0416666666666667,cone,cone
8283,33,27,1.2222222222222223,jl,cone
8284,63,54,1.1666666666666667,cone,cone
8285,1,49,0.02040816326530612,jl,cone
8286,45,25,1.8,cone,jl
8287,14,21,0.6666666666666666,jl,jl
8288,26,25,1.04,cone,cone
8289,56,30,1.8666666666666667,jl,cone
8290,26,51,0.5098039215686274,jl,cone
8291,19,18,1.0555555555555556,cone,cone
8292,61,45,1.3555555555555556,cone,cone
8293,38,27,1.4074074074074074,cone,cone
8294,40,21,1.9047619047619047,cone,cone
8295,47,46,1.0217391304347827,jl,jl
8296,9,11,0.8181818181818182,jl,jl
8297,49,49,1.0,cone,cone
8298,3,11,0.2727272727272727,jl,jl
8299,16,19,0.8421052631578947,cone,cone
8300,36,25,1.44,cone,cone
8301,34,30,1.1333333333333333,cone,cone
8302,60,51,1.1764705882352942,cone,jl
8303,116,22,5.2727272727272725,jl,cone
8304,77,40,1.925,cone,cone
8305,71,37,1.9189189189189189,jl,cone
8306,60,47,1.2765957446808511,cone,cone
8307,62,27,2.2962962962962963,cone,cone
8308,35,27,1.2962962962962963,cone,cone
8309,88,35,2.5142857142857142,jl,cone
8310,86,61,1.4098360655737705,cone,cone
8311,54,22,2.4545454545454546,jl,cone
8312,39,39,1.0,lateral,lateral
8313,26,22,1.1818181818181819,cone,cone
8314,52,34,1.5294117647058822,jl,jl
8315,22,26,0.8461538461538461,jl,jl
8316,61,30,2.033333333333333,jl,cone
8317,31,30,1.0333333333333334,cone,cone
8318,22,22,1.0,lateral,lateral
8319,56,40,1.4,cone,cone
8320,16,16,1.0,lateral,lateral
8321,24,22,1.0909090909090908,collision,cone
8322,10,14,0.7142857142857143,jl,jl
8323,111,39,2.8461538461538463,cone,cone
8324,36,28,1.2857142857142858,cone,cone
8325,38,37,1.027027027027027,cone,cone
8326,62,50,1.24,jl,cone
8327,21,24,0.875,cone,cone
8328,21,21,1.0,cone,cone
8329,13,32,0.40625,jl,cone
8330,41,28,1.4642857142857142,cone,cone
8331,12,13,0.9230769230769231,jl,jl
8332,32,29,1.103448275862069,cone,cone
8333,21,21,1.0,lateral,lateral
8334,48,40,1.2,jl,jl
8335,49,29,1.6896551724137931,cone,cone
8336,25,18,1.3888888888888888,jl,jl
8337,18,22,0.8181818181818182,jl,cone
8338,64,43,1.4883720930232558,cone,cone
8339,29,26,1.1153846153846154,cone,cone
8340,32,27,1.1851851851851851,cone,cone
8341,36,31,1.1612903225806452,jl,cone
8342,20,17,1.1764705882352942,cone,cone
8343,56,28,2.0,jl,cone
8344,37,40,0.925,jl,jl
8345,16,14,1.1428571428571428,jl,jl
8346,75,48,1.5625,cone,cone
8347,108,21,5.142857142857143,cone,cone
8348,81,27,3.0,cone,cone
8349,128,25,5.12,cone,cone
8350,37,28,1.3214285714285714,cone,cone
8351,32,25,1.28,cone,cone
8352,50,35,1.4285714285714286,cone,cone
8353,104,19,5.473684210526316,cone,cone
8354,18,19,0.9473684210526315,cone,cone
8355,79,52,1.5192307692307692,jl,cone
8356,9,22,0.4090909090909091,jl,cone
8357,31,20,1.55,cone,cone
8358,16,16,1.0,lateral,lateral
8359,4,44,0.09090909090909091,jl,cone
8360,20,17,1.1764705882352942,cone,cone
8361,102,21,4.857142857142857,cone,cone
8362,97,35,2.7714285714285714,cone,cone
8363,18,24,0.75,jl,cone
8364,7,11,0.6363636363636364,jl,jl
8365,7,13,0.5384615384615384,jl,jl
8366,30,26,1.1538461538461537,cone,cone
8367,40,27,1.4814814814814814,cone,cone
8368,28,25,1.12,cone,cone
8369,26,40,0.65,jl,cone
8370,19,20,0.95,cone,cone
8371,17,31,0.5483870967741935,jl,cone
8372,41,38,1.0789473684210527,cone,cone
8373,30,35,0.8571428571428571,jl,jl
8374,21,20,1.05,cone,cone
8375,46,48,0.9583333333333334,jl,jl
8376,89,34,2.6176470588235294,lateral,cone
8377,46,38,1.2105263157894737,cone,cone
8378,21,21,1.0,cone,cone
8379,79,67,1.1791044776119404,cone,cone
8380,12,12,1.0,cone,cone
8381,40,40,1.0,cone,cone
8382,63,44,1.4318181818181819,cone,cone
8383,25,18,1.3888888888888888,cone,cone
8384,32,27,1.1851851851851851,cone,cone
8385,23,21,1.0952380952380953,cone,cone
8386,15,15,1.0,lateral,lateral
8387,57,59,0.9661016949152542,jl,cone
8388,52,40,1.3,cone,cone
8389,76,50,1.52,cone,cone
8390,22,30,0.7333333333333333,jl,jl
8391,46,27,1.7037037037037037,cone,cone
8392,20,16,1.25,jl,jl
8393,29,27,1.0740740740740742,cone,cone
8394,23,23,1.0,cone,cone
8395,29,51,0.5686274509803921,jl,cone
8396,37,37,1.0,lateral,lateral
8397,12,15,0.8,jl,jl
8398,7,12,0.5833333333333334,jl,jl
8399,35,35,1.0,lateral,lateral
8400,23,25,0.92,cone,cone
8401,38,34,1.1176470588235294,cone,cone
8402,23,19,1.2105263157894737,cone,cone
8403,35,19,1.8421052631578947,cone,cone
8404,35,32,1.09375,cone,cone
8405,12,31,0.3870967741935484,jl,lateral
8406,58,47,1.2340425531914894,jl,cone
8407,85,27,3.1481481481481484,cone,cone
8408,18,17,1.0588235294117647,cone,cone
8409,25,20,1.25,cone,cone
8410,13,18,0.7222222222222222,jl,jl
8411,79,34,2.323529411764706,jl,cone
8412,18,18,1.0,jl,jl
8413,99,85,1.1647058823529413,cone,cone
8414,32,40,0.8,cone,cone
8415,14,14,1.0,cone,cone
8416,32,27,1.1851851851851851,jl,cone
8417,50,39,1.2820512820512822,cone,cone
8418,12,14,0.8571428571428571,jl,jl
8419,107,40,2.675,jl,cone
8420,53,30,1.7666666666666666,cone,cone
8421,36,41,0.8780487804878049,cone,cone
8422,23,19,1.2105263157894737,jl,cone
8423,38,33,1.1515151515151516,cone,cone
8424,117,45,2.6,jl,cone
8425,40,33,1.2121212121212122,cone,cone
8426,44,51,0.8627450980392157,jl,jl
8427,83,47,1.7659574468085106,cone,cone
8428,42,39,1.0769230769230769,cone,cone
8429,64,35,1.8285714285714285,cone,cone
8430,20,17,1.1764705882352942,cone,cone
8431,72,56,1.2857142857142858,cone,cone
8432,12,12,1.0,lateral,lateral
8433,14,18,0.7777777777777778,jl,cone
8434,57,54,1.0555555555555556,cone,cone
8435,30,29,1.0344827586206897,lateral,lateral
8436,12,12,1.0,cone,cone
8437,13,12,1.0833333333333333,cone,cone
8438,73,60,1.2166666666666666,cone,cone
8439,39,31,1.2580645161290323,cone,cone
8440,20,20,1.0,cone,lateral
8441,32,28,1.1428571428571428,cone,cone
8442,27,27,1.0,jl,jl
8443,34,37,0.918918918918919,cone,cone
8444,83,66,1.2575757575757576,cone,cone
8445,97,36,2.6944444444444446,jl,cone
8446,35,24,1.4583333333333333,cone,cone
8447,33,33,1.0,lateral,lateral
8448,18,17,1.0588235294117647,jl,jl
8449,86,44,1.9545454545454546,cone,cone
8450,77,64,1.203125,cone,cone
8451,17,17,1.0,lateral,lateral
8452,38,32,1.1875,cone,cone
8453,110,23,4.782608695652174,cone,collision
8454,16,39,0.41025641025641024,jl,cone
8455,36,36,1.0,collision,cone
8456,22,16,1.375,cone,cone
8457,86,76,1.131578947368421,cone,cone
8458,54,50,1.08,lateral,cone
8459,50,53,0.9433962264150944,cone,cone
8460,43,46,0.9347826086956522,cone,cone
8461,22,42,0.5238095238095238,jl,cone
8462,42,31,1.3548387096774193,cone,cone
8463,34,23,1.4782608695652173,cone,cone
8464,41,40,1.025,lateral,cone
8465,59,43,1.372093023255814,cone,cone
8466,25,25,1.0,lateral,lateral
8467,18,22,0.8181818181818182,cone,cone
8468,15,16,0.9375,cone,cone
8469,38,14,2.7142857142857144,cone,jl
8470,20,15,1.3333333333333333,lateral,lateral
8471,31,31,1.0,lateral,jl
8472,45,37,1.2162162162162162,cone,cone
8473,7,24,0.2916666666666667,jl,cone
8474,17,17,1.0,cone,cone
8475,19,55,0.34545454545454546,jl,jl
8476,53,48,1.1041666666666667,cone,cone
8477,16,16,1.0,cone,cone
8478,40,36,1.1111111111111112,jl,jl
8479,16,16,1.0,lateral,lateral
8480,19,19,1.0,cone,cone
8481,14,18,0.7777777777777778,jl,cone
8482,48,48,1.0,lateral,lateral
8483,45,29,1.5517241379310345,cone,cone
8484,25,22,1.1363636363636365,cone,cone
8485,31,31,1.0,cone,cone
8486,47,47,1.0,lateral,lateral
8487,45,23,1.9565217391304348,jl,cone
8488,59,64,0.921875,jl,lateral
8489,25,27,0.9259259259259259,jl,cone
8490,34,26,1.3076923076923077,cone,cone
8491,29,23,1.2608695652173914,cone,cone
8492,46,42,1.0952380952380953,cone,cone
8493,32,30,1.0666666666666667,cone,cone
8494,115,39,2.948717948717949,cone,cone
8495,28,31,0.9032258064516129,jl,jl
8496,35,30,1.1666666666666667,cone,cone
8497,71,34,2.088235294117647,cone,cone
8498,29,31,0.9354838709677419,jl,cone
8499,53,22,2.409090909090909,cone,cone
8500,19,18,1.0555555555555556,cone,cone
8501,34,28,1.2142857142857142,cone,cone
8502,14,14,1.0,cone,cone
8503,47,17,2.764705882352941,cone,cone
8504,45,21,2.142857142857143,cone,cone
8505,26,32,0.8125,cone,cone
8506,45,41,1.0975609756097562,jl,jl
8507,2,30,0.06666666666666667,jl,lateral
8508,68,35,1.9428571428571428,cone,cone
8509,88,30,2.933333333333333,jl,cone
8510,40,25,1.6,lateral,cone
8511,33,31,1.064516129032258,cone,cone
8512,14,18,0.7777777777777778,cone,cone
8513,82,81,1.0123456790123457,cone,cone
8514,23,24,0.9583333333333334,lateral,lateral
8515,19,18,1.0555555555555556,cone,cone
8516,19,20,0.95,cone,cone
8517,54,39,1.3846153846153846,jl,cone
8518,12,12,1.0,cone,cone
8519,6,19,0.3157894736842105,jl,jl
8520,73,31,2.3548387096774195,cone,cone
8521,20,26,0.7692307692307693,jl,cone
8522,22,21,1.0476190476190477,cone,cone
8523,22,33,0.6666666666666666,cone,cone
8524,53,57,0.9298245614035088,jl,cone
8525,72,36,2.0,jl,cone
8526,22,18,1.2222222222222223,cone,cone
8527,21,21,1.0,cone,cone
8528,18,13,1.3846153846153846,jl,jl
8529,80,25,3.2,cone,cone
8530,29,28,1.0357142857142858,cone,cone
8531,62,46,1.3478260869565217,cone,cone
8532,40,26,1.5384615384615385,cone,cone
8533,22,31,0.7096774193548387,cone,cone
8534,1,16,0.0625,jl,cone
8535,27,12,2.25,cone,jl
8536,9,13,0.6923076923076923,jl,jl
8537,40,15,2.6666666666666665,cone,jl
8538,60,31,1.935483870967742,cone,cone
8539,25,22,1.1363636363636365,cone,cone
8540,41,27,1.5185185185185186,cone,cone
8541,36,36,1.0,lateral,lateral
8542,52,37,1.4054054054054055,cone,cone
8543,21,21,1.0,cone,cone
8544,48,49,0.9795918367346939,cone,cone
8545,36,30,1.2,cone,cone
8546,65,54,1.2037037037037037,cone,cone
8547,23,23,1.0,lateral,lateral
8548,62,62,1.0,lateral,lateral
8549,51,40,1.275,lateral,cone
8550,32,27,1.1851851851851851,cone,cone
8551,55,42,1.3095238095238095,jl,cone
8552,9,12,0.75,jl,jl
8553,20,27,0.7407407407407407,jl,cone
8554,38,37,1.027027027027027,cone,cone
8555,18,17,1.0588235294117647,cone,cone
8556,17,39,0.4358974358974359,jl,cone
8557,8,32,0.25,jl,cone
8558,111,32,3.46875,cone,cone
8559,9,10,0.9,jl,jl
8560,27,38,0.7105263157894737,collision,cone
8561,43,22,1.9545454545454546,cone,cone
8562,10,10,1.0,lateral,lateral
8563,77,35,2.2,cone,cone
8564,23,23,1.0,lateral,lateral
8565,40,34,1.1764705882352942,cone,cone
8566,115,43,2.6744186046511627,cone,cone
8567,12,12,1.0,cone,cone
8568,65,61,1.0655737704918034,lateral,cone
8569,28,33,0.8484848484848485,jl,cone
8570,10,33,0.30303030303030304,jl,cone
8571,98,22,4.454545454545454,cone,jl
8572,80,49,1.6326530612244898,cone,cone
8573,67,55,1.2181818181818183,cone,jl
8574,22,22,1.0,cone,cone
8575,16,26,0.6153846153846154,collision,cone
8576,43,41,1.048780487804878,jl,cone
8577,14,10,1.4,jl,jl
8578,42,46,0.9130434782608695,jl,cone
8579,31,26,1.1923076923076923,jl,jl
8580,23,23,1.0,cone,cone
8581,44,66,0.6666666666666666,jl,cone
8582,61,32,1.90625,cone,cone
8583,81,73,1.1095890410958904,cone,cone
8584,1,33,0.030303030303030304,collision,cone
8585,21,21,1.0,cone,cone
8586,28,22,1.2727272727272727,jl,cone
8587,45,32,1.40625,cone,cone
8588,5,29,0.1724137931034483,jl,cone
8589,33,29,1.1379310344827587,cone,cone
8590,14,13,1.0769230769230769,cone,cone
8591,35,26,1.3461538461538463,cone,cone
8592,129,27,4.777777777777778,cone,cone
8593,27,27,1.0,cone,cone
8594,26,19,1.368421052631579,collision,jl
8595,26,24,1.0833333333333333,cone,cone
8596,90,96,0.9375,cone,cone
8597,39,39,1.0,lateral,lateral
8598,69,28,2.4642857142857144,jl,cone
8599,16,16,1.0,cone,cone
8600,103,37,2.7837837837837838,jl,cone
8601,22,20,1.1,jl,jl
8602,39,32,1.21875,cone,cone
8603,15,19,0.7894736842105263,cone,cone
8604,21,21,1.0,cone,cone
8605,37,26,1.4230769230769231,cone,cone
8606,54,34,1.588235294117647,jl,cone
8607,41,37,1.1081081081081081,cone,cone
8608,12,11,1.0909090909090908,cone,cone
8609,44,33,1.3333333333333333,cone,cone
8610,33,29,1.1379310344827587,cone,cone
8611,38,28,1.3571428571428572,cone,cone
8612,95,27,3.5185185185185186,cone,cone
8613,34,24,1.4166666666666667,cone,cone
8614,33,32,1.03125,lateral,lateral
8615,4,11,0.36363636363636365,jl,jl
8616,16,26,0.6153846153846154,cone,cone
8617,39,39,1.0,lateral,lateral
8618,80,71,1.1267605633802817,cone,cone
8619,26,36,0.7222222222222222,jl,cone
8620,92,69,1.3333333333333333,cone,cone
8621,11,22,0.5,collision,cone
8622,41,40,1.025,jl,cone
8623,12,12,1.0,jl,jl
8624,12,11,1.0909090909090908,jl,jl
8625,70,65,1.0769230769230769,jl,cone
8626,29,28,1.0357142857142858,cone,cone
8627,25,24,1.0416666666666667,cone,cone
8628,71,50,1.42,lateral,cone
8629,50,48,1.0416666666666667,cone,cone
8630,48,45,1.0666666666666667,collision,cone
8631,63,41,1.5365853658536586,lateral,cone
8632,114,47,2.425531914893617,cone,cone
8633,16,40,0.4,jl,cone
8634,29,25,1.16,cone,cone
8635,23,22,1.0454545454545454,cone,cone
8636,75,65,1.1538461538461537,cone,cone
8637,23,18,1.2777777777777777,jl,jl
8638,13,26,0.5,jl,cone
8639,20,21,0.9523809523809523,jl,cone
8640,64,52,1.2307692307692308,cone,cone
8641,24,18,1.3333333333333333,cone,cone
8642,45,34,1.3235294117647058,cone,cone
8643,107,23,4.6521739130434785,jl,cone
8644,90,24,3.75,jl,cone
8645,17,16,1.0625,cone,cone
8646,36,36,1.0,lateral,lateral
8647,22,21,1.0476190476190477,cone,cone
8648,18,18,1.0,cone,cone
8649,97,38,2.5526315789473686,cone,cone
8650,63,31,2.032258064516129,cone,cone
8651,18,22,0.8181818181818182,jl,cone
8652,31,27,1.1481481481481481,cone,cone
8653,56,25,2.24,cone,cone
8654,61,55,1.1090909090909091,cone,cone
8655,27,27,1.0,cone,cone
8656,27,31,0.8709677419354839,cone,cone
8657,79,71,1.1126760563380282,cone,cone
8658,20,31,0.6451612903225806,jl,jl
8659,7,37,0.1891891891891892,jl,cone
8660,58,44,1.3181818181818181,cone,cone
8661,58,25,2.32,cone,cone
8662,111,40,2.775,cone,cone
8663,21,23,0.9130434782608695,jl,cone
8664,29,50,0.58,jl,cone
8665,31,26,1.1923076923076923,cone,cone
8666,49,24,2.0416666666666665,cone,cone
8667,51,40,1.275,cone,cone
8668,31,31,1.0,cone,cone
8669,35,33,1.0606060606060606,cone,cone
8670,29,29,1.0,lateral,lateral
8671,62,31,2.0,cone,cone
8672,63,46,1.3695652173913044,cone,cone
8673,91,63,1.4444444444444444,cone,cone
8674,15,15,1.0,lateral,lateral
8675,76,34,2.235294117647059,jl,cone
8676,15,19,0.7894736842105263,jl,cone
8677,24,33,0.7272727272727273,jl,cone
8678,20,19,1.0526315789473684,cone,cone
8679,34,34,1.0,lateral,lateral
8680,70,66,1.0606060606060606,cone,cone
8681,26,25,1.04,cone,cone
8682,37,82,0.45121951219512196,jl,lateral
8683,11,35,0.3142857142857143,jl,cone
8684,39,26,1.5,cone,cone
8685,7,20,0.35,jl,cone
8686,74,34,2.176470588235294,cone,cone
8687,73,36,2.0277777777777777,cone,cone
8688,33,33,1.0,cone,cone
8689,52,36,1.4444444444444444,cone,cone
8690,63,31,2.032258064516129,cone,cone
8691,25,25,1.0,cone,cone
8692,16,15,1.0666666666666667,lateral,lateral
8693,67,59,1.1355932203389831,cone,cone
8694,17,79,0.21518987341772153,cone,cone
8695,77,42,1.8333333333333333,cone,cone
8696,95,22,4.318181818181818,lateral,cone
8697,18,59,0.3050847457627119,jl,cone
8698,33,32,1.03125,lateral,cone
8699,56,43,1.302325581395349,jl,cone
8700,67,31,2.161290322580645,jl,cone
8701,31,39,0.7948717948717948,cone,cone
8702,25,25,1.0,lateral,lateral
8703,51,34,1.5,jl,cone
8704,54,36,1.5,cone,cone
8705,17,17,1.0,lateral,lateral
8706,62,32,1.9375,lateral,cone
8707,19,25,0.76,cone,cone
8708,40,38,1.0526315789473684,cone,cone
8709,30,26,1.1538461538461537,cone,cone
8710,19,23,0.8260869565217391,jl,cone
8711,13,14,0.9285714285714286,jl,jl
8712,17,21,0.8095238095238095,collision,collision
8713,59,57,1.0350877192982457,cone,cone
8714,34,25,1.36,cone,cone
8715,74,71,1.0422535211267605,cone,cone
8716,1,29,0.034482758620689655,jl,cone
8717,103,95,1.0842105263157895,cone,cone
8718,49,25,1.96,cone,cone
8719,83,65,1.2769230769230768,cone,cone
8720,107,25,4.28,cone,cone
8721,66,24,2.75,jl,cone
8722,30,22,1.3636363636363635,cone,cone
8723,37,37,1.0,lateral,lateral
8724,36,37,0.972972972972973,lateral,lateral
8725,43,36,1.1944444444444444,cone,cone
8726,57,47,1.2127659574468086,cone,cone
8727,12,23,0.5217391304347826,jl,cone
8728,63,39,1.6153846153846154,cone,cone
8729,1,50,0.02,jl,cone
8730,13,46,0.2826086956521739,jl,cone
8731,108,32,3.375,cone,cone
8732,46,49,0.9387755102040817,jl,cone
8733,26,23,1.1304347826086956,jl,jl
8734,65,39,1.6666666666666667,jl,cone
8735,70,42,1.6666666666666667,cone,cone
8736,87,41,2.1219512195121952,cone,cone
8737,1,11,0.09090909090909091,jl,jl
8738,11,11,1.0,lateral,lateral
8739,17,25,0.68,jl,cone
8740,107,36,2.9722222222222223,cone,cone
8741,50,37,1.3513513513513513,cone,cone
8742,52,41,1.2682926829268293,cone,cone
8743,22,22,1.0,lateral,lateral
8744,90,81,1.1111111111111112,cone,cone
8745,40,27,1.4814814814814814,cone,cone
8746,53,53,1.0,lateral,lateral
8747,22,22,1.0,lateral,lateral
8748,28,28,1.0,lateral,lateral
8749,28,28,1.0,cone,cone
8750,40,40,1.0,lateral,lateral
8751,28,26,1.0769230769230769,cone,cone
8752,62,39,1.5897435897435896,cone,cone
8753,34,30,1.1333333333333333,cone,cone
8754,43,76,0.5657894736842105,jl,cone
8755,16,17,0.9411764705882353,cone,cone
8756,31,26,1.1923076923076923,jl,jl
8757,91,38,2.3947368421052633,cone,cone
8758,25,22,1.1363636363636365,cone,cone
8759,26,26,1.0,cone,cone
8760,52,42,1.2380952380952381,lateral,cone
8761,65,44,1.4772727272727273,cone,cone
8762,33,25,1.32,cone,cone
8763,23,21,1.0952380952380953,cone,cone
8764,61,40,1.525,jl,jl
8765,22,23,0.9565217391304348,jl,jl
8766,34,34,1.0,cone,cone
8767,61,37,1.6486486486486487,jl,cone
8768,21,21,1.0,cone,cone
8769,20,30,0.6666666666666666,cone,cone
8770,35,32,1.09375,cone,cone
8771,93,82,1.1341463414634145,cone,cone
8772,73,69,1.0579710144927537,lateral,cone
8773,57,45,1.2666666666666666,cone,cone
8774,11,23,0.4782608695652174,jl,cone
8775,29,25,1.16,lateral,cone
8776,51,41,1.2439024390243902,cone,cone
8777,17,19,0.8947368421052632,collision,collision
8778,59,36,1.6388888888888888,cone,cone
8779,67,68,0.9852941176470589,jl,cone
8780,77,45,1.711111111111111,lateral,cone
8781,34,27,1.2592592592592593,cone,cone
8782,49,31,1.5806451612903225,cone,cone
8783,38,35,1.0857142857142856,cone,cone
8784,71,66,1.0757575757575757,cone,cone
8785,46,33,1.393939393939394,cone,cone
8786,23,26,0.8846153846153846,cone,lateral
8787,102,28,3.642857142857143,cone,cone
8788,39,88,0.4431818181818182,jl,cone
8789,32,26,1.2307692307692308,cone,cone
8790,12,13,0.9230769230769231,jl,jl
8791,14,18,0.7777777777777778,collision,collision
8792,26,23,1.1304347826086956,cone,cone
8793,52,49,1.0612244897959184,cone,cone
8794,61,61,1.0,lateral,lateral
8795,19,20,0.95,cone,cone
8796,73,56,1.3035714285714286,cone,cone
8797,85,39,2.1794871794871793,jl,cone
8798,57,56,1.0178571428571428,cone,cone
8799,31,33,0.9393939393939394,cone,cone
8800,28,27,1.037037037037037,cone,cone
8801,24,24,1.0,jl,cone
8802,26,18,1.4444444444444444,cone,jl
8803,47,44,1.0681818181818181,cone,cone
8804,80,64,1.25,cone,cone
8805,114,34,3.3529411764705883,cone,cone
8806,37,29,1.2758620689655173,cone,cone
8807,53,49,1.0816326530612246,lateral,cone
8808,47,32,1.46875,cone,cone
8809,35,39,0.8974358974358975,jl,cone
8810,14,12,1.1666666666666667,jl,jl
8811,64,51,1.2549019607843137,cone,cone
8812,53,51,1.0392156862745099,cone,cone
8813,93,16,5.8125,cone,jl
8814,41,36,1.1388888888888888,lateral,cone
8815,102,23,4.434782608695652,cone,cone
8816,52,53,0.9811320754716981,lateral,lateral
8817,16,26,0.6153846153846154,jl,cone
8818,17,16,1.0625,cone,cone
8819,44,32,1.375,cone,cone
8820,35,33,1.0606060606060606,cone,cone
8821,27,27,1.0,lateral,lateral
8822,89,55,1.6181818181818182,cone,cone
8823,67,32,2.09375,cone,cone
8824,66,49,1.346938775510204,jl,cone
8825,85,55,1.5454545454545454,cone,cone
8826,23,23,1.0,cone,cone
8827,48,46,1.0434782608695652,cone,cone
8828,124,30,4.133333333333334,cone,cone
8829,22,22,1.0,lateral,lateral
8830,55,23,2.391304347826087,jl,jl
8831,59,59,1.0,lateral,lateral
8832,12,14,0.8571428571428571,jl,jl
8833,17,20,0.85,jl,jl
8834,87,86,1.0116279069767442,cone,cone
8835,45,45,1.0,lateral,lateral
8836,38,37,1.027027027027027,lateral,lateral
8837,40,33,1.2121212121212122,cone,cone
8838,32,27,1.1851851851851851,lateral,cone
8839,18,17,1.0588235294117647,cone,cone
8840,21,20,1.05,cone,cone
8841,31,30,1.0333333333333334,lateral,jl
8842,106,30,3.533333333333333,cone,cone
8843,27,25,1.08,cone,cone
8844,37,21,1.7619047619047619,cone,jl
8845,23,21,1.0952380952380953,cone,cone
8846,30,29,1.0344827586206897,cone,cone
8847,25,23,1.0869565217391304,jl,jl
8848,17,55,0.3090909090909091,jl,jl
8849,102,20,5.1,cone,jl
8850,24,21,1.1428571428571428,cone,cone
8851,33,25,1.32,cone,cone
8852,21,15,1.4,jl,jl
8853,37,30,1.2333333333333334,jl,jl
8854,27,27,1.0,cone,cone
8855,42,42,1.0,jl,cone
8856,49,49,1.0,lateral,cone
8857,17,43,0.3953488372093023,jl,jl
8858,89,54,1.6481481481481481,cone,cone
8859,43,31,1.3870967741935485,cone,cone
8860,86,42,2.0476190476190474,cone,cone
8861,40,41,0.975609756097561,cone,cone
8862,55,41,1.3414634146341464,cone,cone
8863,49,40,1.225,cone,cone
8864,57,43,1.3255813953488371,cone,cone
8865,25,30,0.8333333333333334,cone,cone
8866,17,17,1.0,cone,cone
8867,58,34,1.7058823529411764,cone,cone
8868,47,47,1.0,lateral,lateral
8869,41,20,2.05,cone,cone
8870,26,18,1.4444444444444444,cone,cone
8871,27,27,1.0,cone,cone
8872,6,24,0.25,jl,cone
8873,43,35,1.2285714285714286,cone,cone
8874,61,61,1.0,cone,cone
8875,93,25,3.72,cone,cone
8876,35,26,1.3461538461538463,cone,cone
8877,57,42,1.3571428571428572,cone,cone
8878,12,37,0.32432432432432434,jl,cone
8879,21,21,1.0,lateral,lateral
8880,70,55,1.2727272727272727,cone,cone
8881,18,18,1.0,cone,cone
8882,13,21,0.6190476190476191,jl,cone
8883,66,51,1.2941176470588236,cone,cone
8884,31,31,1.0,lateral,lateral
8885,15,15,1.0,jl,jl
8886,23,19,1.2105263157894737,cone,cone
8887,66,59,1.11864406779661,cone,cone
8888,50,34,1.4705882352941178,cone,cone
8889,10,10,1.0,jl,jl
8890,45,34,1.3235294117647058,cone,cone
8891,23,22,1.0454545454545454,cone,cone
8892,82,28,2.9285714285714284,jl,cone
8893,46,31,1.4838709677419355,cone,cone
8894,62,39,1.5897435897435896,cone,jl
8895,22,22,1.0,cone,cone
8896,22,19,1.1578947368421053,jl,jl
8897,86,74,1.162162162162162,cone,cone
8898,16,16,1.0,cone,cone
8899,6,38,0.15789473684210525,jl,cone
8900,14,14,1.0,cone,cone
8901,23,23,1.0,cone,cone
8902,24,24,1.0,lateral,lateral
8903,9,28,0.32142857142857145,jl,cone
8904,9,11,0.8181818181818182,jl,jl
8905,18,22,0.8181818181818182,cone,cone
8906,63,56,1.125,cone,cone
8907,73,67,1.0895522388059702,cone,cone
8908,11,11,1.0,cone,cone
8909,44,33,1.3333333333333333,cone,cone
8910,28,28,1.0,lateral,lateral
8911,27,27,1.0,cone,cone
8912,37,30,1.2333333333333334,cone,cone
8913,10,15,0.6666666666666666,cone,cone
8914,83,41,2.024390243902439,cone,cone
8915,28,27,1.037037037037037,jl,cone
8916,34,32,1.0625,cone,cone
8917,54,28,1.9285714285714286,cone,cone
8918,36,27,1.3333333333333333,cone,cone
8919,99,29,3.413793103448276,cone,cone
8920,51,31,1.6451612903225807,cone,cone
8921,35,30,1.1666666666666667,cone,cone
8922,54,48,1.125,cone,cone
8923,33,41,0.8048780487804879,jl,cone
8924,82,60,1.3666666666666667,cone,cone
8925,52,44,1.1818181818181819,cone,cone
8926,18,31,0.5806451612903226,cone,cone
8927,18,26,0.6923076923076923,cone,cone
8928,33,24,1.375,cone,cone
8929,78,31,2.5161290322580645,cone,cone
8930,33,31,1.064516129032258,cone,cone
8931,59,41,1.4390243902439024,cone,cone
8932,62,55,1.1272727272727272,cone,cone
8933,7,16,0.4375,jl,jl
8934,88,74,1.1891891891891893,jl,jl
8935,44,30,1.4666666666666666,cone,cone
8936,40,24,1.6666666666666667,jl,cone
8937,40,26,1.5384615384615385,cone,cone
8938,39,35,1.1142857142857143,cone,cone
8939,19,25,0.76,cone,cone
8940,44,33,1.3333333333333333,jl,cone
8941,62,43,1.441860465116279,cone,cone
8942,49,47,1.0425531914893618,cone,cone
8943,114,105,1.0857142857142856,cone,cone
8944,27,24,1.125,cone,cone
8945,45,41,1.0975609756097562,jl,cone
8946,44,37,1.1891891891891893,jl,cone
8947,82,37,2.2162162162162162,cone,cone
8948,3,37,0.08108108108108109,jl,cone
8949,19,18,1.0555555555555556,jl,jl
8950,48,37,1.2972972972972974,jl,cone
8951,19,19,1.0,lateral,lateral
8952,45,34,1.3235294117647058,jl,cone
8953,61,56,1.0892857142857142,cone,cone
8954,39,23,1.6956521739130435,cone,cone
8955,9,37,0.24324324324324326,jl,cone
8956,31,29,1.0689655172413792,cone,cone
8957,29,28,1.0357142857142858,cone,cone
8958,30,21,1.4285714285714286,jl,jl
8959,34,22,1.5454545454545454,cone,cone
8960,10,17,0.5882352941176471,jl,jl
8961,76,26,2.923076923076923,jl,cone
8962,22,22,1.0,lateral,lateral
8963,76,45,1.6888888888888889,lateral,cone
8964,44,36,1.2222222222222223,cone,cone
8965,36,34,1.0588235294117647,cone,cone
8966,63,29,2.1724137931034484,cone,cone
8967,31,29,1.0689655172413792,cone,cone
8968,13,13,1.0,cone,cone
8969,45,41,1.0975609756097562,cone,cone
8970,29,30,0.9666666666666667,cone,cone
8971,18,19,0.9473684210526315,jl,cone
8972,136,26,5.230769230769231,cone,cone
8973,75,64,1.171875,cone,cone
8974,70,66,1.0606060606060606,cone,cone
8975,45,25,1.8,cone,cone
8976,29,29,1.0,cone,cone
8977,79,43,1.8372093023255813,cone,cone
8978,56,43,1.302325581395349,cone,cone
8979,30,23,1.3043478260869565,cone,cone
8980,2,11,0.18181818181818182,jl,jl
8981,45,28,1.6071428571428572,cone,cone
8982,13,13,1.0,cone,cone
8983,27,22,1.2272727272727273,cone,cone
8984,98,40,2.45,cone,cone
8985,33,32,1.03125,cone,cone
8986,16,16,1.0,cone,cone
8987,36,29,1.2413793103448276,cone,cone
8988,50,46,1.0869565217391304,cone,cone
8989,17,17,1.0,cone,cone
8990,29,24,1.2083333333333333,cone,cone
8991,79,53,1.490566037735849,cone,cone
8992,70,70,1.0,lateral,lateral
8993,39,31,1.2580645161290323,cone,cone
8994,58,53,1.0943396226415094,cone,cone
8995,17,20,0.85,jl,cone
8996,8,36,0.2222222222222222,jl,cone
8997,69,45,1.5333333333333334,cone,cone
8998,59,58,1.0172413793103448,lateral,lateral
8999,4,23,0.17391304347826086,jl,lateral
9000,51,42,1.2142857142857142,cone,cone
9001,82,35,2.342857142857143,cone,cone
9002,56,16,3.5,jl,jl
9003,53,41,1.2926829268292683,cone,cone
9004,73,34,2.1470588235294117,jl,cone
9005,37,37,1.0,jl,jl
9006,1,17,0.058823529411764705,jl,jl
9007,18,22,0.8181818181818182,cone,cone
9008,27,25,1.08,cone,cone
9009,40,45,0.8888888888888888,cone,cone
9010,22,22,1.0,cone,cone
9011,29,24,1.2083333333333333,cone,cone
9012,43,41,1.048780487804878,lateral,cone
9013,39,35,1.1142857142857143,cone,cone
9014,27,27,1.0,cone,cone
9015,19,19,1.0,lateral,lateral
9016,11,12,0.9166666666666666,jl,jl
9017,21,20,1.05,jl,jl
9018,62,33,1.878787878787879,jl,cone
9019,36,36,1.0,cone,cone
9020,52,53,0.9811320754716981,lateral,lateral
9021,21,31,0.6774193548387096,collision,cone
9022,22,20,1.1,cone,cone
9023,22,28,0.7857142857142857,jl,cone
9024,68,45,1.511111111111111,jl,cone
9025,43,38,1.131578947368421,cone,cone
9026,12,13,0.9230769230769231,jl,jl
9027,18,19,0.9473684210526315,cone,cone
9028,73,36,2.0277777777777777,jl,cone
9029,34,37,0.918918918918919,cone,cone
9030,16,20,0.8,cone,cone
9031,22,22,1.0,cone,cone
9032,11,11,1.0,cone,cone
9033,33,25,1.32,jl,cone
9034,27,24,1.125,cone,cone
9035,97,37,2.6216216216216215,cone,cone
9036,47,35,1.3428571428571427,cone,cone
9037,27,35,0.7714285714285715,jl,cone
9038,4,30,0.13333333333333333,jl,lateral
9039,29,27,1.0740740740740742,cone,cone
9040,73,73,1.0,lateral,lateral
9041,29,23,1.2608695652173914,cone,cone
9042,24,21,1.1428571428571428,cone,cone
9043,17,20,0.85,cone,cone
9044,48,37,1.2972972972972974,cone,cone
9045,52,33,1.5757575757575757,jl,cone
9046,24,28,0.8571428571428571,cone,cone
9047,21,17,1.2352941176470589,cone,cone
9048,15,32,0.46875,jl,cone
9049,15,20,0.75,jl,jl
9050,5,10,0.5,jl,jl
9051,31,31,1.0,jl,cone
9052,56,48,1.1666666666666667,jl,cone
9053,20,20,1.0,jl,jl
9054,41,29,1.4137931034482758,jl,jl
9055,15,14,1.0714285714285714,cone,cone
9056,21,21,1.0,cone,cone
9057,17,21,0.8095238095238095,cone,cone
9058,28,24,1.1666666666666667,cone,cone
9059,30,27,1.1111111111111112,cone,cone
9060,16,16,1.0,lateral,lateral
9061,40,40,1.0,lateral,lateral
9062,51,44,1.1590909090909092,cone,cone
9063,56,45,1.2444444444444445,cone,cone
9064,99,35,2.8285714285714287,jl,cone
9065,40,36,1.1111111111111112,cone,cone
9066,29,24,1.2083333333333333,lateral,cone
9067,8,27,0.2962962962962963,jl,jl
9068,68,39,1.7435897435897436,cone,cone
9069,51,40,1.275,cone,cone
9070,39,42,0.9285714285714286,cone,cone
9071,23,21,1.0952380952380953,cone,cone
9072,15,17,0.8823529411764706,jl,jl
9073,25,24,1.0416666666666667,cone,cone
9074,64,42,1.5238095238095237,cone,cone
9075,25,25,1.0,cone,cone
9076,12,14,0.8571428571428571,collision,collision
9077,31,21,1.4761904761904763,jl,jl
9078,16,16,1.0,cone,cone
9079,42,53,0.7924528301886793,jl,cone
9080,63,60,1.05,cone,cone
9081,57,48,1.1875,cone,cone
9082,70,53,1.320754716981132,cone,cone
9083,35,35,1.0,cone,cone
9084,24,24,1.0,cone,cone
9085,83,35,2.3714285714285714,cone,cone
9086,29,29,1.0,cone,cone
9087,34,29,1.1724137931034482,cone,cone
9088,29,25,1.16,cone,cone
9089,35,36,0.9722222222222222,jl,jl
9090,36,33,1.0909090909090908,cone,cone
9091,19,21,0.9047619047619048,cone,cone
9092,47,30,1.5666666666666667,cone,cone
9093,47,27,1.7407407407407407,jl,cone
9094,13,31,0.41935483870967744,jl,cone
9095,107,26,4.115384615384615,cone,cone
9096,37,24,1.5416666666666667,cone,cone
9097,47,33,1.4242424242424243,jl,cone
9098,51,48,1.0625,cone,cone
9099,16,16,1.0,cone,cone
9100,44,30,1.4666666666666666,jl,cone
9101,15,16,0.9375,cone,cone
9102,96,28,3.4285714285714284,cone,cone
9103,13,11,1.1818181818181819,cone,cone
9104,68,50,1.36,cone,cone
9105,12,29,0.41379310344827586,jl,cone
9106,28,34,0.8235294117647058,cone,cone
9107,23,23,1.0,lateral,lateral
9108,17,15,1.1333333333333333,jl,jl
9109,27,41,0.6585365853658537,jl,cone
9110,32,35,0.9142857142857143,jl,cone
9111,38,37,1.027027027027027,jl,jl
9112,51,37,1.3783783783783783,cone,cone
9113,16,16,1.0,jl,jl
9114,2,16,0.125,jl,jl
9115,23,20,1.15,cone,cone
9116,21,14,1.5,lateral,jl
9117,61,42,1.4523809523809523,cone,cone
9118,27,27,1.0,lateral,lateral
9119,29,25,1.16,cone,cone
9120,102,33,3.090909090909091,cone,cone
9121,21,21,1.0,cone,cone
9122,70,43,1.627906976744186,cone,cone
9123,34,28,1.2142857142857142,cone,cone
9124,56,26,2.1538461538461537,cone,cone
9125,30,21,1.4285714285714286,jl,cone
9126,56,12,4.666666666666667,cone,jl
9127,11,20,0.55,collision,cone
9128,30,27,1.1111111111111112,jl,jl
9129,10,17,0.5882352941176471,jl,jl
9130,38,33,1.1515151515151516,cone,cone
9131,58,58,1.0,lateral,lateral
9132,12,14,0.8571428571428571,jl,cone
9133,32,30,1.0666666666666667,lateral,jl
9134,79,41,1.9268292682926829,cone,cone
9135,53,53,1.0,cone,cone
9136,112,48,2.3333333333333335,cone,cone
9137,40,20,2.0,cone,cone
9138,85,23,3.6956521739130435,cone,cone
9139,14,17,0.8235294117647058,collision,collision
9140,21,18,1.1666666666666667,cone,cone
9141,35,25,1.4,jl,jl
9142,12,12,1.0,jl,lateral
9143,61,57,1.0701754385964912,cone,cone
9144,1,36,0.027777777777777776,jl,cone
9145,60,36,1.6666666666666667,cone,cone
9146,51,51,1.0,jl,jl
9147,50,43,1.1627906976744187,cone,cone
9148,43,40,1.075,cone,cone
9149,68,24,2.8333333333333335,jl,cone
9150,20,20,1.0,cone,cone
9151,29,28,1.0357142857142858,cone,cone
9152,84,50,1.68,cone,cone
9153,74,54,1.3703703703703705,cone,cone
9154,11,39,0.28205128205128205,jl,cone
9155,10,22,0.45454545454545453,jl,jl
9156,1,19,0.05263157894736842,jl,jl
9157,55,55,1.0,lateral,lateral
9158,20,18,1.1111111111111112,cone,cone
9159,1,26,0.038461538461538464,jl,jl
9160,32,23,1.391304347826087,cone,cone
9161,35,34,1.0294117647058822,cone,cone
9162,63,35,1.8,cone,cone
9163,69,50,1.38,cone,cone
9164,37,35,1.0571428571428572,cone,cone
9165,63,48,1.3125,cone,cone
9166,38,50,0.76,cone,cone
9167,17,17,1.0,cone,cone
9168,1,19,0.05263157894736842,jl,lateral
9169,34,44,0.7727272727272727,cone,cone
9170,66,50,1.32,cone,cone
9171,7,30,0.23333333333333334,jl,cone
9172,50,40,1.25,cone,cone
9173,64,12,5.333333333333333,jl,jl
9174,30,28,1.0714285714285714,cone,cone
9175,43,47,0.9148936170212766,cone,cone
9176,22,17,1.2941176470588236,collision,collision
9177,68,36,1.8888888888888888,cone,cone
9178,55,32,1.71875,cone,cone
9179,20,20,1.0,lateral,lateral
9180,51,52,0.9807692307692307,jl,jl
9181,73,53,1.3773584905660377,cone,cone
9182,31,32,0.96875,cone,cone
9183,55,31,1.7741935483870968,cone,cone
9184,55,46,1.1956521739130435,cone,cone
9185,19,19,1.0,cone,cone
9186,104,54,1.9259259259259258,cone,cone
9187,18,18,1.0,cone,cone
9188,16,42,0.38095238095238093,jl,lateral
9189,60,55,1.0909090909090908,cone,cone
9190,104,37,2.810810810810811,cone,jl
9191,18,23,0.782608695652174,cone,cone
9192,38,42,0.9047619047619048,cone,cone
9193,42,38,1.105263157894737,cone,cone
9194,33,29,1.1379310344827587,cone,cone
9195,108,37,2.918918918918919,jl,cone
9196,5,26,0.19230769230769232,jl,cone
9197,32,20,1.6,cone,cone
9198,27,25,1.08,cone,cone
9199,79,58,1.3620689655172413,cone,cone
9200,11,11,1.0,jl,jl
9201,75,68,1.1029411764705883,lateral,cone
9202,38,31,1.2258064516129032,cone,cone
9203,26,25,1.04,cone,lateral
9204,57,28,2.0357142857142856,cone,cone
9205,55,37,1.4864864864864864,jl,cone
9206,71,44,1.6136363636363635,cone,cone
9207,11,11,1.0,lateral,lateral
9208,15,26,0.5769230769230769,jl,cone
9209,78,47,1.6595744680851063,lateral,cone
9210,30,29,1.0344827586206897,cone,cone
9211,11,11,1.0,lateral,lateral
9212,38,37,1.027027027027027,cone,cone
9213,35,24,1.4583333333333333,cone,cone
9214,40,40,1.0,lateral,lateral
9215,21,20,1.05,cone,cone
9216,102,40,2.55,jl,cone
9217,49,52,0.9423076923076923,jl,cone
9218,35,32,1.09375,cone,cone
9219,19,19,1.0,cone,cone
9220,58,51,1.1372549019607843,cone,cone
9221,33,33,1.0,lateral,lateral
9222,29,23,1.2608695652173914,cone,cone
9223,22,22,1.0,cone,cone
9224,62,58,1.0689655172413792,jl,cone
9225,97,35,2.7714285714285714,cone,cone
9226,86,33,2.606060606060606,cone,jl
9227,29,28,1.0357142857142858,lateral,lateral
9228,50,24,2.0833333333333335,cone,cone
9229,59,44,1.3409090909090908,jl,cone
9230,18,18,1.0,cone,cone
9231,42,34,1.2352941176470589,cone,cone
9232,62,45,1.3777777777777778,cone,cone
9233,13,31,0.41935483870967744,jl,cone
9234,96,20,4.8,cone,jl
9235,14,53,0.2641509433962264,jl,cone
9236,19,21,0.9047619047619048,collision,collision
9237,46,22,2.090909090909091,cone,cone
9238,115,40,2.875,cone,cone
9239,21,27,0.7777777777777778,jl,lateral
9240,50,22,2.272727272727273,jl,cone
9241,18,18,1.0,cone,cone
9242,70,46,1.5217391304347827,cone,cone
9243,20,21,0.9523809523809523,cone,cone
9244,29,28,1.0357142857142858,cone,cone
9245,9,24,0.375,jl,cone
9246,54,26,2.076923076923077,cone,cone
9247,9,20,0.45,jl,jl
9248,23,25,0.92,cone,cone
9249,39,39,1.0,lateral,jl
9250,16,16,1.0,lateral,lateral
9251,37,26,1.4230769230769231,cone,cone
9252,31,33,0.9393939393939394,jl,jl
9253,69,56,1.2321428571428572,cone,cone
9254,24,21,1.1428571428571428,cone,cone
9255,4,37,0.10810810810810811,jl,cone
9256,12,12,1.0,cone,cone
9257,108,26,4.153846153846154,jl,cone
9258,92,18,5.111111111111111,cone,jl
9259,71,34,2.088235294117647,cone,cone
9260,21,63,0.3333333333333333,jl,cone
9261,20,20,1.0,cone,lateral
9262,1,23,0.043478260869565216,jl,jl
9263,17,37,0.4594594594594595,jl,cone
9264,33,41,0.8048780487804879,jl,jl
9265,13,13,1.0,jl,jl
9266,45,42,1.0714285714285714,jl,cone
9267,21,20,1.05,cone,cone
9268,75,46,1.6304347826086956,cone,cone
9269,39,37,1.054054054054054,cone,cone
9270,67,43,1.558139534883721,cone,cone
9271,39,58,0.6724137931034483,jl,cone
9272,66,50,1.32,jl,cone
9273,80,39,2.051282051282051,lateral,cone
9274,78,42,1.8571428571428572,cone,cone
9275,37,37,1.0,cone,cone
9276,28,22,1.2727272727272727,cone,jl
9277,47,29,1.6206896551724137,cone,cone
9278,31,31,1.0,cone,cone
9279,18,17,1.0588235294117647,cone,cone
9280,47,46,1.0217391304347827,lateral,jl
9281,73,42,1.7380952380952381,cone,cone
9282,24,18,1.3333333333333333,cone,cone
9283,19,23,0.8260869565217391,jl,jl
9284,50,35,1.4285714285714286,jl,jl
9285,95,57,1.6666666666666667,cone,cone
9286,62,26,2.3846153846153846,cone,cone
9287,60,25,2.4,jl,cone
9288,68,80,0.85,jl,cone
9289,46,38,1.2105263157894737,cone,cone
9290,38,37,1.027027027027027,jl,cone
9291,4,26,0.15384615384615385,jl,cone
9292,34,26,1.3076923076923077,cone,cone
9293,45,35,1.2857142857142858,cone,cone
9294,46,40,1.15,cone,cone
9295,62,42,1.4761904761904763,cone,cone
9296,26,21,1.2380952380952381,cone,cone
9297,45,40,1.125,jl,cone
9298,60,38,1.5789473684210527,cone,cone
9299,48,28,1.7142857142857142,cone,cone
9300,25,17,1.4705882352941178,cone,cone
9301,22,19,1.1578947368421053,cone,cone
9302,13,25,0.52,jl,jl
9303,73,23,3.1739130434782608,cone,cone
9304,17,28,0.6071428571428571,jl,lateral
9305,32,30,1.0666666666666667,cone,cone
9306,50,50,1.0,cone,cone
9307,43,37,1.162162162162162,cone,cone
9308,20,19,1.0526315789473684,cone,cone
9309,28,27,1.037037037037037,cone,cone
9310,23,21,1.0952380952380953,cone,cone
9311,21,19,1.105263157894737,cone,cone
9312,20,20,1.0,cone,cone
9313,13,25,0.52,collision,cone
9314,13,18,0.7222222222222222,jl,jl
9315,23,23,1.0,jl,jl
9316,22,20,1.1,cone,cone
9317,14,17,0.8235294117647058,jl,jl
9318,71,53,1.3396226415094339,cone,cone
9319,30,29,1.0344827586206897,cone,cone
9320,47,42,1.119047619047619,cone,cone
9321,34,33,1.0303030303030303,cone,cone
9322,13,15,0.8666666666666667,collision,collision
9323,34,38,0.8947368421052632,jl,jl
9324,11,11,1.0,jl,jl
9325,30,24,1.25,cone,cone
9326,99,20,4.95,cone,cone
9327,54,54,1.0,lateral,lateral
9328,9,10,0.9,collision,collision
9329,6,36,0.16666666666666666,jl,cone
9330,78,62,1.2580645161290323,cone,cone
9331,12,17,0.7058823529411765,jl,cone
9332,26,26,1.0,cone,cone
9333,21,20,1.05,cone,cone
9334,20,34,0.5882352941176471,collision,cone
9335,35,35,1.0,lateral,lateral
9336,26,57,0.45614035087719296,jl,lateral
9337,12,13,0.9230769230769231,jl,jl
9338,59,19,3.1052631578947367,cone,cone
9339,44,33,1.3333333333333333,cone,cone
9340,72,27,2.6666666666666665,jl,cone
9341,81,35,2.3142857142857145,cone,cone
9342,33,28,1.1785714285714286,cone,cone
9343,63,18,3.5,jl,cone
9344,18,17,1.0588235294117647,cone,cone
9345,41,56,0.7321428571428571,cone,cone
9346,26,23,1.1304347826086956,jl,cone
9347,9,15,0.6,jl,jl
9348,23,68,0.3382352941176471,jl,lateral
9349,38,24,1.5833333333333333,cone,cone
9350,25,22,1.1363636363636365,cone,cone
9351,33,31,1.064516129032258,cone,cone
9352,22,22,1.0,cone,cone
9353,64,64,1.0,cone,cone
9354,87,75,1.16,cone,cone
9355,68,29,2.3448275862068964,lateral,cone
9356,26,26,1.0,jl,jl
9357,69,50,1.38,jl,jl
9358,53,40,1.325,cone,cone
9359,54,47,1.148936170212766,cone,cone
9360,31,26,1.1923076923076923,cone,cone
9361,25,18,1.3888888888888888,cone,cone
9362,52,38,1.368421052631579,cone,cone
9363,24,14,1.7142857142857142,cone,cone
9364,112,29,3.8620689655172415,cone,cone
9365,74,44,1.6818181818181819,cone,cone
9366,22,22,1.0,cone,cone
9367,44,59,0.7457627118644068,jl,cone
9368,15,14,1.0714285714285714,cone,cone
9369,26,21,1.2380952380952381,cone,cone
9370,13,13,1.0,cone,cone
9371,15,37,0.40540540540540543,jl,cone
9372,32,24,1.3333333333333333,cone,cone
9373,43,30,1.4333333333333333,lateral,cone
9374,1,17,0.058823529411764705,jl,jl
9375,41,29,1.4137931034482758,cone,cone
9376,69,31,2.225806451612903,jl,cone
9377,111,29,3.8275862068965516,cone,cone
9378,69,24,2.875,jl,cone
9379,58,41,1.4146341463414633,cone,cone
9380,28,28,1.0,lateral,lateral
9381,80,28,2.857142857142857,cone,cone
9382,21,20,1.05,cone,cone
9383,33,26,1.2692307692307692,cone,cone
9384,27,26,1.0384615384615385,cone,cone
9385,33,42,0.7857142857142857,cone,lateral
9386,45,29,1.5517241379310345,cone,cone
9387,62,24,2.5833333333333335,jl,cone
9388,91,41,2.2195121951219514,cone,cone
9389,126,50,2.52,cone,cone
9390,58,58,1.0,lateral,lateral
9391,7,46,0.15217391304347827,jl,cone
9392,50,51,0.9803921568627451,jl,jl
9393,30,28,1.0714285714285714,cone,cone
9394,42,42,1.0,lateral,lateral
9395,42,28,1.5,cone,cone
9396,35,36,0.9722222222222222,jl,jl
9397,1,36,0.027777777777777776,jl,cone
9398,24,24,1.0,cone,cone
9399,65,29,2.2413793103448274,jl,cone
9400,23,22,1.0454545454545454,cone,cone
9401,102,37,2.7567567567567566,cone,cone
9402,68,26,2.6153846153846154,jl,cone
9403,39,23,1.6956521739130435,cone,cone
9404,58,58,1.0,jl,jl
9405,38,30,1.2666666666666666,cone,cone
9406,91,35,2.6,cone,cone
9407,56,95,0.5894736842105263,cone,cone
9408,25,19,1.3157894736842106,cone,cone
9409,16,20,0.8,jl,jl
9410,81,76,1.0657894736842106,cone,cone
9411,18,24,0.75,cone,cone
9412,26,25,1.04,cone,cone
9413,14,14,1.0,jl,jl
9414,34,27,1.2592592592592593,cone,cone
9415,86,40,2.15,cone,cone
9416,33,28,1.1785714285714286,cone,cone
9417,38,25,1.52,jl,jl
9418,19,25,0.76,cone,cone
9419,20,20,1.0,cone,cone
9420,110,39,2.8205128205128207,jl,cone
9421,14,15,0.9333333333333333,cone,cone
9422,97,28,3.4642857142857144,lateral,cone
9423,34,32,1.0625,cone,cone
9424,33,28,1.1785714285714286,cone,cone
9425,25,22,1.1363636363636365,cone,cone
9426,21,21,1.0,cone,cone
9427,32,24,1.3333333333333333,cone,cone
9428,60,62,0.967741935483871,cone,cone
9429,60,39,1.5384615384615385,cone,cone
9430,27,47,0.574468085106383,jl,jl
9431,36,27,1.3333333333333333,cone,cone
9432,52,51,1.0196078431372548,lateral,lateral
9433,18,16,1.125,collision,jl
9434,14,14,1.0,cone,cone
9435,21,20,1.05,cone,cone
9436,54,27,2.0,jl,cone
9437,82,50,1.64,jl,cone
9438,90,39,2.3076923076923075,cone,cone
9439,35,35,1.0,cone,cone
9440,47,29,1.6206896551724137,jl,cone
9441,83,43,1.930232558139535,cone,cone
9442,57,36,1.5833333333333333,cone,cone
9443,49,39,1.2564102564102564,cone,cone
9444,51,39,1.3076923076923077,cone,cone
9445,49,49,1.0,cone,cone
9446,23,20,1.15,cone,cone
9447,47,37,1.2702702702702702,cone,cone
9448,92,34,2.7058823529411766,cone,cone
9449,18,18,1.0,lateral,lateral
9450,28,28,1.0,cone,cone
9451,25,29,0.8620689655172413,cone,cone
9452,42,37,1.135135135135135,jl,jl
9453,19,18,1.0555555555555556,cone,cone
9454,48,19,2.526315789473684,jl,jl
9455,14,21,0.6666666666666666,jl,jl
9456,70,60,1.1666666666666667,jl,cone
9457,20,20,1.0,jl,jl
9458,68,60,1.1333333333333333,jl,cone
9459,27,26,1.0384615384615385,cone,cone
9460,21,38,0.5526315789473685,jl,cone
9461,29,29,1.0,cone,cone
9462,17,16,1.0625,cone,cone
9463,42,35,1.2,cone,cone
9464,72,79,0.9113924050632911,cone,lateral
9465,74,53,1.3962264150943395,cone,cone
9466,31,23,1.3478260869565217,cone,cone
9467,10,10,1.0,lateral,lateral
9468,40,41,0.975609756097561,cone,cone
9469,23,22,1.0454545454545454,cone,cone
9470,16,16,1.0,cone,cone
9471,19,30,0.6333333333333333,jl,jl
9472,71,67,1.0597014925373134,lateral,cone
9473,37,35,1.0571428571428572,cone,cone
9474,87,39,2.230769230769231,cone,cone
9475,76,42,1.8095238095238095,cone,cone
9476,1,28,0.03571428571428571,jl,cone
9477,68,50,1.36,jl,jl
9478,34,28,1.2142857142857142,lateral,cone
9479,33,33,1.0,cone,cone
9480,32,22,1.4545454545454546,cone,cone
9481,24,24,1.0,lateral,lateral
9482,42,32,1.3125,cone,cone
9483,58,52,1.1153846153846154,jl,cone
9484,38,30,1.2666666666666666,cone,cone
9485,15,15,1.0,cone,cone
9486,41,40,1.025,jl,cone
9487,25,25,1.0,cone,cone
9488,2,32,0.0625,jl,cone
9489,44,38,1.1578947368421053,jl,cone
9490,23,23,1.0,lateral,lateral
9491,69,70,0.9857142857142858,jl,jl
9492,47,23,2.0434782608695654,jl,cone
9493,58,43,1.3488372093023255,cone,cone
9494,46,32,1.4375,cone,cone
9495,72,59,1.2203389830508475,cone,cone
9496,26,23,1.1304347826086956,lateral,cone
9497,19,43,0.4418604651162791,jl,cone
9498,19,18,1.0555555555555556,cone,cone
9499,15,110,0.13636363636363635,jl,jl
9500,5,11,0.45454545454545453,jl,jl
9501,26,22,1.1818181818181819,cone,cone
9502,50,50,1.0,lateral,lateral
9503,45,35,1.2857142857142858,cone,cone
9504,80,28,2.857142857142857,jl,cone
9505,119,40,2.975,cone,cone
9506,32,28,1.1428571428571428,cone,cone
9507,16,16,1.0,cone,cone
9508,61,36,1.6944444444444444,cone,cone
9509,21,17,1.2352941176470589,cone,cone
9510,26,26,1.0,cone,cone
9511,54,42,1.2857142857142858,cone,cone
9512,9,23,0.391304347826087,jl,cone
9513,35,38,0.9210526315789473,jl,jl
9514,46,34,1.3529411764705883,cone,cone
9515,32,52,0.6153846153846154,jl,jl
9516,90,35,2.5714285714285716,cone,cone
9517,21,21,1.0,lateral,lateral
9518,61,41,1.4878048780487805,cone,cone
9519,22,21,1.0476190476190477,cone,cone
9520,45,30,1.5,cone,cone
9521,1,13,0.07692307692307693,jl,cone
9522,3,63,0.047619047619047616,jl,lateral
9523,52,47,1.1063829787234043,jl,cone
9524,26,20,1.3,cone,cone
9525,15,37,0.40540540540540543,jl,cone
9526,57,58,0.9827586206896551,lateral,lateral
9527,27,44,0.6136363636363636,jl,cone
9528,81,27,3.0,cone,cone
9529,28,27,1.037037037037037,cone,cone
9530,39,30,1.3,collision,cone
9531,99,89,1.1123595505617978,cone,cone
9532,21,37,0.5675675675675675,jl,cone
9533,65,42,1.5476190476190477,cone,cone
9534,18,18,1.0,cone,cone
9535,15,12,1.25,jl,jl
9536,55,54,1.0185185185185186,jl,cone
9537,25,21,1.1904761904761905,cone,cone
9538,43,42,1.0238095238095237,lateral,cone
9539,13,13,1.0,lateral,lateral
9540,42,41,1.024390243902439,cone,cone
9541,60,54,1.1111111111111112,cone,cone
9542,26,16,1.625,jl,jl
9543,47,47,1.0,lateral,lateral
9544,89,30,2.966666666666667,cone,cone
9545,16,26,0.6153846153846154,jl,cone
9546,26,22,1.1818181818181819,cone,cone
9547,50,47,1.0638297872340425,cone,cone
9548,121,32,3.78125,cone,cone
9549,51,46,1.108695652173913,lateral,cone
9550,48,43,1.1162790697674418,cone,cone
9551,23,23,1.0,lateral,cone
9552,33,27,1.2222222222222223,cone,cone
9553,36,35,1.0285714285714285,jl,cone
9554,65,37,1.7567567567567568,cone,cone
9555,43,41,1.048780487804878,cone,cone
9556,52,54,0.9629629629629629,cone,cone
9557,37,30,1.2333333333333334,cone,cone
9558,16,36,0.4444444444444444,jl,jl
9559,42,25,1.68,jl,cone
9560,20,23,0.8695652173913043,jl,jl
9561,17,16,1.0625,cone,cone
9562,20,16,1.25,jl,jl
9563,21,23,0.9130434782608695,jl,lateral
9564,32,25,1.28,cone,cone
9565,5,32,0.15625,jl,cone
9566,82,25,3.28,cone,cone
9567,53,47,1.127659574468085,cone,cone
9568,77,20,3.85,jl,cone
9569,51,37,1.3783783783783783,cone,cone
9570,84,39,2.1538461538461537,cone,cone
9571,29,29,1.0,jl,cone
9572,16,17,0.9411764705882353,cone,cone
9573,24,24,1.0,cone,cone
9574,94,80,1.175,cone,cone
9575,22,20,1.1,cone,cone
9576,34,34,1.0,cone,cone
9577,45,31,1.4516129032258065,cone,cone
9578,63,43,1.4651162790697674,cone,cone
9579,13,13,1.0,cone,cone
9580,33,30,1.1,cone,cone
9581,60,14,4.285714285714286,lateral,jl
9582,25,22,1.1363636363636365,cone,cone
9583,92,50,1.84,cone,cone
9584,43,36,1.1944444444444444,lateral,cone
9585,30,22,1.3636363636363635,cone,cone
9586,29,28,1.0357142857142858,cone,cone
9587,27,27,1.0,lateral,lateral
9588,41,35,1.1714285714285715,cone,cone
9589,30,32,0.9375,jl,jl
9590,38,25,1.52,cone,cone
9591,45,41,1.0975609756097562,cone,cone
9592,10,29,0.3448275862068966,jl,cone
9593,73,49,1.489795918367347,cone,jl
9594,92,46,2.0,cone,jl
9595,64,56,1.1428571428571428,lateral,cone
9596,76,44,1.7272727272727273,cone,cone
9597,28,22,1.2727272727272727,cone,cone
9598,33,38,0.868421052631579,jl,jl
9599,62,49,1.2653061224489797,cone,cone
9600,57,53,1.0754716981132075,jl,cone
9601,22,15,1.4666666666666666,jl,jl
9602,18,24,0.75,cone,cone
9603,17,11,1.5454545454545454,jl,jl
9604,18,18,1.0,cone,cone
9605,51,33,1.5454545454545454,cone,cone
9606,11,18,0.6111111111111112,jl,cone
9607,28,24,1.1666666666666667,cone,cone
9608,62,58,1.0689655172413792,cone,cone
9609,23,43,0.5348837209302325,jl,lateral
9610,111,28,3.9642857142857144,cone,cone
9611,18,18,1.0,lateral,lateral
9612,26,25,1.04,cone,cone
9613,26,25,1.04,cone,cone
9614,36,34,1.0588235294117647,cone,cone
9615,53,45,1.1777777777777778,cone,cone
9616,19,34,0.5588235294117647,collision,cone
9617,18,18,1.0,cone,cone
9618,65,37,1.7567567567567568,jl,cone
9619,37,36,1.0277777777777777,cone,cone
9620,17,17,1.0,lateral,lateral
9621,86,48,1.7916666666666667,cone,cone
9622,35,23,1.5217391304347827,jl,jl
9623,125,40,3.125,cone,cone
9624,67,41,1.6341463414634145,jl,cone
9625,72,41,1.7560975609756098,cone,cone
9626,29,55,0.5272727272727272,jl,lateral
9627,23,36,0.6388888888888888,cone,collision
9628,53,37,1.4324324324324325,cone,cone
9629,27,20,1.35,cone,cone
9630,33,23,1.434782608695652,cone,cone
9631,15,16,0.9375,jl,jl
9632,70,54,1.2962962962962963,cone,cone
9633,7,22,0.3181818181818182,jl,jl
9634,19,19,1.0,cone,cone
9635,31,29,1.0689655172413792,cone,cone
9636,20,20,1.0,cone,cone
9637,55,46,1.1956521739130435,jl,cone
9638,18,24,0.75,cone,cone
9639,73,36,2.0277777777777777,cone,cone
9640,44,39,1.1282051282051282,cone,cone
9641,32,25,1.28,cone,cone
9642,57,48,1.1875,jl,cone
9643,23,22,1.0454545454545454,cone,cone
9644,16,16,1.0,cone,cone
9645,32,20,1.6,cone,cone
9646,17,18,0.9444444444444444,jl,cone
9647,26,37,0.7027027027027027,jl,cone
9648,52,59,0.8813559322033898,cone,lateral
9649,46,27,1.7037037037037037,jl,cone
9650,42,40,1.05,cone,cone
9651,82,39,2.1025641025641026,cone,cone
9652,53,42,1.2619047619047619,cone,cone
9653,77,74,1.0405405405405406,cone,cone
9654,42,28,1.5,jl,cone
9655,26,32,0.8125,jl,jl
9656,29,25,1.16,cone,cone
9657,112,39,2.871794871794872,jl,cone
9658,19,18,1.0555555555555556,cone,cone
9659,20,17,1.1764705882352942,cone,cone
9660,63,51,1.2352941176470589,cone,cone
9661,34,41,0.8292682926829268,jl,jl
9662,11,11,1.0,jl,jl
9663,26,60,0.43333333333333335,jl,cone
9664,107,28,3.8214285714285716,cone,cone
9665,41,36,1.1388888888888888,cone,cone
9666,6,24,0.25,jl,cone
9667,48,48,1.0,lateral,lateral
9668,31,32,0.96875,cone,cone
9669,77,77,1.0,lateral,cone
9670,46,38,1.2105263157894737,cone,cone
9671,19,21,0.9047619047619048,jl,jl
9672,38,43,0.8837209302325582,jl,cone
9673,20,18,1.1111111111111112,cone,cone
9674,33,26,1.2692307692307692,cone,cone
9675,98,54,1.8148148148148149,cone,cone
9676,94,13,7.230769230769231,cone,jl
9677,15,15,1.0,cone,cone
9678,33,28,1.1785714285714286,cone,cone
9679,37,29,1.2758620689655173,jl,cone
9680,16,15,1.0666666666666667,jl,jl
9681,80,76,1.0526315789473684,cone,cone
9682,67,42,1.5952380952380953,cone,cone
9683,36,24,1.5,jl,cone
9684,66,45,1.4666666666666666,jl,cone
9685,103,46,2.239130434782609,cone,cone
9686,30,24,1.25,cone,cone
9687,71,35,2.0285714285714285,jl,jl
9688,103,48,2.1458333333333335,cone,cone
9689,46,42,1.0952380952380953,cone,cone
9690,45,48,0.9375,cone,cone
9691,32,27,1.1851851851851851,cone,cone
9692,35,35,1.0,cone,jl
9693,73,65,1.123076923076923,lateral,cone
9694,8,13,0.6153846153846154,collision,collision
9695,65,29,2.2413793103448274,jl,cone
9696,16,17,0.9411764705882353,jl,jl
9697,17,17,1.0,cone,cone
9698,10,10,1.0,cone,cone
9699,23,24,0.9583333333333334,cone,cone
9700,41,33,1.2424242424242424,cone,cone
9701,26,10,2.6,cone,jl
9702,32,25,1.28,cone,cone
9703,35,35,1.0,cone,cone
9704,97,76,1.2763157894736843,cone,cone
9705,37,29,1.2758620689655173,cone,cone
9706,73,66,1.106060606060606,cone,cone
9707,46,31,1.4838709677419355,jl,cone
9708,104,34,3.0588235294117645,cone,cone
9709,19,19,1.0,cone,cone
9710,30,25,1.2,cone,cone
9711,36,36,1.0,lateral,lateral
9712,17,16,1.0625,cone,cone
9713,22,19,1.1578947368421053,jl,jl
9714,112,29,3.8620689655172415,cone,cone
9715,35,25,1.4,cone,cone
9716,14,14,1.0,cone,cone
9717,33,28,1.1785714285714286,cone,cone
9718,73,35,2.085714285714286,cone,cone
9719,29,28,1.0357142857142858,cone,cone
9720,103,25,4.12,cone,cone
9721,16,16,1.0,jl,jl
9722,41,35,1.1714285714285715,cone,cone
9723,72,57,1.263157894736842,cone,cone
9724,25,20,1.25,cone,cone
9725,37,22,1.6818181818181819,collision,cone
9726,66,41,1.6097560975609757,cone,cone
9727,28,28,1.0,cone,cone
9728,42,34,1.2352941176470589,jl,cone
9729,25,24,1.0416666666666667,cone,cone
9730,17,44,0.38636363636363635,jl,cone
9731,23,22,1.0454545454545454,lateral,cone
9732,28,26,1.0769230769230769,cone,cone
9733,13,12,1.0833333333333333,cone,jl
9734,16,22,0.7272727272727273,jl,cone
9735,7,59,0.11864406779661017,jl,cone
9736,18,17,1.0588235294117647,cone,cone
9737,75,48,1.5625,cone,cone
9738,25,21,1.1904761904761905,cone,cone
9739,18,31,0.5806451612903226,jl,collision
9740,17,23,0.7391304347826086,jl,jl
9741,40,28,1.4285714285714286,cone,cone
9742,26,33,0.7878787878787878,jl,cone
9743,27,39,0.6923076923076923,jl,jl
9744,64,46,1.391304347826087,cone,cone
9745,15,15,1.0,jl,jl
9746,20,20,1.0,cone,cone
9747,19,19,1.0,cone,cone
9748,29,28,1.0357142857142858,lateral,cone
9749,50,35,1.4285714285714286,cone,cone
9750,22,25,0.88,jl,cone
9751,36,36,1.0,lateral,lateral
9752,38,29,1.3103448275862069,cone,cone
9753,62,43,1.441860465116279,cone,cone
9754,23,27,0.8518518518518519,jl,jl
9755,27,24,1.125,cone,cone
9756,85,72,1.1805555555555556,cone,cone
9757,23,22,1.0454545454545454,jl,jl
9758,27,25,1.08,cone,cone
9759,31,31,1.0,lateral,cone
9760,7,11,0.6363636363636364,jl,jl
9761,37,29,1.2758620689655173,cone,cone
9762,1,21,0.047619047619047616,jl,jl
9763,10,37,0.2702702702702703,jl,cone
9764,75,40,1.875,cone,cone
9765,28,15,1.8666666666666667,jl,jl
9766,63,38,1.6578947368421053,jl,cone
9767,32,32,1.0,lateral,lateral
9768,44,43,1.0232558139534884,cone,jl
9769,42,41,1.024390243902439,cone,cone
9770,17,14,1.2142857142857142,jl,jl
9771,42,42,1.0,cone,cone
9772,82,43,1.9069767441860466,jl,cone
9773,33,32,1.03125,cone,cone
9774,48,47,1.0212765957446808,cone,cone
9775,17,18,0.9444444444444444,jl,cone
9776,56,37,1.5135135135135136,jl,jl
9777,14,33,0.42424242424242425,jl,cone
9778,47,40,1.175,cone,cone
9779,36,29,1.2413793103448276,cone,cone
9780,29,25,1.16,cone,cone
9781,28,32,0.875,cone,cone
9782,47,32,1.46875,cone,cone
9783,50,37,1.3513513513513513,jl,cone
9784,104,70,1.4857142857142858,cone,cone
9785,30,27,1.1111111111111112,cone,cone
9786,40,23,1.7391304347826086,cone,cone
9787,27,24,1.125,cone,cone
9788,59,41,1.4390243902439024,cone,cone
9789,39,34,1.1470588235294117,cone,cone
9790,36,35,1.0285714285714285,cone,cone
9791,13,13,1.0,lateral,lateral
9792,21,21,1.0,cone,cone
9793,40,42,0.9523809523809523,cone,cone
9794,34,34,1.0,lateral,lateral
9795,65,44,1.4772727272727273,jl,cone
9796,33,32,1.03125,jl,jl
9797,95,48,1.9791666666666667,cone,cone
9798,41,41,1.0,lateral,lateral
9799,90,54,1.6666666666666667,cone,cone
9800,102,54,1.8888888888888888,cone,cone
9801,53,24,2.2083333333333335,jl,cone
9802,48,27,1.7777777777777777,cone,cone
9803,54,46,1.173913043478261,cone,cone
9804,20,23,0.8695652173913043,cone,cone
9805,25,27,0.9259259259259259,jl,cone
9806,64,64,1.0,cone,cone
9807,75,47,1.5957446808510638,cone,cone
9808,118,34,3.4705882352941178,cone,cone
9809,63,57,1.105263157894737,lateral,cone
9810,41,30,1.3666666666666667,cone,cone
9811,43,26,1.6538461538461537,cone,cone
9812,30,61,0.4918032786885246,jl,jl
9813,15,24,0.625,jl,cone
9814,26,21,1.2380952380952381,cone,cone
9815,82,26,3.1538461538461537,cone,cone
9816,71,64,1.109375,cone,jl
9817,4,25,0.16,jl,cone
9818,28,27,1.037037037037037,cone,cone
9819,34,36,0.9444444444444444,cone,cone
9820,38,34,1.1176470588235294,cone,cone
9821,33,33,1.0,cone,cone
9822,39,33,1.1818181818181819,cone,cone
9823,38,35,1.0857142857142856,cone,cone
9824,41,29,1.4137931034482758,cone,cone
9825,47,26,1.8076923076923077,cone,cone
9826,43,50,0.86,collision,cone
9827,73,57,1.280701754385965,cone,cone
9828,15,21,0.7142857142857143,cone,cone
9829,48,42,1.1428571428571428,cone,cone
9830,49,49,1.0,cone,cone
9831,33,33,1.0,lateral,lateral
9832,42,40,1.05,cone,cone
9833,25,21,1.1904761904761905,cone,cone
9834,34,23,1.4782608695652173,cone,cone
9835,110,20,5.5,cone,cone
9836,51,28,1.8214285714285714,jl,cone
9837,26,26,1.0,lateral,lateral
9838,4,25,0.16,jl,cone
9839,27,22,1.2272727272727273,cone,cone
9840,99,31,3.193548387096774,jl,cone
9841,48,48,1.0,lateral,lateral
9842,21,20,1.05,lateral,lateral
9843,21,20,1.05,jl,jl
9844,67,37,1.8108108108108107,cone,cone
9845,10,12,0.8333333333333334,collision,collision
9846,23,22,1.0454545454545454,cone,cone
9847,25,24,1.0416666666666667,cone,cone
9848,19,19,1.0,lateral,lateral
9849,51,20,2.55,cone,cone
9850,75,66,1.1363636363636365,cone,cone
9851,11,11,1.0,lateral,lateral
9852,61,48,1.2708333333333333,cone,cone
9853,23,25,0.92,cone,cone
9854,41,39,1.0512820512820513,jl,cone
9855,12,18,0.6666666666666666,jl,jl
9856,20,20,1.0,cone,cone
9857,10,10,1.0,lateral,lateral
9858,31,26,1.1923076923076923,cone,cone
9859,53,39,1.358974358974359,cone,cone
9860,14,15,0.9333333333333333,cone,cone
9861,80,26,3.076923076923077,cone,cone
9862,48,26,1.8461538461538463,cone,cone
9863,44,39,1.1282051282051282,cone,cone
9864,5,11,0.45454545454545453,jl,jl
9865,31,27,1.1481481481481481,cone,cone
9866,14,18,0.7777777777777778,jl,jl
9867,9,12,0.75,collision,collision
9868,45,47,0.9574468085106383,jl,lateral
9869,43,39,1.1025641025641026,jl,cone
9870,76,31,2.4516129032258065,lateral,cone
9871,19,18,1.0555555555555556,cone,cone
9872,12,33,0.36363636363636365,jl,cone
9873,25,27,0.9259259259259259,cone,cone
9874,18,18,1.0,cone,cone
9875,16,15,1.0666666666666667,cone,cone
9876,19,19,1.0,lateral,lateral
9877,27,36,0.75,cone,cone
9878,16,30,0.5333333333333333,jl,cone
9879,79,62,1.2741935483870968,jl,cone
9880,39,25,1.56,cone,cone
9881,31,26,1.1923076923076923,jl,cone
9882,26,26,1.0,cone,cone
9883,25,27,0.9259259259259259,jl,cone
9884,50,48,1.0416666666666667,lateral,cone
9885,55,41,1.3414634146341464,cone,cone
9886,53,52,1.0192307692307692,cone,cone
9887,81,85,0.9529411764705882,cone,cone
9888,21,29,0.7241379310344828,jl,jl
9889,62,40,1.55,cone,cone
9890,6,14,0.42857142857142855,jl,jl
9891,83,57,1.456140350877193,cone,cone
9892,5,17,0.29411764705882354,jl,cone
9893,14,14,1.0,cone,cone
9894,10,14,0.7142857142857143,collision,collision
9895,143,25,5.72,cone,cone
9896,18,38,0.47368421052631576,jl,cone
9897,26,22,1.1818181818181819,cone,cone
9898,32,42,0.7619047619047619,jl,cone
9899,7,30,0.23333333333333334,jl,cone
9900,20,19,1.0526315789473684,cone,cone
9901,23,29,0.7931034482758621,cone,cone
9902,77,66,1.1666666666666667,cone,cone
9903,15,17,0.8823529411764706,jl,cone
9904,44,44,1.0,lateral,lateral
9905,95,30,3.1666666666666665,jl,cone
9906,58,30,1.9333333333333333,cone,cone
9907,34,28,1.2142857142857142,cone,cone
9908,33,30,1.1,collision,cone
9909,39,42,0.9285714285714286,cone,cone
9910,34,49,0.6938775510204082,collision,jl
9911,51,44,1.1590909090909092,cone,cone
9912,15,16,0.9375,lateral,lateral
9913,37,34,1.088235294117647,cone,cone
9914,39,37,1.054054054054054,cone,cone
9915,57,31,1.8387096774193548,cone,cone
9916,56,41,1.3658536585365855,cone,cone
9917,23,20,1.15,cone,cone
9918,36,29,1.2413793103448276,cone,cone
9919,45,33,1.3636363636363635,cone,cone
9920,20,19,1.0526315789473684,cone,cone
9921,37,31,1.1935483870967742,cone,cone
9922,56,56,1.0,lateral,lateral
9923,34,34,1.0,cone,cone
9924,13,27,0.48148148148148145,jl,cone
9925,72,32,2.25,jl,cone
9926,99,98,1.010204081632653,cone,cone
9927,42,28,1.5,jl,cone
9928,1,50,0.02,jl,lateral
9929,22,22,1.0,cone,cone
9930,78,73,1.0684931506849316,cone,cone
9931,29,31,0.9354838709677419,jl,jl
9932,54,26,2.076923076923077,cone,cone
9933,18,21,0.8571428571428571,jl,cone
9934,15,15,1.0,cone,cone
9935,5,29,0.1724137931034483,jl,cone
9936,36,43,0.8372093023255814,cone,cone
9937,35,36,0.9722222222222222,cone,cone
9938,107,36,2.9722222222222223,cone,cone
9939,56,55,1.018181818181818,cone,cone
9940,61,47,1.297872340425532,lateral,cone
9941,16,16,1.0,cone,cone
9942,63,66,0.9545454545454546,cone,cone
9943,41,25,1.64,jl,cone
9944,97,33,2.9393939393939394,cone,cone
9945,53,46,1.1521739130434783,lateral,cone
9946,66,28,2.357142857142857,cone,cone
9947,17,58,0.29310344827586204,jl,cone
9948,21,20,1.05,cone,cone
9949,18,17,1.0588235294117647,cone,cone
9950,56,56,1.0,lateral,lateral
9951,16,50,0.32,jl,cone
9952,65,44,1.4772727272727273,jl,cone
9953,19,18,1.0555555555555556,cone,cone
9954,22,23,0.9565217391304348,cone,cone
9955,75,59,1.271186440677966,cone,cone
9956,32,30,1.0666666666666667,cone,cone
9957,9,15,0.6,jl,jl
9958,70,34,2.0588235294117645,cone,cone
9959,58,58,1.0,lateral,lateral
9960,22,21,1.0476190476190477,cone,cone
9961,31,29,1.0689655172413792,jl,cone
9962,37,34,1.088235294117647,cone,cone
9963,69,25,2.76,cone,cone
9964,49,38,1.2894736842105263,cone,cone
9965,22,21,1.0476190476190477,cone,cone
9966,34,17,2.0,cone,jl
9967,27,27,1.0,cone,cone
9968,43,52,0.8269230769230769,jl,cone
9969,49,33,1.4848484848484849,cone,cone
9970,64,47,1.3617021276595744,cone,cone
9971,60,41,1.4634146341463414,cone,cone
9972,78,69,1.1304347826086956,cone,cone
9973,50,19,2.6315789473684212,jl,cone
9974,57,30,1.9,cone,cone
9975,18,18,1.0,cone,cone
9976,77,34,2.264705882352941,cone,cone
9977,23,18,1.2777777777777777,cone,cone
9978,15,15,1.0,cone,cone
9979,13,24,0.5416666666666666,jl,cone
9980,72,63,1.1428571428571428,cone,cone
9981,49,47,1.0425531914893618,cone,cone
9982,81,50,1.62,cone,cone
9983,26,25,1.04,cone,cone
9984,35,35,1.0,lateral,lateral
9985,95,90,1.0555555555555556,cone,cone
9986,1,22,0.045454545454545456,jl,cone
9987,49,51,0.9607843137254902,jl,cone
9988,45,32,1.40625,cone,cone
9989,85,38,2.236842105263158,cone,cone
9990,20,21,0.9523809523809523,cone,cone
9991,39,20,1.95,jl,cone
9992,80,49,1.6326530612244898,cone,cone
9993,40,34,1.1764705882352942,cone,cone
9994,86,30,2.8666666666666667,cone,cone
9995,26,20,1.3,jl,jl
9996,26,25,1.04,cone,cone
9997,27,19,1.4210526315789473,cone,jl
9998,30,30,1.0,lateral,lateral
9999,72,59,1.2203389830508475,cone,cone
