task_id,T_rl,T_base,ratio_rl_base,term_rl,term_base
0,30,25,1.2,cone,cone
1,32,23,1.391304347826087,cone,cone
2,32,8,4.0,cone,jl
3,17,7,2.4285714285714284,collision,collision
4,111,28,3.9642857142857144,jl,jl
5,45,3,15.0,cone,jl
6,67,27,2.4814814814814814,jl,cone
7,43,9,4.777777777777778,cone,jl
8,26,16,1.625,cone,cone
9,31,8,3.875,jl,jl
10,109,16,6.8125,cone,cone
11,14,15,0.9333333333333333,jl,jl
12,30,14,2.142857142857143,cone,cone
13,23,12,1.9166666666666667,jl,jl
14,37,3,12.333333333333334,cone,jl
15,39,21,1.8571428571428572,cone,cone
16,59,43,1.372093023255814,jl,jl
17,28,21,1.3333333333333333,cone,cone
18,15,9,1.6666666666666667,jl,jl
19,6,5,1.2,jl,jl
20,59,2,29.5,jl,jl
21,46,36,1.2777777777777777,jl,cone
22,33,24,1.375,cone,cone
23,85,6,14.166666666666666,cone,jl
24,37,30,1.2333333333333334,jl,jl
25,22,25,0.88,cone,cone
26,43,38,1.131578947368421,cone,cone
27,23,21,1.0952380952380953,cone,cone
28,72,44,1.6363636363636365,cone,cone
29,23,23,1.0,lateral,lateral
30,74,49,1.510204081632653,cone,cone
31,135,24,5.625,cone,jl
32,30,22,1.3636363636363635,lateral,cone
33,97,19,5.105263157894737,cone,jl
34,8,2,4.0,jl,jl
35,24,19,1.263157894736842,lateral,cone
36,68,7,9.714285714285714,cone,jl
37,47,18,2.611111111111111,cone,cone
38,88,11,8.0,jl,jl
39,65,28,2.3214285714285716,cone,cone
40,49,16,3.0625,cone,jl
41,50,25,2.0,cone,jl
42,40,40,1.0,lateral,lateral
43,12,12,1.0,jl,jl
44,21,17,1.2352941176470589,cone,collision
45,61,37,1.6486486486486487,jl,jl
46,51,12,4.25,cone,jl
47,36,19,1.894736842105263,cone,cone
48,49,8,6.125,cone,jl
49,92,19,4.842105263157895,cone,cone
50,73,17,4.294117647058823,cone,jl
51,23,32,0.71875,jl,cone
52,13,4,3.25,jl,jl
53,20,14,1.4285714285714286,collision,collision
54,34,35,0.9714285714285714,cone,jl
55,24,18,1.3333333333333333,jl,jl
56,14,14,1.0,lateral,lateral
57,45,6,7.5,cone,jl
58,19,18,1.0555555555555556,cone,cone
59,20,8,2.5,cone,jl
60,77,32,2.40625,cone,cone
61,81,21,3.857142857142857,cone,jl
62,21,18,1.1666666666666667,cone,cone
63,76,12,6.333333333333333,cone,jl
64,92,28,3.2857142857142856,cone,jl
65,35,13,2.6923076923076925,lateral,jl
66,88,22,4.0,cone,jl
67,41,25,1.64,jl,jl
68,39,16,2.4375,jl,jl
69,35,30,1.1666666666666667,cone,cone
70,40,40,1.0,lateral,lateral
71,35,13,2.6923076923076925,jl,jl
72,22,23,0.9565217391304348,cone,cone
73,13,9,1.4444444444444444,jl,jl
74,14,7,2.0,jl,jl
75,46,23,2.0,jl,cone
76,29,27,1.0740740740740742,cone,jl
77,20,16,1.25,cone,cone
78,12,12,1.0,lateral,lateral
79,15,5,3.0,jl,jl
80,47,28,1.6785714285714286,cone,cone
81,20,14,1.4285714285714286,cone,cone
82,94,20,4.7,cone,jl
83,83,30,2.7666666666666666,cone,cone
84,34,14,2.4285714285714284,cone,jl
85,81,57,1.4210526315789473,cone,jl
86,110,26,4.230769230769231,cone,cone
87,15,13,1.1538461538461537,cone,cone
88,28,11,2.5454545454545454,cone,jl
89,53,8,6.625,jl,jl
90,24,16,1.5,cone,cone
91,64,5,12.8,cone,jl
92,16,6,2.6666666666666665,jl,jl
93,48,29,1.6551724137931034,cone,cone
94,35,3,11.666666666666666,cone,jl
95,29,21,1.380952380952381,cone,cone
96,14,14,1.0,lateral,lateral
97,50,27,1.8518518518518519,cone,jl
98,34,14,2.4285714285714284,cone,collision
99,48,32,1.5,cone,cone
100,27,25,1.08,cone,cone
101,24,2,12.0,cone,jl
102,30,7,4.285714285714286,jl,jl
103,19,20,0.95,jl,jl
104,15,14,1.0714285714285714,cone,cone
105,57,17,3.3529411764705883,jl,jl
106,11,10,1.1,jl,jl
107,28,17,1.6470588235294117,cone,cone
108,49,21,2.3333333333333335,cone,jl
109,26,7,3.7142857142857144,jl,jl
110,15,14,1.0714285714285714,cone,cone
111,62,19,3.263157894736842,lateral,cone
112,21,7,3.0,cone,jl
113,38,22,1.7272727272727273,jl,jl
114,32,32,1.0,lateral,lateral
115,33,22,1.5,jl,jl
116,64,20,3.2,cone,cone
117,39,12,3.25,cone,jl
118,20,22,0.9090909090909091,jl,collision
119,41,2,20.5,cone,jl
120,26,3,8.666666666666666,cone,jl
121,58,40,1.45,lateral,jl
122,40,4,10.0,cone,jl
123,17,13,1.3076923076923077,jl,jl
124,13,13,1.0,cone,cone
125,8,8,1.0,collision,collision
126,13,5,2.6,jl,jl
127,50,28,1.7857142857142858,cone,cone
128,38,2,19.0,cone,jl
129,43,17,2.5294117647058822,lateral,jl
130,95,8,11.875,cone,jl
131,22,19,1.1578947368421053,cone,cone
132,17,8,2.125,cone,jl
133,14,6,2.3333333333333335,jl,jl
134,109,12,9.083333333333334,cone,cone
135,39,40,0.975,cone,cone
136,51,38,1.3421052631578947,cone,cone
137,20,8,2.5,cone,jl
138,36,14,2.5714285714285716,cone,jl
139,32,23,1.391304347826087,cone,cone
140,24,4,6.0,cone,jl
141,32,8,4.0,cone,jl
142,38,22,1.7272727272727273,jl,jl
143,9,11,0.8181818181818182,collision,collision
144,29,7,4.142857142857143,cone,jl
145,62,20,3.1,lateral,jl
146,78,33,2.3636363636363638,cone,cone
147,32,12,2.6666666666666665,cone,jl
148,74,25,2.96,jl,jl
149,32,20,1.6,cone,jl
150,54,17,3.176470588235294,cone,jl
151,86,2,43.0,cone,jl
152,31,19,1.631578947368421,lateral,jl
153,84,11,7.636363636363637,cone,jl
154,11,6,1.8333333333333333,jl,jl
155,20,10,2.0,cone,collision
156,12,2,6.0,collision,jl
157,61,22,2.772727272727273,cone,cone
158,30,18,1.6666666666666667,cone,jl
159,63,30,2.1,cone,cone
160,66,27,2.4444444444444446,jl,jl
161,47,28,1.6785714285714286,cone,jl
162,26,4,6.5,cone,jl
163,36,6,6.0,jl,jl
164,44,34,1.2941176470588236,cone,cone
165,24,24,1.0,lateral,lateral
166,19,19,1.0,cone,cone
167,47,4,11.75,cone,jl
168,66,40,1.65,jl,cone
169,29,26,1.1153846153846154,cone,cone
170,32,29,1.103448275862069,lateral,cone
171,21,20,1.05,cone,cone
172,53,35,1.5142857142857142,jl,jl
173,65,9,7.222222222222222,cone,jl
174,71,30,2.3666666666666667,cone,cone
175,29,7,4.142857142857143,jl,jl
176,5,7,0.7142857142857143,jl,jl
177,20,8,2.5,jl,jl
178,46,19,2.4210526315789473,cone,cone
179,16,15,1.0666666666666667,jl,cone
180,16,15,1.0666666666666667,jl,jl
181,19,17,1.1176470588235294,cone,cone
182,38,16,2.375,cone,jl
183,21,21,1.0,lateral,lateral
184,26,21,1.2380952380952381,jl,jl
185,18,18,1.0,cone,cone
186,43,18,2.388888888888889,cone,jl
187,94,34,2.764705882352941,cone,jl
188,77,12,6.416666666666667,cone,jl
189,55,22,2.5,cone,cone
190,20,18,1.1111111111111112,jl,jl
191,14,14,1.0,lateral,lateral
192,27,22,1.2272727272727273,cone,cone
193,19,3,6.333333333333333,lateral,jl
194,19,26,0.7307692307692307,jl,jl
195,21,21,1.0,cone,cone
196,91,11,8.272727272727273,cone,jl
197,101,18,5.611111111111111,cone,jl
198,82,29,2.8275862068965516,cone,cone
199,29,26,1.1153846153846154,cone,cone
200,43,12,3.5833333333333335,lateral,jl
201,31,25,1.24,cone,cone
202,17,16,1.0625,cone,cone
203,32,41,0.7804878048780488,jl,cone
204,60,57,1.0526315789473684,jl,cone
205,59,2,29.5,lateral,jl
206,92,5,18.4,cone,jl
207,13,16,0.8125,jl,cone
208,13,16,0.8125,jl,cone
209,76,13,5.846153846153846,cone,jl
210,29,4,7.25,cone,jl
211,28,3,9.333333333333334,cone,jl
212,76,27,2.814814814814815,cone,cone
213,14,7,2.0,collision,collision
214,20,13,1.5384615384615385,jl,jl
215,25,3,8.333333333333334,cone,jl
216,46,16,2.875,jl,jl
217,29,17,1.7058823529411764,cone,cone
218,55,24,2.2916666666666665,cone,jl
219,22,9,2.4444444444444446,cone,jl
220,21,7,3.0,jl,jl
221,3,3,1.0,jl,jl
222,69,39,1.7692307692307692,jl,jl
223,36,35,1.0285714285714285,lateral,cone
224,30,11,2.727272727272727,cone,jl
225,15,22,0.6818181818181818,jl,jl
226,44,23,1.9130434782608696,cone,jl
227,82,11,7.454545454545454,cone,cone
228,38,15,2.533333333333333,jl,jl
229,64,21,3.0476190476190474,cone,cone
230,21,13,1.6153846153846154,jl,jl
231,9,7,1.2857142857142858,collision,jl
232,22,17,1.2941176470588236,lateral,cone
233,53,52,1.0192307692307692,lateral,lateral
234,69,51,1.3529411764705883,cone,cone
235,23,11,2.090909090909091,cone,jl
236,101,25,4.04,cone,cone
237,23,23,1.0,lateral,lateral
238,66,48,1.375,jl,cone
239,47,27,1.7407407407407407,cone,cone
240,28,6,4.666666666666667,jl,jl
241,43,10,4.3,lateral,jl
242,31,1,31.0,jl,jl
243,12,4,3.0,jl,jl
244,41,23,1.7826086956521738,cone,cone
245,17,5,3.4,cone,jl
246,17,7,2.4285714285714284,jl,jl
247,14,14,1.0,lateral,lateral
248,74,24,3.0833333333333335,cone,cone
249,8,8,1.0,collision,collision
250,63,32,1.96875,cone,jl
251,49,34,1.4411764705882353,cone,cone
252,62,10,6.2,cone,jl
253,49,29,1.6896551724137931,cone,cone
254,24,38,0.631578947368421,jl,jl
255,21,12,1.75,cone,jl
256,21,10,2.1,cone,jl
257,7,4,1.75,jl,jl
258,40,19,2.1052631578947367,jl,jl
259,20,20,1.0,cone,cone
260,48,29,1.6551724137931034,cone,cone
261,46,13,3.5384615384615383,cone,jl
262,18,10,1.8,cone,jl
263,17,26,0.6538461538461539,cone,cone
264,29,23,1.2608695652173914,cone,cone
265,8,10,0.8,jl,jl
266,35,31,1.1290322580645162,jl,cone
267,15,8,1.875,cone,jl
268,24,5,4.8,cone,jl
269,26,12,2.1666666666666665,cone,jl
270,73,10,7.3,cone,cone
271,21,2,10.5,cone,jl
272,85,40,2.125,cone,jl
273,22,3,7.333333333333333,cone,jl
274,105,54,1.9444444444444444,jl,cone
275,27,22,1.2272727272727273,lateral,cone
276,21,15,1.4,cone,jl
277,79,25,3.16,cone,cone
278,28,22,1.2727272727272727,cone,cone
279,37,21,1.7619047619047619,cone,cone
280,64,15,4.266666666666667,cone,jl
281,80,9,8.88888888888889,cone,jl
282,26,2,13.0,jl,jl
283,40,20,2.0,cone,cone
284,26,26,1.0,cone,cone
285,20,16,1.25,cone,cone
286,17,15,1.1333333333333333,cone,cone
287,17,7,2.4285714285714284,cone,jl
288,39,29,1.3448275862068966,cone,cone
289,96,28,3.4285714285714284,cone,cone
290,22,26,0.8461538461538461,jl,cone
291,25,2,12.5,jl,jl
292,18,14,1.2857142857142858,lateral,jl
293,24,6,4.0,jl,jl
294,61,4,15.25,lateral,jl
295,38,29,1.3103448275862069,cone,cone
296,44,21,2.0952380952380953,cone,cone
297,81,5,16.2,cone,jl
298,37,18,2.0555555555555554,cone,jl
299,28,18,1.5555555555555556,jl,jl
300,17,17,1.0,cone,cone
301,17,14,1.2142857142857142,cone,cone
302,29,21,1.380952380952381,jl,jl
303,34,8,4.25,jl,jl
304,27,27,1.0,lateral,lateral
305,16,24,0.6666666666666666,jl,jl
306,27,10,2.7,cone,jl
307,37,5,7.4,lateral,jl
308,51,10,5.1,jl,jl
309,23,16,1.4375,cone,jl
310,47,23,2.0434782608695654,cone,jl
311,18,17,1.0588235294117647,lateral,lateral
312,17,2,8.5,jl,jl
313,48,18,2.6666666666666665,cone,cone
314,6,3,2.0,jl,jl
315,1,1,1.0,jl,jl
316,38,13,2.923076923076923,lateral,jl
317,26,2,13.0,jl,jl
318,34,24,1.4166666666666667,cone,cone
319,51,17,3.0,cone,cone
320,36,16,2.25,cone,cone
321,10,10,1.0,jl,collision
322,63,17,3.7058823529411766,cone,cone
323,51,27,1.8888888888888888,jl,cone
324,8,15,0.5333333333333333,jl,jl
325,67,41,1.6341463414634145,cone,cone
326,23,6,3.8333333333333335,cone,jl
327,52,1,52.0,jl,jl
328,29,26,1.1153846153846154,cone,cone
329,47,31,1.5161290322580645,cone,cone
330,28,25,1.12,cone,cone
331,19,13,1.4615384615384615,jl,jl
332,118,20,5.9,cone,cone
333,24,5,4.8,cone,jl
334,103,9,11.444444444444445,cone,collision
335,22,17,1.2941176470588236,cone,cone
336,73,6,12.166666666666666,jl,jl
337,50,8,6.25,jl,jl
338,35,15,2.3333333333333335,cone,cone
339,69,39,1.7692307692307692,cone,cone
340,22,19,1.1578947368421053,cone,cone
341,32,8,4.0,jl,collision
342,52,24,2.1666666666666665,cone,jl
343,1,2,0.5,jl,jl
344,43,14,3.0714285714285716,lateral,jl
345,24,13,1.8461538461538463,cone,jl
346,57,19,3.0,jl,jl
347,57,47,1.2127659574468086,cone,jl
348,6,15,0.4,jl,jl
349,36,27,1.3333333333333333,cone,cone
350,42,8,5.25,jl,jl
351,37,32,1.15625,cone,cone
352,71,37,1.9189189189189189,lateral,cone
353,27,12,2.25,cone,jl
354,30,25,1.2,cone,cone
355,98,41,2.3902439024390243,cone,jl
356,50,24,2.0833333333333335,cone,jl
357,45,41,1.0975609756097562,cone,jl
358,94,18,5.222222222222222,cone,cone
359,17,19,0.8947368421052632,jl,jl
360,18,4,4.5,cone,jl
361,28,28,1.0,cone,cone
362,76,71,1.0704225352112675,jl,cone
363,34,24,1.4166666666666667,jl,cone
364,39,2,19.5,cone,jl
365,55,22,2.5,jl,cone
366,15,1,15.0,cone,jl
367,57,28,2.0357142857142856,cone,cone
368,48,19,2.526315789473684,jl,collision
369,34,33,1.0303030303030303,cone,cone
370,22,13,1.6923076923076923,cone,jl
371,62,20,3.1,cone,jl
372,92,40,2.3,cone,cone
373,21,15,1.4,cone,jl
374,26,20,1.3,cone,cone
375,17,15,1.1333333333333333,cone,jl
376,65,47,1.3829787234042554,cone,cone
377,31,33,0.9393939393939394,cone,cone
378,6,6,1.0,jl,jl
379,32,28,1.1428571428571428,cone,cone
380,77,8,9.625,lateral,jl
381,40,36,1.1111111111111112,cone,cone
382,24,13,1.8461538461538463,cone,jl
383,23,6,3.8333333333333335,cone,jl
384,6,3,2.0,jl,collision
385,58,6,9.666666666666666,cone,jl
386,26,18,1.4444444444444444,lateral,jl
387,78,13,6.0,lateral,jl
388,79,16,4.9375,cone,jl
389,53,20,2.65,lateral,cone
390,61,6,10.166666666666666,cone,jl
391,35,35,1.0,lateral,jl
392,33,18,1.8333333333333333,cone,jl
393,23,19,1.2105263157894737,cone,cone
394,34,34,1.0,lateral,lateral
395,64,17,3.764705882352941,cone,cone
396,17,14,1.2142857142857142,jl,jl
397,67,18,3.7222222222222223,cone,cone
398,62,29,2.1379310344827585,cone,cone
399,26,48,0.5416666666666666,cone,cone
400,68,24,2.8333333333333335,lateral,jl
401,40,16,2.5,cone,jl
402,45,14,3.2142857142857144,cone,cone
403,8,3,2.6666666666666665,jl,jl
404,25,25,1.0,cone,cone
405,7,3,2.3333333333333335,collision,collision
406,26,10,2.6,jl,jl
407,21,11,1.9090909090909092,cone,jl
408,46,13,3.5384615384615383,cone,jl
409,18,18,1.0,lateral,lateral
410,55,18,3.0555555555555554,cone,jl
411,58,17,3.411764705882353,cone,cone
412,27,28,0.9642857142857143,cone,cone
413,96,7,13.714285714285714,cone,jl
414,46,2,23.0,cone,jl
415,43,21,2.0476190476190474,cone,cone
416,64,36,1.7777777777777777,cone,jl
417,60,19,3.1578947368421053,jl,cone
418,26,20,1.3,cone,cone
419,37,7,5.285714285714286,cone,jl
420,7,6,1.1666666666666667,jl,jl
421,1,1,1.0,jl,jl
422,22,4,5.5,cone,jl
423,27,2,13.5,cone,jl
424,56,25,2.24,cone,jl
425,21,14,1.5,cone,cone
426,65,31,2.096774193548387,cone,cone
427,15,14,1.0714285714285714,cone,cone
428,41,40,1.025,lateral,cone
429,14,8,1.75,jl,jl
430,83,45,1.8444444444444446,cone,jl
431,53,25,2.12,cone,cone
432,59,16,3.6875,cone,jl
433,29,25,1.16,cone,cone
434,29,25,1.16,cone,cone
435,63,3,21.0,jl,jl
436,47,19,2.473684210526316,cone,jl
437,56,9,6.222222222222222,cone,jl
438,71,35,2.0285714285714285,cone,cone
439,27,1,27.0,cone,jl
440,61,30,2.033333333333333,cone,cone
441,122,17,7.176470588235294,cone,cone
442,45,42,1.0714285714285714,cone,cone
443,17,7,2.4285714285714284,jl,jl
444,29,2,14.5,cone,jl
445,11,7,1.5714285714285714,jl,jl
446,77,51,1.5098039215686274,cone,jl
447,65,49,1.3265306122448979,lateral,jl
448,24,17,1.411764705882353,cone,cone
449,25,2,12.5,cone,jl
450,20,6,3.3333333333333335,jl,jl
451,26,14,1.8571428571428572,jl,jl
452,29,20,1.45,cone,cone
453,35,10,3.5,jl,jl
454,23,16,1.4375,cone,jl
455,48,11,4.363636363636363,cone,jl
456,59,24,2.4583333333333335,jl,jl
457,3,10,0.3,jl,jl
458,38,29,1.3103448275862069,cone,cone
459,25,20,1.25,cone,cone
460,30,26,1.1538461538461537,cone,cone
461,38,20,1.9,cone,cone
462,80,25,3.2,cone,jl
463,31,6,5.166666666666667,cone,jl
464,40,24,1.6666666666666667,jl,jl
465,42,5,8.4,cone,jl
466,20,11,1.8181818181818181,cone,jl
467,25,6,4.166666666666667,jl,jl
468,63,75,0.84,jl,jl
469,20,19,1.0526315789473684,cone,cone
470,54,40,1.35,jl,jl
471,13,13,1.0,cone,cone
472,23,7,3.2857142857142856,cone,jl
473,43,14,3.0714285714285716,jl,collision
474,25,21,1.1904761904761905,cone,jl
475,15,5,3.0,jl,jl
476,10,2,5.0,jl,jl
477,32,2,16.0,cone,jl
478,14,16,0.875,jl,jl
479,33,25,1.32,jl,cone
480,26,21,1.2380952380952381,collision,jl
481,89,13,6.846153846153846,cone,jl
482,21,20,1.05,cone,cone
483,63,37,1.7027027027027026,cone,cone
484,42,36,1.1666666666666667,cone,cone
485,14,6,2.3333333333333335,jl,jl
486,25,23,1.0869565217391304,cone,cone
487,71,30,2.3666666666666667,cone,jl
488,17,18,0.9444444444444444,cone,cone
489,41,41,1.0,jl,cone
490,30,59,0.5084745762711864,cone,jl
491,20,20,1.0,lateral,lateral
492,27,25,1.08,cone,cone
493,43,9,4.777777777777778,cone,jl
494,17,17,1.0,cone,cone
495,6,9,0.6666666666666666,collision,collision
496,71,8,8.875,cone,jl
497,33,23,1.434782608695652,cone,cone
498,18,17,1.0588235294117647,cone,cone
499,11,3,3.6666666666666665,jl,jl
500,60,29,2.0689655172413794,cone,cone
501,5,31,0.16129032258064516,jl,cone
502,23,33,0.696969696969697,cone,cone
503,17,17,1.0,cone,cone
504,69,37,1.864864864864865,cone,cone
505,22,23,0.9565217391304348,cone,jl
506,17,16,1.0625,cone,cone
507,32,21,1.5238095238095237,jl,jl
508,117,3,39.0,cone,jl
509,31,20,1.55,cone,cone
510,42,14,3.0,jl,jl
511,13,17,0.7647058823529411,collision,jl
512,22,100,0.22,cone,jl
513,34,20,1.7,cone,cone
514,34,21,1.619047619047619,cone,cone
515,27,27,1.0,cone,cone
516,24,19,1.263157894736842,cone,cone
517,47,16,2.9375,cone,jl
518,35,32,1.09375,jl,jl
519,28,5,5.6,cone,jl
520,33,20,1.65,jl,jl
521,19,53,0.3584905660377358,jl,cone
522,29,30,0.9666666666666667,jl,cone
523,39,19,2.0526315789473686,cone,cone
524,12,11,1.0909090909090908,cone,cone
525,26,12,2.1666666666666665,cone,jl
526,42,11,3.8181818181818183,jl,jl
527,13,6,2.1666666666666665,jl,jl
528,14,3,4.666666666666667,jl,jl
529,54,16,3.375,cone,jl
530,43,23,1.8695652173913044,cone,jl
531,17,32,0.53125,jl,jl
532,72,7,10.285714285714286,cone,jl
533,14,2,7.0,jl,jl
534,37,8,4.625,cone,jl
535,54,29,1.8620689655172413,lateral,cone
536,25,23,1.0869565217391304,cone,cone
537,25,1,25.0,lateral,jl
538,47,60,0.7833333333333333,cone,cone
539,11,21,0.5238095238095238,jl,jl
540,63,28,2.25,cone,jl
541,36,6,6.0,lateral,jl
542,6,3,2.0,jl,jl
543,18,10,1.8,cone,jl
544,20,14,1.4285714285714286,lateral,jl
545,27,13,2.076923076923077,cone,jl
546,12,23,0.5217391304347826,jl,jl
547,46,29,1.5862068965517242,cone,cone
548,42,30,1.4,cone,jl
549,13,7,1.8571428571428572,jl,jl
550,8,5,1.6,jl,jl
551,30,9,3.3333333333333335,jl,jl
552,85,26,3.269230769230769,cone,jl
553,46,17,2.7058823529411766,jl,jl
554,15,15,1.0,jl,jl
555,8,6,1.3333333333333333,jl,jl
556,100,3,33.333333333333336,cone,jl
557,40,13,3.076923076923077,jl,jl
558,52,34,1.5294117647058822,jl,jl
559,41,25,1.64,cone,cone
560,39,26,1.5,cone,jl
561,46,16,2.875,cone,jl
562,29,19,1.5263157894736843,cone,cone
563,64,26,2.4615384615384617,cone,cone
564,18,18,1.0,cone,cone
565,44,22,2.0,cone,cone
566,55,30,1.8333333333333333,cone,cone
567,23,21,1.0952380952380953,cone,cone
568,79,37,2.135135135135135,cone,cone
569,38,26,1.4615384615384615,jl,jl
570,80,28,2.857142857142857,jl,cone
571,104,20,5.2,cone,cone
572,20,18,1.1111111111111112,jl,jl
573,13,21,0.6190476190476191,jl,cone
574,29,1,29.0,cone,jl
575,26,16,1.625,jl,cone
576,22,12,1.8333333333333333,jl,jl
577,31,3,10.333333333333334,cone,jl
578,40,46,0.8695652173913043,cone,cone
579,29,4,7.25,cone,jl
580,58,23,2.5217391304347827,cone,cone
581,17,8,2.125,cone,jl
582,12,12,1.0,cone,cone
583,50,16,3.125,cone,cone
584,42,27,1.5555555555555556,cone,cone
585,32,25,1.28,cone,cone
586,30,23,1.3043478260869565,cone,jl
587,61,29,2.103448275862069,cone,cone
588,19,7,2.7142857142857144,cone,jl
589,74,17,4.352941176470588,cone,jl
590,25,30,0.8333333333333334,jl,jl
591,19,17,1.1176470588235294,cone,jl
592,31,22,1.4090909090909092,jl,jl
593,96,42,2.2857142857142856,jl,jl
594,101,58,1.7413793103448276,cone,cone
595,19,16,1.1875,cone,cone
596,57,9,6.333333333333333,cone,jl
597,41,36,1.1388888888888888,cone,cone
598,105,15,7.0,cone,jl
599,41,7,5.857142857142857,cone,jl
600,57,19,3.0,cone,cone
601,43,4,10.75,cone,jl
602,110,63,1.746031746031746,cone,cone
603,19,11,1.7272727272727273,cone,jl
604,36,37,0.972972972972973,cone,cone
605,17,24,0.7083333333333334,collision,collision
606,67,26,2.576923076923077,cone,jl
607,55,4,13.75,cone,jl
608,53,18,2.9444444444444446,cone,cone
609,67,22,3.0454545454545454,cone,jl
610,42,28,1.5,cone,cone
611,28,24,1.1666666666666667,jl,jl
612,56,18,3.111111111111111,lateral,jl
613,31,25,1.24,lateral,cone
614,34,21,1.619047619047619,cone,cone
615,58,20,2.9,cone,jl
616,71,8,8.875,cone,collision
617,68,40,1.7,cone,cone
618,45,7,6.428571428571429,cone,jl
619,26,25,1.04,cone,cone
620,21,8,2.625,cone,jl
621,72,26,2.769230769230769,cone,jl
622,33,29,1.1379310344827587,cone,cone
623,31,19,1.631578947368421,lateral,jl
624,67,23,2.9130434782608696,cone,cone
625,93,16,5.8125,cone,cone
626,30,1,30.0,cone,jl
627,25,21,1.1904761904761905,cone,cone
628,75,23,3.260869565217391,cone,jl
629,42,32,1.3125,jl,jl
630,44,17,2.588235294117647,cone,cone
631,56,20,2.8,cone,jl
632,23,22,1.0454545454545454,cone,cone
633,62,49,1.2653061224489797,cone,cone
634,21,15,1.4,cone,cone
635,49,26,1.8846153846153846,jl,jl
636,12,11,1.0909090909090908,cone,cone
637,18,14,1.2857142857142858,cone,cone
638,48,25,1.92,cone,cone
639,121,13,9.307692307692308,cone,collision
640,56,55,1.018181818181818,lateral,lateral
641,61,27,2.259259259259259,cone,cone
642,43,19,2.263157894736842,cone,cone
643,13,26,0.5,jl,cone
644,26,22,1.1818181818181819,cone,cone
645,78,48,1.625,jl,jl
646,91,33,2.757575757575758,cone,cone
647,17,13,1.3076923076923077,cone,jl
648,63,47,1.3404255319148937,lateral,jl
649,40,28,1.4285714285714286,cone,cone
650,37,22,1.6818181818181819,cone,cone
651,94,9,10.444444444444445,cone,jl
652,59,26,2.269230769230769,cone,cone
653,56,23,2.4347826086956523,cone,cone
654,78,14,5.571428571428571,cone,jl
655,30,30,1.0,cone,cone
656,5,9,0.5555555555555556,jl,jl
657,106,7,15.142857142857142,lateral,jl
658,14,2,7.0,jl,jl
659,48,3,16.0,cone,jl
660,28,14,2.0,jl,jl
661,48,3,16.0,cone,jl
662,72,7,10.285714285714286,cone,jl
663,73,4,18.25,cone,jl
664,32,13,2.4615384615384617,cone,cone
665,76,17,4.470588235294118,cone,jl
666,27,20,1.35,cone,cone
667,23,23,1.0,cone,cone
668,41,2,20.5,cone,jl
669,23,30,0.7666666666666667,cone,cone
670,51,41,1.2439024390243902,cone,cone
671,27,25,1.08,cone,cone
672,18,6,3.0,cone,jl
673,58,5,11.6,cone,jl
674,51,17,3.0,cone,jl
675,32,12,2.6666666666666665,cone,jl
676,35,26,1.3461538461538463,cone,jl
677,52,40,1.3,jl,jl
678,21,14,1.5,cone,cone
679,47,26,1.8076923076923077,collision,jl
680,52,19,2.736842105263158,cone,jl
681,28,6,4.666666666666667,cone,jl
682,76,35,2.1714285714285713,cone,jl
683,27,23,1.173913043478261,jl,cone
684,35,21,1.6666666666666667,cone,cone
685,71,33,2.1515151515151514,jl,cone
686,96,24,4.0,cone,cone
687,43,34,1.2647058823529411,cone,cone
688,26,25,1.04,jl,jl
689,20,12,1.6666666666666667,cone,cone
690,36,22,1.6363636363636365,cone,cone
691,91,43,2.116279069767442,cone,cone
692,77,34,2.264705882352941,cone,cone
693,14,15,0.9333333333333333,lateral,lateral
694,18,6,3.0,cone,jl
695,47,19,2.473684210526316,jl,jl
696,42,12,3.5,cone,jl
697,66,17,3.8823529411764706,cone,cone
698,42,18,2.3333333333333335,cone,cone
699,35,3,11.666666666666666,jl,jl
700,19,12,1.5833333333333333,lateral,jl
701,98,11,8.909090909090908,cone,cone
702,34,8,4.25,cone,jl
703,58,22,2.6363636363636362,jl,jl
704,39,23,1.6956521739130435,cone,jl
705,24,16,1.5,cone,jl
706,49,17,2.8823529411764706,cone,jl
707,56,19,2.9473684210526314,cone,jl
708,26,7,3.7142857142857144,jl,jl
709,10,4,2.5,jl,jl
710,20,26,0.7692307692307693,jl,jl
711,69,27,2.5555555555555554,lateral,cone
712,21,12,1.75,jl,jl
713,73,18,4.055555555555555,cone,jl
714,109,22,4.954545454545454,cone,cone
715,52,7,7.428571428571429,cone,jl
716,21,9,2.3333333333333335,cone,jl
717,19,4,4.75,jl,jl
718,23,17,1.3529411764705883,cone,cone
719,18,12,1.5,jl,jl
720,58,45,1.288888888888889,cone,cone
721,45,34,1.3235294117647058,cone,cone
722,19,18,1.0555555555555556,cone,cone
723,12,12,1.0,cone,cone
724,51,18,2.8333333333333335,cone,cone
725,41,36,1.1388888888888888,cone,cone
726,20,16,1.25,jl,jl
727,32,22,1.4545454545454546,cone,cone
728,31,20,1.55,lateral,jl
729,19,11,1.7272727272727273,cone,jl
730,50,31,1.6129032258064515,cone,cone
731,13,13,1.0,cone,cone
732,32,32,1.0,lateral,lateral
733,62,3,20.666666666666668,cone,jl
734,35,25,1.4,cone,cone
735,12,12,1.0,jl,jl
736,68,20,3.4,cone,cone
737,52,9,5.777777777777778,cone,jl
738,74,21,3.5238095238095237,cone,jl
739,25,21,1.1904761904761905,lateral,cone
740,49,20,2.45,jl,jl
741,16,15,1.0666666666666667,cone,cone
742,114,27,4.222222222222222,cone,cone
743,25,11,2.272727272727273,jl,cone
744,92,28,3.2857142857142856,cone,cone
745,96,18,5.333333333333333,cone,jl
746,27,34,0.7941176470588235,jl,jl
747,32,21,1.5238095238095237,cone,cone
748,24,8,3.0,cone,jl
749,63,12,5.25,cone,jl
750,13,13,1.0,cone,cone
751,28,24,1.1666666666666667,cone,cone
752,6,3,2.0,jl,jl
753,31,20,1.55,cone,cone
754,11,12,0.9166666666666666,jl,jl
755,27,15,1.8,jl,jl
756,22,10,2.2,jl,jl
757,19,30,0.6333333333333333,cone,cone
758,12,14,0.8571428571428571,collision,collision
759,69,21,3.2857142857142856,cone,cone
760,12,2,6.0,jl,jl
761,17,17,1.0,cone,cone
762,70,14,5.0,cone,jl
763,68,16,4.25,cone,jl
764,36,21,1.7142857142857142,cone,jl
765,19,17,1.1176470588235294,cone,cone
766,24,14,1.7142857142857142,cone,jl
767,25,5,5.0,cone,jl
768,41,32,1.28125,cone,cone
769,31,21,1.4761904761904763,cone,cone
770,32,15,2.1333333333333333,cone,jl
771,60,10,6.0,cone,jl
772,21,16,1.3125,lateral,cone
773,5,5,1.0,jl,jl
774,53,42,1.2619047619047619,jl,jl
775,21,19,1.105263157894737,cone,cone
776,41,34,1.2058823529411764,cone,cone
777,44,29,1.5172413793103448,jl,jl
778,33,20,1.65,jl,jl
779,42,26,1.6153846153846154,cone,cone
780,65,28,2.3214285714285716,jl,jl
781,39,19,2.0526315789473686,cone,jl
782,13,11,1.1818181818181819,cone,cone
783,23,17,1.3529411764705883,cone,jl
784,4,5,0.8,jl,jl
785,73,61,1.1967213114754098,lateral,cone
786,25,2,12.5,jl,jl
787,45,33,1.3636363636363635,jl,cone
788,22,10,2.2,cone,jl
789,19,21,0.9047619047619048,jl,jl
790,67,13,5.153846153846154,cone,jl
791,69,25,2.76,cone,cone
792,57,3,19.0,cone,jl
793,40,30,1.3333333333333333,cone,cone
794,78,48,1.625,jl,jl
795,12,11,1.0909090909090908,cone,cone
796,28,26,1.0769230769230769,cone,cone
797,21,17,1.2352941176470589,cone,cone
798,31,23,1.3478260869565217,cone,cone
799,31,6,5.166666666666667,cone,jl
800,13,21,0.6190476190476191,jl,jl
801,16,16,1.0,cone,cone
802,47,18,2.611111111111111,lateral,jl
803,32,16,2.0,lateral,jl
804,2,2,1.0,jl,jl
805,53,5,10.6,cone,jl
806,77,19,4.052631578947368,cone,jl
807,6,3,2.0,jl,jl
808,20,20,1.0,lateral,lateral
809,25,26,0.9615384615384616,cone,cone
810,20,11,1.8181818181818181,jl,jl
811,73,41,1.7804878048780488,cone,cone
812,28,18,1.5555555555555556,cone,cone
813,36,34,1.0588235294117647,jl,jl
814,110,30,3.6666666666666665,cone,cone
815,79,1,79.0,jl,jl
816,44,29,1.5172413793103448,cone,cone
817,59,27,2.185185185185185,cone,cone
818,21,4,5.25,cone,jl
819,48,29,1.6551724137931034,cone,jl
820,77,31,2.4838709677419355,cone,cone
821,54,30,1.8,cone,cone
822,10,10,1.0,lateral,lateral
823,25,16,1.5625,jl,jl
824,77,5,15.4,jl,jl
825,40,40,1.0,lateral,cone
826,30,17,1.7647058823529411,cone,jl
827,75,59,1.271186440677966,lateral,jl
828,72,14,5.142857142857143,cone,jl
829,78,41,1.9024390243902438,cone,jl
830,28,17,1.6470588235294117,jl,jl
831,24,21,1.1428571428571428,cone,cone
832,18,3,6.0,jl,jl
833,68,46,1.4782608695652173,collision,cone
834,29,7,4.142857142857143,jl,jl
835,103,14,7.357142857142857,cone,cone
836,59,38,1.5526315789473684,cone,jl
837,47,25,1.88,cone,jl
838,1,1,1.0,jl,jl
839,22,27,0.8148148148148148,jl,jl
840,60,21,2.857142857142857,cone,cone
841,90,22,4.090909090909091,lateral,cone
842,64,28,2.2857142857142856,cone,cone
843,46,25,1.84,lateral,cone
844,36,1,36.0,cone,jl
845,39,3,13.0,jl,jl
846,33,11,3.0,cone,jl
847,53,22,2.409090909090909,cone,jl
848,53,18,2.9444444444444446,collision,cone
849,53,12,4.416666666666667,cone,jl
850,8,8,1.0,collision,collision
851,64,8,8.0,cone,jl
852,45,17,2.6470588235294117,cone,jl
853,33,30,1.1,jl,jl
854,31,19,1.631578947368421,jl,cone
855,101,8,12.625,jl,jl
856,18,16,1.125,cone,cone
857,13,13,1.0,cone,cone
858,23,18,1.2777777777777777,cone,cone
859,36,20,1.8,cone,cone
860,74,36,2.0555555555555554,jl,cone
861,35,16,2.1875,cone,jl
862,35,12,2.9166666666666665,jl,jl
863,49,14,3.5,cone,jl
864,109,18,6.055555555555555,cone,cone
865,46,17,2.7058823529411766,cone,jl
866,10,8,1.25,jl,jl
867,30,10,3.0,cone,jl
868,16,16,1.0,lateral,lateral
869,55,53,1.0377358490566038,jl,collision
870,49,52,0.9423076923076923,cone,cone
871,11,8,1.375,lateral,jl
872,47,21,2.238095238095238,cone,cone
873,21,18,1.1666666666666667,cone,jl
874,41,4,10.25,lateral,jl
875,19,18,1.0555555555555556,cone,cone
876,103,26,3.9615384615384617,jl,jl
877,35,23,1.5217391304347827,collision,collision
878,39,18,2.1666666666666665,cone,jl
879,23,21,1.0952380952380953,cone,cone
880,21,10,2.1,cone,jl
881,16,14,1.1428571428571428,cone,cone
882,126,24,5.25,cone,jl
883,62,21,2.9523809523809526,cone,jl
884,34,27,1.2592592592592593,cone,cone
885,35,22,1.5909090909090908,cone,jl
886,47,34,1.3823529411764706,cone,cone
887,19,18,1.0555555555555556,cone,cone
888,54,28,1.9285714285714286,cone,collision
889,76,16,4.75,cone,cone
890,32,8,4.0,jl,jl
891,32,9,3.5555555555555554,cone,jl
892,85,4,21.25,jl,jl
893,20,61,0.32786885245901637,cone,cone
894,19,8,2.375,cone,jl
895,14,13,1.0769230769230769,cone,cone
896,33,21,1.5714285714285714,jl,jl
897,31,14,2.2142857142857144,collision,jl
898,53,11,4.818181818181818,jl,jl
899,61,66,0.9242424242424242,jl,lateral
900,72,36,2.0,jl,jl
901,28,22,1.2727272727272727,jl,jl
902,53,20,2.65,cone,cone
903,113,6,18.833333333333332,cone,jl
904,51,9,5.666666666666667,cone,jl
905,102,45,2.2666666666666666,cone,jl
906,7,1,7.0,jl,jl
907,29,12,2.4166666666666665,jl,jl
908,59,46,1.2826086956521738,jl,cone
909,58,38,1.5263157894736843,cone,cone
910,100,28,3.5714285714285716,cone,cone
911,44,24,1.8333333333333333,cone,cone
912,66,59,1.11864406779661,jl,jl
913,24,24,1.0,cone,cone
914,25,20,1.25,cone,cone
915,41,22,1.8636363636363635,cone,cone
916,21,25,0.84,cone,jl
917,114,10,11.4,cone,jl
918,34,16,2.125,jl,jl
919,56,54,1.037037037037037,cone,cone
920,89,12,7.416666666666667,lateral,jl
921,78,42,1.8571428571428572,jl,jl
922,63,21,3.0,lateral,cone
923,40,29,1.3793103448275863,cone,cone
924,32,32,1.0,jl,cone
925,38,33,1.1515151515151516,lateral,cone
926,10,6,1.6666666666666667,jl,jl
927,97,67,1.4477611940298507,jl,cone
928,30,14,2.142857142857143,jl,cone
929,29,27,1.0740740740740742,lateral,cone
930,69,21,3.2857142857142856,cone,jl
931,12,10,1.2,jl,jl
932,30,20,1.5,cone,cone
933,24,21,1.1428571428571428,cone,cone
934,6,15,0.4,jl,cone
935,26,9,2.888888888888889,cone,jl
936,14,10,1.4,jl,jl
937,41,3,13.666666666666666,cone,jl
938,48,10,4.8,cone,jl
939,22,15,1.4666666666666666,cone,jl
940,19,5,3.8,cone,jl
941,58,26,2.230769230769231,cone,cone
942,19,6,3.1666666666666665,jl,jl
943,34,32,1.0625,cone,cone
944,17,18,0.9444444444444444,jl,jl
945,48,19,2.526315789473684,cone,jl
946,61,24,2.5416666666666665,cone,jl
947,66,18,3.6666666666666665,cone,jl
948,62,34,1.8235294117647058,cone,cone
949,31,8,3.875,cone,jl
950,54,42,1.2857142857142858,cone,cone
951,132,14,9.428571428571429,cone,cone
952,101,12,8.416666666666666,cone,jl
953,22,10,2.2,cone,jl
954,98,12,8.166666666666666,cone,jl
955,20,2,10.0,cone,jl
956,18,8,2.25,cone,jl
957,28,15,1.8666666666666667,cone,cone
958,52,10,5.2,lateral,jl
959,81,24,3.375,cone,cone
960,54,16,3.375,jl,jl
961,11,8,1.375,jl,jl
962,20,20,1.0,cone,cone
963,26,10,2.6,jl,jl
964,31,19,1.631578947368421,cone,cone
965,65,3,21.666666666666668,lateral,jl
966,47,20,2.35,cone,cone
967,26,6,4.333333333333333,cone,jl
968,104,18,5.777777777777778,cone,cone
969,1,2,0.5,jl,jl
970,19,16,1.1875,cone,jl
971,24,22,1.0909090909090908,lateral,cone
972,24,8,3.0,jl,jl
973,62,4,15.5,cone,jl
974,59,11,5.363636363636363,cone,jl
975,19,16,1.1875,cone,cone
976,22,10,2.2,jl,jl
977,30,11,2.727272727272727,cone,jl
978,48,34,1.411764705882353,cone,cone
979,35,9,3.888888888888889,cone,jl
980,19,10,1.9,jl,jl
981,19,17,1.1176470588235294,cone,cone
982,78,28,2.7857142857142856,cone,cone
983,42,18,2.3333333333333335,lateral,jl
984,21,19,1.105263157894737,cone,cone
985,16,10,1.6,jl,jl
986,16,16,1.0,cone,cone
987,26,20,1.3,cone,jl
988,22,23,0.9565217391304348,cone,cone
989,40,36,1.1111111111111112,cone,cone
990,70,11,6.363636363636363,cone,jl
991,75,13,5.769230769230769,jl,jl
992,8,3,2.6666666666666665,jl,jl
993,68,11,6.181818181818182,cone,jl
994,31,28,1.1071428571428572,cone,cone
995,32,26,1.2307692307692308,jl,cone
996,15,16,0.9375,collision,collision
997,14,13,1.0769230769230769,cone,cone
998,80,3,26.666666666666668,cone,jl
999,41,51,0.803921568627451,cone,lateral
1000,101,44,2.2954545454545454,cone,cone
1001,20,20,1.0,cone,cone
1002,54,43,1.255813953488372,cone,cone
1003,104,42,2.4761904761904763,cone,cone
1004,52,66,0.7878787878787878,cone,cone
1005,9,6,1.5,jl,jl
1006,16,8,2.0,jl,jl
1007,45,78,0.5769230769230769,cone,jl
1008,15,3,5.0,lateral,jl
1009,57,42,1.3571428571428572,lateral,cone
1010,31,19,1.631578947368421,cone,cone
1011,21,18,1.1666666666666667,cone,jl
1012,20,26,0.7692307692307693,cone,cone
1013,31,19,1.631578947368421,jl,jl
1014,16,11,1.4545454545454546,cone,jl
1015,118,6,19.666666666666668,cone,jl
1016,23,23,1.0,lateral,lateral
1017,106,38,2.789473684210526,jl,cone
1018,19,20,0.95,cone,cone
1019,49,5,9.8,lateral,jl
1020,85,37,2.2972972972972974,cone,jl
1021,55,29,1.896551724137931,cone,cone
1022,31,17,1.8235294117647058,cone,cone
1023,77,17,4.529411764705882,cone,jl
1024,43,7,6.142857142857143,cone,jl
1025,12,10,1.2,jl,jl
1026,18,17,1.0588235294117647,cone,cone
1027,49,24,2.0416666666666665,cone,cone
1028,27,22,1.2272727272727273,cone,cone
1029,14,14,1.0,cone,cone
1030,20,18,1.1111111111111112,cone,cone
1031,24,2,12.0,cone,jl
1032,50,26,1.9230769230769231,cone,cone
1033,55,26,2.1153846153846154,jl,cone
1034,15,7,2.142857142857143,jl,jl
1035,39,39,1.0,lateral,lateral
1036,26,17,1.5294117647058822,cone,jl
1037,14,13,1.0769230769230769,lateral,lateral
1038,28,9,3.111111111111111,cone,jl
1039,12,11,1.0909090909090908,cone,cone
1040,85,38,2.236842105263158,cone,cone
1041,29,26,1.1153846153846154,cone,cone
1042,42,4,10.5,jl,jl
1043,24,8,3.0,cone,jl
1044,50,21,2.380952380952381,cone,cone
1045,20,13,1.5384615384615385,lateral,jl
1046,103,12,8.583333333333334,cone,jl
1047,52,15,3.466666666666667,cone,jl
1048,14,7,2.0,collision,jl
1049,51,7,7.285714285714286,cone,jl
1050,45,45,1.0,jl,cone
1051,43,4,10.75,cone,jl
1052,69,6,11.5,cone,jl
1053,56,21,2.6666666666666665,cone,cone
1054,71,23,3.0869565217391304,cone,cone
1055,42,20,2.1,jl,jl
1056,40,38,1.0526315789473684,cone,cone
1057,55,14,3.9285714285714284,cone,jl
1058,60,42,1.4285714285714286,cone,cone
1059,81,15,5.4,cone,jl
1060,21,21,1.0,cone,cone
1061,11,11,1.0,lateral,lateral
1062,38,23,1.6521739130434783,cone,cone
1063,120,15,8.0,jl,jl
1064,29,24,1.2083333333333333,jl,jl
1065,45,27,1.6666666666666667,cone,cone
1066,25,13,1.9230769230769231,cone,jl
1067,12,8,1.5,jl,jl
1068,17,7,2.4285714285714284,collision,jl
1069,31,9,3.4444444444444446,cone,jl
1070,23,18,1.2777777777777777,cone,cone
1071,11,17,0.6470588235294118,jl,jl
1072,41,26,1.5769230769230769,cone,cone
1073,60,6,10.0,lateral,jl
1074,25,24,1.0416666666666667,jl,jl
1075,77,11,7.0,cone,jl
1076,62,24,2.5833333333333335,cone,cone
1077,15,15,1.0,cone,cone
1078,28,23,1.2173913043478262,jl,jl
1079,19,11,1.7272727272727273,cone,jl
1080,51,4,12.75,cone,jl
1081,23,22,1.0454545454545454,cone,cone
1082,22,9,2.4444444444444446,cone,collision
1083,53,41,1.2926829268292683,cone,cone
1084,15,13,1.1538461538461537,cone,jl
1085,71,7,10.142857142857142,cone,jl
1086,3,1,3.0,jl,jl
1087,85,47,1.8085106382978724,cone,cone
1088,87,33,2.6363636363636362,jl,cone
1089,37,6,6.166666666666667,cone,jl
1090,23,18,1.2777777777777777,cone,cone
1091,1,1,1.0,jl,jl
1092,41,40,1.025,lateral,lateral
1093,29,29,1.0,lateral,lateral
1094,21,21,1.0,lateral,lateral
1095,50,31,1.6129032258064515,jl,cone
1096,61,16,3.8125,jl,jl
1097,15,4,3.75,jl,jl
1098,22,8,2.75,jl,jl
1099,26,21,1.2380952380952381,cone,cone
1100,50,20,2.5,cone,cone
1101,22,1,22.0,cone,jl
1102,34,5,6.8,cone,jl
1103,30,8,3.75,jl,jl
1104,28,19,1.4736842105263157,cone,jl
1105,94,15,6.266666666666667,cone,jl
1106,76,35,2.1714285714285713,cone,cone
1107,64,30,2.1333333333333333,cone,jl
1108,42,38,1.105263157894737,jl,cone
1109,15,5,3.0,jl,jl
1110,18,11,1.6363636363636365,collision,collision
1111,86,19,4.526315789473684,cone,cone
1112,17,5,3.4,cone,jl
1113,16,13,1.2307692307692308,cone,cone
1114,12,21,0.5714285714285714,jl,collision
1115,10,13,0.7692307692307693,jl,jl
1116,22,5,4.4,jl,jl
1117,55,3,18.333333333333332,cone,jl
1118,89,5,17.8,cone,jl
1119,3,3,1.0,jl,jl
1120,30,22,1.3636363636363635,lateral,cone
1121,36,20,1.8,jl,cone
1122,10,10,1.0,lateral,lateral
1123,24,6,4.0,jl,jl
1124,30,17,1.7647058823529411,cone,jl
1125,18,11,1.6363636363636365,cone,jl
1126,33,20,1.65,cone,cone
1127,11,11,1.0,lateral,lateral
1128,15,13,1.1538461538461537,collision,collision
1129,134,19,7.052631578947368,cone,jl
1130,16,7,2.2857142857142856,lateral,jl
1131,10,10,1.0,lateral,lateral
1132,111,19,5.842105263157895,cone,cone
1133,26,7,3.7142857142857144,cone,jl
1134,14,21,0.6666666666666666,cone,jl
1135,22,16,1.375,cone,cone
1136,15,13,1.1538461538461537,cone,cone
1137,26,24,1.0833333333333333,cone,cone
1138,32,30,1.0666666666666667,cone,jl
1139,46,41,1.1219512195121952,jl,jl
1140,19,16,1.1875,cone,cone
1141,12,3,4.0,jl,jl
1142,61,57,1.0701754385964912,cone,cone
1143,32,25,1.28,cone,jl
1144,69,21,3.2857142857142856,cone,jl
1145,53,18,2.9444444444444446,lateral,jl
1146,14,4,3.5,jl,jl
1147,101,37,2.72972972972973,cone,cone
1148,40,20,2.0,jl,jl
1149,6,6,1.0,jl,jl
1150,28,15,1.8666666666666667,jl,jl
1151,72,18,4.0,jl,cone
1152,17,6,2.8333333333333335,cone,jl
1153,62,3,20.666666666666668,jl,jl
1154,59,10,5.9,cone,jl
1155,45,5,9.0,cone,jl
1156,33,19,1.736842105263158,cone,cone
1157,17,17,1.0,cone,cone
1158,57,23,2.4782608695652173,cone,jl
1159,34,16,2.125,jl,jl
1160,12,12,1.0,collision,jl
1161,18,13,1.3846153846153846,jl,jl
1162,23,1,23.0,cone,jl
1163,40,31,1.2903225806451613,lateral,cone
1164,20,35,0.5714285714285714,cone,collision
1165,34,14,2.4285714285714284,cone,cone
1166,27,21,1.2857142857142858,cone,cone
1167,43,34,1.2647058823529411,cone,cone
1168,7,24,0.2916666666666667,jl,cone
1169,60,13,4.615384615384615,cone,jl
1170,45,19,2.3684210526315788,cone,jl
1171,1,2,0.5,jl,jl
1172,39,9,4.333333333333333,jl,jl
1173,123,18,6.833333333333333,cone,cone
1174,90,65,1.3846153846153846,cone,jl
1175,100,50,2.0,cone,jl
1176,84,26,3.230769230769231,jl,cone
1177,62,14,4.428571428571429,lateral,jl
1178,68,34,2.0,cone,cone
1179,16,16,1.0,cone,cone
1180,22,12,1.8333333333333333,cone,jl
1181,51,14,3.642857142857143,jl,collision
1182,85,28,3.0357142857142856,jl,jl
1183,60,16,3.75,cone,cone
1184,39,29,1.3448275862068966,cone,cone
1185,72,31,2.3225806451612905,cone,cone
1186,25,8,3.125,cone,jl
1187,52,55,0.9454545454545454,jl,jl
1188,22,5,4.4,cone,jl
1189,10,11,0.9090909090909091,lateral,lateral
1190,31,1,31.0,cone,collision
1191,60,39,1.5384615384615385,cone,cone
1192,15,6,2.5,cone,jl
1193,61,49,1.2448979591836735,lateral,cone
1194,60,20,3.0,cone,jl
1195,39,18,2.1666666666666665,jl,cone
1196,79,57,1.3859649122807018,cone,jl
1197,7,5,1.4,jl,jl
1198,57,21,2.7142857142857144,jl,jl
1199,30,26,1.1538461538461537,cone,cone
1200,53,3,17.666666666666668,cone,jl
1201,30,27,1.1111111111111112,cone,jl
1202,37,37,1.0,lateral,cone
1203,31,10,3.1,lateral,jl
1204,67,4,16.75,lateral,jl
1205,28,11,2.5454545454545454,jl,jl
1206,16,9,1.7777777777777777,jl,jl
1207,24,23,1.0434782608695652,lateral,cone
1208,59,36,1.6388888888888888,cone,jl
1209,47,19,2.473684210526316,jl,jl
1210,41,14,2.9285714285714284,cone,jl
1211,70,57,1.2280701754385965,jl,cone
1212,49,31,1.5806451612903225,cone,cone
1213,24,5,4.8,cone,jl
1214,63,49,1.2857142857142858,cone,jl
1215,34,13,2.6153846153846154,cone,jl
1216,24,6,4.0,lateral,jl
1217,31,29,1.0689655172413792,cone,cone
1218,56,26,2.1538461538461537,jl,cone
1219,52,55,0.9454545454545454,jl,jl
1220,60,26,2.3076923076923075,cone,jl
1221,43,31,1.3870967741935485,cone,jl
1222,16,13,1.2307692307692308,cone,cone
1223,18,16,1.125,jl,jl
1224,34,31,1.096774193548387,cone,cone
1225,110,2,55.0,cone,jl
1226,74,28,2.642857142857143,cone,jl
1227,48,20,2.4,jl,cone
1228,47,7,6.714285714285714,cone,jl
1229,86,13,6.615384615384615,cone,jl
1230,23,22,1.0454545454545454,cone,cone
1231,44,1,44.0,cone,jl
1232,44,29,1.5172413793103448,jl,jl
1233,23,19,1.2105263157894737,jl,cone
1234,68,1,68.0,cone,jl
1235,32,20,1.6,jl,jl
1236,10,10,1.0,lateral,lateral
1237,15,9,1.6666666666666667,lateral,jl
1238,76,8,9.5,cone,jl
1239,6,47,0.1276595744680851,jl,cone
1240,84,4,21.0,jl,jl
1241,36,16,2.25,cone,cone
1242,36,11,3.272727272727273,lateral,jl
1243,32,28,1.1428571428571428,jl,jl
1244,25,21,1.1904761904761905,cone,cone
1245,48,36,1.3333333333333333,cone,cone
1246,22,19,1.1578947368421053,cone,cone
1247,31,3,10.333333333333334,jl,jl
1248,23,16,1.4375,jl,jl
1249,78,32,2.4375,cone,cone
1250,35,19,1.8421052631578947,cone,cone
1251,71,72,0.9861111111111112,lateral,lateral
1252,13,7,1.8571428571428572,jl,jl
1253,18,13,1.3846153846153846,cone,jl
1254,45,7,6.428571428571429,cone,jl
1255,26,20,1.3,cone,cone
1256,19,6,3.1666666666666665,jl,jl
1257,28,22,1.2727272727272727,cone,cone
1258,63,41,1.5365853658536586,cone,cone
1259,58,20,2.9,cone,jl
1260,112,12,9.333333333333334,cone,jl
1261,29,21,1.380952380952381,cone,cone
1262,25,24,1.0416666666666667,cone,cone
1263,19,4,4.75,cone,jl
1264,77,8,9.625,jl,jl
1265,52,24,2.1666666666666665,cone,cone
1266,17,19,0.8947368421052632,jl,jl
1267,95,9,10.555555555555555,jl,jl
1268,40,19,2.1052631578947367,cone,jl
1269,47,21,2.238095238095238,cone,jl
1270,16,22,0.7272727272727273,collision,jl
1271,9,23,0.391304347826087,jl,cone
1272,50,24,2.0833333333333335,jl,jl
1273,41,21,1.9523809523809523,cone,cone
1274,26,21,1.2380952380952381,cone,cone
1275,32,7,4.571428571428571,collision,jl
1276,22,13,1.6923076923076923,jl,jl
1277,71,13,5.461538461538462,jl,jl
1278,106,17,6.235294117647059,cone,jl
1279,52,25,2.08,cone,jl
1280,63,18,3.5,lateral,jl
1281,61,14,4.357142857142857,cone,jl
1282,10,7,1.4285714285714286,jl,jl
1283,17,3,5.666666666666667,jl,jl
1284,40,35,1.1428571428571428,cone,cone
1285,20,20,1.0,lateral,lateral
1286,125,5,25.0,cone,jl
1287,32,23,1.391304347826087,cone,jl
1288,12,12,1.0,lateral,lateral
1289,21,2,10.5,cone,jl
1290,31,4,7.75,cone,jl
1291,57,11,5.181818181818182,cone,jl
1292,35,7,5.0,jl,jl
1293,84,18,4.666666666666667,cone,cone
1294,45,25,1.8,cone,cone
1295,19,15,1.2666666666666666,cone,jl
1296,15,5,3.0,jl,jl
1297,17,25,0.68,cone,jl
1298,22,15,1.4666666666666666,cone,jl
1299,34,16,2.125,jl,jl
1300,52,36,1.4444444444444444,cone,jl
1301,48,9,5.333333333333333,jl,jl
1302,29,13,2.230769230769231,cone,jl
1303,16,8,2.0,jl,jl
1304,96,39,2.4615384615384617,cone,cone
1305,28,5,5.6,jl,jl
1306,20,24,0.8333333333333334,jl,jl
1307,12,4,3.0,jl,jl
1308,29,2,14.5,cone,jl
1309,54,14,3.857142857142857,jl,jl
1310,31,15,2.066666666666667,jl,jl
1311,43,4,10.75,cone,jl
1312,32,11,2.909090909090909,cone,jl
1313,48,14,3.4285714285714284,jl,jl
1314,15,4,3.75,jl,jl
1315,13,8,1.625,lateral,jl
1316,44,9,4.888888888888889,cone,jl
1317,28,41,0.6829268292682927,cone,cone
1318,35,15,2.3333333333333335,jl,jl
1319,26,1,26.0,jl,jl
1320,19,16,1.1875,cone,jl
1321,11,10,1.1,cone,cone
1322,39,28,1.3928571428571428,cone,cone
1323,56,20,2.8,lateral,jl
1324,13,24,0.5416666666666666,jl,jl
1325,49,2,24.5,lateral,jl
1326,99,18,5.5,jl,jl
1327,55,31,1.7741935483870968,cone,cone
1328,26,12,2.1666666666666665,jl,jl
1329,27,18,1.5,cone,cone
1330,9,1,9.0,jl,jl
1331,21,18,1.1666666666666667,cone,cone
1332,46,28,1.6428571428571428,jl,cone
1333,38,22,1.7272727272727273,cone,cone
1334,22,9,2.4444444444444446,cone,jl
1335,24,4,6.0,jl,jl
1336,21,18,1.1666666666666667,cone,jl
1337,28,15,1.8666666666666667,cone,cone
1338,51,15,3.4,lateral,jl
1339,25,24,1.0416666666666667,cone,cone
1340,8,33,0.24242424242424243,jl,cone
1341,72,29,2.4827586206896552,cone,cone
1342,15,4,3.75,jl,jl
1343,75,20,3.75,cone,jl
1344,16,5,3.2,cone,collision
1345,85,3,28.333333333333332,cone,jl
1346,59,24,2.4583333333333335,jl,cone
1347,12,1,12.0,jl,jl
1348,19,7,2.7142857142857144,jl,jl
1349,10,13,0.7692307692307693,jl,jl
1350,120,30,4.0,cone,cone
1351,26,23,1.1304347826086956,cone,cone
1352,84,20,4.2,lateral,jl
1353,57,36,1.5833333333333333,lateral,cone
1354,23,22,1.0454545454545454,cone,cone
1355,17,16,1.0625,cone,cone
1356,65,46,1.4130434782608696,cone,cone
1357,78,36,2.1666666666666665,jl,cone
1358,35,16,2.1875,cone,cone
1359,54,11,4.909090909090909,jl,jl
1360,16,2,8.0,cone,jl
1361,31,37,0.8378378378378378,jl,jl
1362,18,13,1.3846153846153846,collision,jl
1363,42,36,1.1666666666666667,cone,jl
1364,18,4,4.5,cone,jl
1365,42,15,2.8,cone,jl
1366,35,37,0.9459459459459459,jl,cone
1367,93,31,3.0,cone,cone
1368,53,17,3.1176470588235294,cone,jl
1369,70,20,3.5,cone,cone
1370,10,5,2.0,jl,jl
1371,71,34,2.088235294117647,cone,cone
1372,9,6,1.5,jl,jl
1373,21,21,1.0,cone,cone
1374,11,23,0.4782608695652174,jl,cone
1375,16,19,0.8421052631578947,cone,cone
1376,60,33,1.8181818181818181,cone,cone
1377,53,39,1.358974358974359,cone,cone
1378,22,22,1.0,cone,cone
1379,61,15,4.066666666666666,cone,cone
1380,24,9,2.6666666666666665,lateral,jl
1381,51,23,2.217391304347826,cone,jl
1382,50,10,5.0,cone,jl
1383,47,25,1.88,cone,cone
1384,64,5,12.8,cone,jl
1385,30,47,0.6382978723404256,jl,jl
1386,59,2,29.5,cone,jl
1387,13,23,0.5652173913043478,jl,jl
1388,34,12,2.8333333333333335,cone,jl
1389,35,20,1.75,cone,cone
1390,27,11,2.4545454545454546,jl,jl
1391,36,35,1.0285714285714285,lateral,lateral
1392,51,11,4.636363636363637,cone,jl
1393,7,3,2.3333333333333335,jl,jl
1394,17,17,1.0,cone,cone
1395,60,29,2.0689655172413794,cone,cone
1396,18,16,1.125,cone,cone
1397,45,49,0.9183673469387755,cone,lateral
1398,50,15,3.3333333333333335,cone,jl
1399,25,14,1.7857142857142858,cone,cone
1400,25,25,1.0,cone,cone
1401,29,22,1.3181818181818181,lateral,jl
1402,12,3,4.0,jl,jl
1403,32,34,0.9411764705882353,jl,jl
1404,44,12,3.6666666666666665,cone,jl
1405,26,27,0.9629629629629629,lateral,lateral
1406,24,19,1.263157894736842,lateral,cone
1407,22,15,1.4666666666666666,jl,jl
1408,74,40,1.85,jl,jl
1409,90,65,1.3846153846153846,cone,jl
1410,123,38,3.236842105263158,jl,cone
1411,47,42,1.119047619047619,cone,cone
1412,12,13,0.9230769230769231,collision,collision
1413,104,24,4.333333333333333,cone,cone
1414,31,29,1.0689655172413792,cone,cone
1415,26,20,1.3,jl,cone
1416,31,30,1.0333333333333334,cone,cone
1417,54,36,1.5,cone,cone
1418,44,14,3.142857142857143,cone,jl
1419,24,16,1.5,jl,cone
1420,109,12,9.083333333333334,cone,jl
1421,49,27,1.8148148148148149,cone,jl
1422,28,23,1.2173913043478262,cone,cone
1423,31,5,6.2,jl,jl
1424,10,3,3.3333333333333335,jl,jl
1425,55,18,3.0555555555555554,cone,cone
1426,7,3,2.3333333333333335,jl,jl
1427,34,21,1.619047619047619,jl,jl
1428,7,4,1.75,jl,jl
1429,42,33,1.2727272727272727,cone,jl
1430,37,16,2.3125,cone,jl
1431,23,7,3.2857142857142856,cone,jl
1432,40,8,5.0,jl,jl
1433,18,12,1.5,lateral,jl
1434,34,18,1.8888888888888888,cone,cone
1435,26,28,0.9285714285714286,collision,collision
1436,18,16,1.125,jl,jl
1437,34,28,1.2142857142857142,cone,jl
1438,30,35,0.8571428571428571,jl,jl
1439,10,22,0.45454545454545453,jl,cone
1440,19,17,1.1176470588235294,jl,jl
1441,33,14,2.357142857142857,cone,jl
1442,60,29,2.0689655172413794,cone,cone
1443,17,11,1.5454545454545454,cone,jl
1444,31,15,2.066666666666667,cone,jl
1445,55,11,5.0,cone,jl
1446,47,23,2.0434782608695654,cone,cone
1447,19,28,0.6785714285714286,jl,jl
1448,51,28,1.8214285714285714,jl,cone
1449,16,12,1.3333333333333333,cone,jl
1450,49,40,1.225,cone,cone
1451,20,13,1.5384615384615385,cone,jl
1452,64,30,2.1333333333333333,lateral,cone
1453,35,15,2.3333333333333335,cone,cone
1454,34,23,1.4782608695652173,cone,cone
1455,16,9,1.7777777777777777,jl,jl
1456,76,30,2.533333333333333,cone,jl
1457,19,5,3.8,cone,jl
1458,24,24,1.0,lateral,lateral
1459,96,8,12.0,cone,jl
1460,37,17,2.176470588235294,cone,jl
1461,61,36,1.6944444444444444,cone,jl
1462,44,16,2.75,cone,jl
1463,60,59,1.0169491525423728,lateral,lateral
1464,14,12,1.1666666666666667,cone,jl
1465,43,15,2.8666666666666667,jl,jl
1466,9,21,0.42857142857142855,jl,jl
1467,56,33,1.696969696969697,jl,jl
1468,18,3,6.0,jl,jl
1469,13,3,4.333333333333333,cone,jl
1470,34,19,1.7894736842105263,cone,cone
1471,18,20,0.9,cone,jl
1472,34,28,1.2142857142857142,jl,cone
1473,43,40,1.075,cone,cone
1474,63,7,9.0,cone,jl
1475,14,9,1.5555555555555556,jl,jl
1476,43,31,1.3870967741935485,cone,jl
1477,71,22,3.227272727272727,cone,cone
1478,14,14,1.0,cone,cone
1479,45,29,1.5517241379310345,cone,cone
1480,19,19,1.0,cone,cone
1481,13,13,1.0,lateral,lateral
1482,48,46,1.0434782608695652,lateral,lateral
1483,44,19,2.3157894736842106,cone,cone
1484,60,1,60.0,lateral,jl
1485,20,21,0.9523809523809523,jl,jl
1486,25,19,1.3157894736842106,cone,jl
1487,17,7,2.4285714285714284,jl,jl
1488,98,16,6.125,cone,jl
1489,45,18,2.5,jl,jl
1490,82,4,20.5,cone,jl
1491,42,7,6.0,cone,jl
1492,117,44,2.659090909090909,cone,jl
1493,38,38,1.0,lateral,lateral
1494,14,8,1.75,jl,jl
1495,46,45,1.0222222222222221,cone,cone
1496,14,13,1.0769230769230769,jl,jl
1497,28,25,1.12,cone,cone
1498,27,27,1.0,lateral,lateral
1499,36,15,2.4,lateral,jl
1500,57,17,3.3529411764705883,cone,cone
1501,23,24,0.9583333333333334,jl,cone
1502,51,26,1.9615384615384615,jl,jl
1503,13,13,1.0,lateral,lateral
1504,7,19,0.3684210526315789,jl,jl
1505,74,26,2.8461538461538463,cone,cone
1506,74,22,3.3636363636363638,cone,cone
1507,82,11,7.454545454545454,cone,cone
1508,20,19,1.0526315789473684,cone,cone
1509,18,10,1.8,jl,jl
1510,40,40,1.0,cone,cone
1511,93,39,2.3846153846153846,lateral,cone
1512,37,51,0.7254901960784313,jl,jl
1513,39,20,1.95,cone,jl
1514,31,23,1.3478260869565217,jl,jl
1515,43,20,2.15,cone,cone
1516,59,2,29.5,lateral,jl
1517,70,21,3.3333333333333335,cone,cone
1518,26,46,0.5652173913043478,cone,collision
1519,18,18,1.0,cone,cone
1520,33,32,1.03125,cone,cone
1521,14,13,1.0769230769230769,cone,cone
1522,77,30,2.566666666666667,jl,cone
1523,77,27,2.8518518518518516,jl,jl
1524,64,20,3.2,cone,jl
1525,48,33,1.4545454545454546,cone,jl
1526,13,23,0.5652173913043478,jl,cone
1527,28,11,2.5454545454545454,lateral,jl
1528,20,19,1.0526315789473684,cone,cone
1529,24,13,1.8461538461538463,cone,jl
1530,16,3,5.333333333333333,jl,jl
1531,1,1,1.0,jl,jl
1532,50,37,1.3513513513513513,cone,cone
1533,17,10,1.7,lateral,jl
1534,30,4,7.5,cone,jl
1535,44,36,1.2222222222222223,cone,cone
1536,14,2,7.0,jl,jl
1537,19,3,6.333333333333333,cone,jl
1538,38,29,1.3103448275862069,cone,cone
1539,56,30,1.8666666666666667,cone,cone
1540,17,4,4.25,jl,jl
1541,46,4,11.5,lateral,jl
1542,54,3,18.0,cone,jl
1543,44,19,2.3157894736842106,jl,jl
1544,22,4,5.5,cone,jl
1545,24,23,1.0434782608695652,cone,cone
1546,50,3,16.666666666666668,cone,jl
1547,14,18,0.7777777777777778,jl,cone
1548,20,14,1.4285714285714286,cone,cone
1549,78,18,4.333333333333333,jl,cone
1550,17,7,2.4285714285714284,cone,jl
1551,50,31,1.6129032258064515,cone,cone
1552,36,19,1.894736842105263,cone,cone
1553,34,23,1.4782608695652173,lateral,jl
1554,100,33,3.0303030303030303,cone,cone
1555,25,22,1.1363636363636365,cone,jl
1556,21,20,1.05,cone,cone
1557,63,3,21.0,cone,jl
1558,16,20,0.8,jl,jl
1559,23,16,1.4375,cone,jl
1560,49,6,8.166666666666666,collision,jl
1561,29,13,2.230769230769231,cone,jl
1562,22,12,1.8333333333333333,cone,jl
1563,82,31,2.6451612903225805,cone,cone
1564,87,11,7.909090909090909,cone,jl
1565,16,20,0.8,cone,cone
1566,34,2,17.0,jl,jl
1567,58,4,14.5,cone,jl
1568,30,29,1.0344827586206897,cone,cone
1569,114,27,4.222222222222222,cone,cone
1570,85,53,1.6037735849056605,cone,cone
1571,19,3,6.333333333333333,jl,jl
1572,23,20,1.15,cone,cone
1573,78,11,7.090909090909091,lateral,jl
1574,33,20,1.65,cone,cone
1575,55,6,9.166666666666666,collision,jl
1576,22,12,1.8333333333333333,jl,jl
1577,22,11,2.0,jl,jl
1578,35,15,2.3333333333333335,cone,jl
1579,62,25,2.48,cone,cone
1580,100,46,2.1739130434782608,jl,cone
1581,27,19,1.4210526315789473,jl,jl
1582,23,8,2.875,cone,jl
1583,28,19,1.4736842105263157,cone,cone
1584,74,23,3.217391304347826,jl,jl
1585,51,25,2.04,cone,cone
1586,25,34,0.7352941176470589,jl,jl
1587,24,23,1.0434782608695652,cone,cone
1588,23,4,5.75,cone,jl
1589,12,4,3.0,cone,jl
1590,43,26,1.6538461538461537,jl,jl
1591,45,26,1.7307692307692308,cone,cone
1592,36,25,1.44,cone,jl
1593,23,14,1.6428571428571428,cone,jl
1594,22,18,1.2222222222222223,cone,cone
1595,57,19,3.0,cone,jl
1596,5,1,5.0,jl,jl
1597,57,22,2.590909090909091,cone,cone
1598,35,22,1.5909090909090908,jl,cone
1599,1,1,1.0,jl,jl
1600,57,24,2.375,cone,cone
1601,49,39,1.2564102564102564,cone,jl
1602,39,16,2.4375,cone,jl
1603,47,25,1.88,cone,jl
1604,68,30,2.2666666666666666,cone,jl
1605,21,37,0.5675675675675675,cone,jl
1606,36,29,1.2413793103448276,cone,cone
1607,18,17,1.0588235294117647,cone,cone
1608,23,2,11.5,cone,jl
1609,55,32,1.71875,cone,cone
1610,47,36,1.3055555555555556,cone,jl
1611,32,31,1.032258064516129,cone,cone
1612,25,15,1.6666666666666667,cone,jl
1613,54,57,0.9473684210526315,cone,cone
1614,32,13,2.4615384615384617,jl,jl
1615,75,36,2.0833333333333335,jl,cone
1616,42,29,1.4482758620689655,cone,cone
1617,6,22,0.2727272727272727,jl,cone
1618,28,17,1.6470588235294117,cone,jl
1619,50,24,2.0833333333333335,jl,jl
1620,25,7,3.5714285714285716,jl,jl
1621,101,2,50.5,cone,jl
1622,7,5,1.4,jl,jl
1623,28,1,28.0,jl,jl
1624,115,46,2.5,cone,cone
1625,35,31,1.1290322580645162,cone,cone
1626,50,27,1.8518518518518519,cone,jl
1627,8,8,1.0,jl,jl
1628,10,6,1.6666666666666667,collision,collision
1629,22,19,1.1578947368421053,cone,jl
1630,53,12,4.416666666666667,collision,jl
1631,11,11,1.0,cone,cone
1632,27,26,1.0384615384615385,cone,cone
1633,63,5,12.6,jl,jl
1634,44,26,1.6923076923076923,jl,jl
1635,84,27,3.111111111111111,jl,jl
1636,38,12,3.1666666666666665,cone,jl
1637,87,7,12.428571428571429,cone,jl
1638,21,12,1.75,jl,jl
1639,26,28,0.9285714285714286,cone,cone
1640,2,1,2.0,jl,jl
1641,60,13,4.615384615384615,cone,jl
1642,31,29,1.0689655172413792,lateral,cone
1643,27,14,1.9285714285714286,cone,jl
1644,81,15,5.4,lateral,cone
1645,44,17,2.588235294117647,cone,jl
1646,19,11,1.7272727272727273,cone,jl
1647,39,33,1.1818181818181819,cone,cone
1648,55,15,3.6666666666666665,cone,cone
1649,67,29,2.310344827586207,cone,cone
1650,58,23,2.5217391304347827,cone,jl
1651,29,25,1.16,cone,cone
1652,33,12,2.75,jl,jl
1653,25,31,0.8064516129032258,cone,lateral
1654,82,24,3.4166666666666665,cone,jl
1655,108,17,6.352941176470588,cone,jl
1656,71,41,1.7317073170731707,jl,cone
1657,28,4,7.0,cone,jl
1658,27,21,1.2857142857142858,cone,cone
1659,53,23,2.3043478260869565,cone,cone
1660,20,14,1.4285714285714286,cone,cone
1661,72,17,4.235294117647059,cone,cone
1662,26,18,1.4444444444444444,cone,cone
1663,62,28,2.2142857142857144,lateral,jl
1664,38,10,3.8,cone,jl
1665,47,7,6.714285714285714,jl,jl
1666,28,13,2.1538461538461537,cone,jl
1667,26,23,1.1304347826086956,jl,cone
1668,61,13,4.6923076923076925,jl,cone
1669,67,5,13.4,cone,jl
1670,51,20,2.55,jl,jl
1671,18,4,4.5,cone,jl
1672,32,6,5.333333333333333,cone,jl
1673,48,48,1.0,lateral,lateral
1674,17,5,3.4,jl,jl
1675,27,6,4.5,jl,jl
1676,72,38,1.894736842105263,cone,cone
1677,64,30,2.1333333333333333,jl,cone
1678,32,24,1.3333333333333333,cone,cone
1679,33,16,2.0625,cone,jl
1680,30,2,15.0,jl,jl
1681,73,20,3.65,cone,cone
1682,16,16,1.0,cone,cone
1683,24,22,1.0909090909090908,cone,cone
1684,20,20,1.0,cone,cone
1685,51,43,1.186046511627907,cone,cone
1686,67,35,1.9142857142857144,cone,cone
1687,105,6,17.5,lateral,jl
1688,36,26,1.3846153846153846,cone,jl
1689,26,23,1.1304347826086956,cone,jl
1690,55,52,1.0576923076923077,cone,cone
1691,13,6,2.1666666666666665,jl,jl
1692,145,21,6.904761904761905,cone,cone
1693,15,16,0.9375,collision,collision
1694,18,2,9.0,collision,collision
1695,68,17,4.0,cone,cone
1696,89,77,1.155844155844156,jl,cone
1697,38,5,7.6,jl,jl
1698,49,23,2.130434782608696,lateral,jl
1699,21,6,3.5,cone,jl
1700,53,16,3.3125,cone,jl
1701,33,24,1.375,jl,jl
1702,13,10,1.3,jl,jl
1703,50,27,1.8518518518518519,cone,cone
1704,21,20,1.05,cone,cone
1705,86,26,3.3076923076923075,cone,cone
1706,85,22,3.8636363636363638,cone,cone
1707,22,22,1.0,lateral,lateral
1708,34,1,34.0,cone,jl
1709,27,27,1.0,cone,cone
1710,25,23,1.0869565217391304,cone,cone
1711,95,12,7.916666666666667,cone,jl
1712,44,15,2.933333333333333,lateral,jl
1713,26,7,3.7142857142857144,collision,jl
1714,81,27,3.0,cone,cone
1715,49,29,1.6896551724137931,cone,cone
1716,37,29,1.2758620689655173,cone,cone
1717,28,17,1.6470588235294117,cone,cone
1718,49,29,1.6896551724137931,jl,cone
1719,52,19,2.736842105263158,cone,cone
1720,14,7,2.0,collision,jl
1721,23,12,1.9166666666666667,collision,jl
1722,28,20,1.4,lateral,cone
1723,23,1,23.0,jl,jl
1724,40,27,1.4814814814814814,cone,cone
1725,49,47,1.0425531914893618,jl,jl
1726,29,15,1.9333333333333333,collision,collision
1727,30,32,0.9375,cone,cone
1728,18,19,0.9473684210526315,lateral,lateral
1729,68,1,68.0,cone,jl
1730,28,5,5.6,jl,jl
1731,67,24,2.7916666666666665,cone,jl
1732,46,22,2.090909090909091,cone,cone
1733,34,12,2.8333333333333335,jl,jl
1734,50,23,2.1739130434782608,jl,cone
1735,33,15,2.2,jl,jl
1736,67,16,4.1875,cone,jl
1737,19,25,0.76,collision,collision
1738,98,40,2.45,cone,cone
1739,27,23,1.173913043478261,cone,cone
1740,7,3,2.3333333333333335,collision,collision
1741,5,4,1.25,jl,jl
1742,70,40,1.75,cone,jl
1743,14,19,0.7368421052631579,cone,cone
1744,59,15,3.933333333333333,jl,jl
1745,23,16,1.4375,jl,jl
1746,67,28,2.392857142857143,cone,cone
1747,17,32,0.53125,jl,jl
1748,53,10,5.3,cone,jl
1749,35,10,3.5,cone,jl
1750,49,13,3.769230769230769,lateral,jl
1751,51,11,4.636363636363637,cone,jl
1752,28,17,1.6470588235294117,cone,cone
1753,79,25,3.16,cone,jl
1754,50,16,3.125,cone,cone
1755,47,21,2.238095238095238,cone,cone
1756,28,9,3.111111111111111,cone,jl
1757,32,14,2.2857142857142856,lateral,jl
1758,93,33,2.8181818181818183,jl,jl
1759,71,20,3.55,cone,jl
1760,17,3,5.666666666666667,cone,jl
1761,10,10,1.0,lateral,lateral
1762,49,24,2.0416666666666665,cone,cone
1763,37,18,2.0555555555555554,cone,cone
1764,70,26,2.6923076923076925,cone,jl
1765,22,18,1.2222222222222223,jl,cone
1766,20,24,0.8333333333333334,cone,cone
1767,13,4,3.25,jl,jl
1768,41,42,0.9761904761904762,lateral,lateral
1769,30,6,5.0,jl,jl
1770,54,19,2.8421052631578947,lateral,jl
1771,32,23,1.391304347826087,lateral,cone
1772,72,16,4.5,jl,jl
1773,34,24,1.4166666666666667,cone,cone
1774,33,7,4.714285714285714,cone,jl
1775,49,49,1.0,lateral,lateral
1776,23,23,1.0,lateral,lateral
1777,32,6,5.333333333333333,lateral,jl
1778,26,11,2.3636363636363638,jl,jl
1779,23,13,1.7692307692307692,cone,jl
1780,70,20,3.5,cone,jl
1781,108,27,4.0,cone,jl
1782,34,7,4.857142857142857,jl,jl
1783,57,3,19.0,cone,jl
1784,50,50,1.0,lateral,lateral
1785,44,42,1.0476190476190477,cone,cone
1786,43,6,7.166666666666667,cone,jl
1787,60,14,4.285714285714286,cone,jl
1788,3,2,1.5,jl,jl
1789,89,30,2.966666666666667,cone,cone
1790,71,42,1.6904761904761905,cone,cone
1791,45,22,2.0454545454545454,cone,cone
1792,29,16,1.8125,jl,jl
1793,76,22,3.4545454545454546,cone,cone
1794,58,6,9.666666666666666,jl,jl
1795,75,7,10.714285714285714,cone,jl
1796,18,10,1.8,lateral,jl
1797,11,6,1.8333333333333333,jl,jl
1798,36,21,1.7142857142857142,lateral,cone
1799,34,9,3.7777777777777777,jl,jl
1800,17,16,1.0625,cone,cone
1801,77,3,25.666666666666668,cone,jl
1802,61,21,2.9047619047619047,cone,jl
1803,38,6,6.333333333333333,cone,jl
1804,88,27,3.259259259259259,cone,jl
1805,40,14,2.857142857142857,cone,jl
1806,90,12,7.5,jl,jl
1807,44,19,2.3157894736842106,cone,jl
1808,41,19,2.1578947368421053,cone,jl
1809,80,7,11.428571428571429,cone,jl
1810,21,13,1.6153846153846154,cone,jl
1811,82,20,4.1,cone,cone
1812,17,11,1.5454545454545454,lateral,jl
1813,46,35,1.3142857142857143,cone,cone
1814,17,20,0.85,jl,cone
1815,31,7,4.428571428571429,cone,jl
1816,57,50,1.14,cone,cone
1817,33,14,2.357142857142857,jl,jl
1818,3,5,0.6,collision,collision
1819,63,6,10.5,cone,jl
1820,29,26,1.1153846153846154,cone,cone
1821,52,29,1.793103448275862,jl,jl
1822,30,10,3.0,jl,jl
1823,34,31,1.096774193548387,cone,cone
1824,30,7,4.285714285714286,cone,jl
1825,59,38,1.5526315789473684,cone,cone
1826,51,21,2.4285714285714284,cone,jl
1827,10,3,3.3333333333333335,jl,jl
1828,45,35,1.2857142857142858,jl,jl
1829,37,29,1.2758620689655173,cone,cone
1830,19,5,3.8,collision,collision
1831,16,15,1.0666666666666667,jl,cone
1832,45,15,3.0,cone,jl
1833,61,16,3.8125,cone,jl
1834,122,34,3.588235294117647,cone,cone
1835,19,13,1.4615384615384615,jl,jl
1836,32,19,1.6842105263157894,cone,cone
1837,26,23,1.1304347826086956,jl,jl
1838,40,7,5.714285714285714,cone,jl
1839,48,18,2.6666666666666665,jl,jl
1840,16,14,1.1428571428571428,cone,jl
1841,64,40,1.6,cone,jl
1842,21,4,5.25,cone,jl
1843,81,9,9.0,jl,jl
1844,43,7,6.142857142857143,cone,jl
1845,58,10,5.8,cone,jl
1846,93,18,5.166666666666667,cone,cone
1847,53,17,3.1176470588235294,cone,cone
1848,34,20,1.7,cone,jl
1849,29,25,1.16,collision,collision
1850,18,41,0.43902439024390244,cone,jl
1851,22,6,3.6666666666666665,cone,jl
1852,42,6,7.0,cone,jl
1853,48,20,2.4,cone,jl
1854,71,1,71.0,cone,jl
1855,20,6,3.3333333333333335,cone,jl
1856,27,8,3.375,jl,jl
1857,65,6,10.833333333333334,cone,jl
1858,12,13,0.9230769230769231,collision,collision
1859,91,8,11.375,cone,jl
1860,26,22,1.1818181818181819,cone,cone
1861,37,1,37.0,cone,jl
1862,10,2,5.0,jl,jl
1863,9,1,9.0,jl,jl
1864,32,26,1.2307692307692308,cone,cone
1865,89,17,5.235294117647059,cone,cone
1866,33,10,3.3,lateral,jl
1867,29,27,1.0740740740740742,lateral,cone
1868,74,25,2.96,cone,cone
1869,17,16,1.0625,cone,cone
1870,25,31,0.8064516129032258,cone,cone
1871,27,13,2.076923076923077,jl,jl
1872,20,20,1.0,lateral,lateral
1873,30,18,1.6666666666666667,cone,cone
1874,19,14,1.3571428571428572,cone,jl
1875,61,39,1.564102564102564,cone,cone
1876,66,18,3.6666666666666665,cone,jl
1877,90,14,6.428571428571429,cone,jl
1878,74,17,4.352941176470588,cone,cone
1879,37,24,1.5416666666666667,jl,jl
1880,28,24,1.1666666666666667,lateral,cone
1881,67,18,3.7222222222222223,cone,cone
1882,43,19,2.263157894736842,cone,jl
1883,37,26,1.4230769230769231,cone,cone
1884,40,19,2.1052631578947367,jl,jl
1885,39,7,5.571428571428571,cone,jl
1886,52,14,3.7142857142857144,jl,jl
1887,39,30,1.3,cone,cone
1888,31,31,1.0,lateral,lateral
1889,21,18,1.1666666666666667,lateral,cone
1890,58,37,1.5675675675675675,lateral,jl
1891,18,1,18.0,cone,jl
1892,68,18,3.7777777777777777,cone,cone
1893,11,5,2.2,collision,collision
1894,23,25,0.92,cone,cone
1895,58,32,1.8125,cone,jl
1896,29,19,1.5263157894736843,cone,cone
1897,11,10,1.1,cone,cone
1898,108,16,6.75,cone,jl
1899,28,14,2.0,cone,cone
1900,31,18,1.7222222222222223,cone,cone
1901,20,17,1.1764705882352942,lateral,cone
1902,78,53,1.471698113207547,cone,cone
1903,34,22,1.5454545454545454,cone,cone
1904,25,21,1.1904761904761905,cone,cone
1905,24,5,4.8,collision,collision
1906,33,29,1.1379310344827587,lateral,cone
1907,26,24,1.0833333333333333,cone,cone
1908,34,32,1.0625,lateral,lateral
1909,22,6,3.6666666666666665,cone,jl
1910,25,2,12.5,cone,jl
1911,109,24,4.541666666666667,cone,cone
1912,63,15,4.2,cone,jl
1913,91,35,2.6,cone,jl
1914,11,3,3.6666666666666665,jl,jl
1915,18,9,2.0,collision,jl
1916,39,29,1.3448275862068966,cone,cone
1917,64,2,32.0,jl,jl
1918,32,22,1.4545454545454546,cone,cone
1919,30,30,1.0,cone,cone
1920,51,34,1.5,cone,cone
1921,5,17,0.29411764705882354,jl,jl
1922,40,26,1.5384615384615385,cone,cone
1923,16,16,1.0,cone,cone
1924,36,19,1.894736842105263,lateral,jl
1925,20,39,0.5128205128205128,cone,cone
1926,16,15,1.0666666666666667,lateral,lateral
1927,32,14,2.2857142857142856,cone,jl
1928,83,7,11.857142857142858,cone,jl
1929,16,33,0.48484848484848486,jl,cone
1930,30,24,1.25,lateral,jl
1931,65,26,2.5,cone,jl
1932,29,8,3.625,jl,jl
1933,34,14,2.4285714285714284,cone,jl
1934,45,10,4.5,cone,jl
1935,45,6,7.5,jl,jl
1936,49,15,3.2666666666666666,cone,jl
1937,14,13,1.0769230769230769,jl,cone
1938,24,24,1.0,lateral,lateral
1939,80,51,1.5686274509803921,cone,cone
1940,47,6,7.833333333333333,cone,jl
1941,58,22,2.6363636363636362,cone,cone
1942,22,17,1.2941176470588236,cone,cone
1943,28,32,0.875,jl,jl
1944,38,6,6.333333333333333,cone,jl
1945,6,6,1.0,jl,jl
1946,87,33,2.6363636363636362,lateral,jl
1947,35,25,1.4,cone,cone
1948,12,5,2.4,jl,jl
1949,27,16,1.6875,cone,cone
1950,27,9,3.0,collision,cone
1951,21,3,7.0,cone,jl
1952,80,12,6.666666666666667,cone,jl
1953,69,28,2.4642857142857144,cone,cone
1954,100,12,8.333333333333334,cone,cone
1955,16,14,1.1428571428571428,cone,cone
1956,79,8,9.875,cone,jl
1957,31,26,1.1923076923076923,jl,cone
1958,13,12,1.0833333333333333,cone,cone
1959,50,31,1.6129032258064515,cone,cone
1960,23,15,1.5333333333333334,cone,jl
1961,44,8,5.5,jl,jl
1962,81,24,3.375,jl,jl
1963,23,18,1.2777777777777777,cone,cone
1964,46,22,2.090909090909091,cone,cone
1965,37,32,1.15625,cone,cone
1966,31,25,1.24,cone,cone
1967,61,46,1.326086956521739,jl,jl
1968,14,16,0.875,cone,jl
1969,54,28,1.9285714285714286,cone,cone
1970,11,9,1.2222222222222223,jl,jl
1971,38,19,2.0,lateral,jl
1972,26,24,1.0833333333333333,cone,cone
1973,18,1,18.0,jl,jl
1974,7,4,1.75,jl,jl
1975,50,24,2.0833333333333335,cone,cone
1976,12,5,2.4,jl,jl
1977,25,16,1.5625,cone,cone
1978,26,13,2.0,cone,jl
1979,56,50,1.12,cone,cone
1980,100,21,4.761904761904762,cone,cone
1981,15,22,0.6818181818181818,jl,jl
1982,54,13,4.153846153846154,lateral,jl
1983,85,28,3.0357142857142856,jl,cone
1984,35,2,17.5,lateral,jl
1985,68,36,1.8888888888888888,jl,cone
1986,21,20,1.05,cone,cone
1987,59,21,2.8095238095238093,jl,jl
1988,30,16,1.875,jl,jl
1989,33,29,1.1379310344827587,cone,cone
1990,26,22,1.1818181818181819,cone,cone
1991,30,23,1.3043478260869565,cone,jl
1992,33,8,4.125,jl,jl
1993,43,14,3.0714285714285716,cone,jl
1994,103,23,4.478260869565218,cone,cone
1995,85,15,5.666666666666667,cone,jl
1996,67,20,3.35,jl,cone
1997,27,26,1.0384615384615385,cone,cone
1998,16,23,0.6956521739130435,jl,collision
1999,20,22,0.9090909090909091,cone,cone
2000,46,23,2.0,jl,cone
2001,63,38,1.6578947368421053,cone,cone
2002,41,30,1.3666666666666667,cone,cone
2003,25,25,1.0,lateral,lateral
2004,103,17,6.0588235294117645,cone,cone
2005,35,22,1.5909090909090908,cone,jl
2006,68,32,2.125,cone,cone
2007,50,15,3.3333333333333335,cone,jl
2008,31,21,1.4761904761904763,cone,jl
2009,53,18,2.9444444444444446,lateral,jl
2010,11,11,1.0,cone,cone
2011,34,6,5.666666666666667,lateral,jl
2012,53,28,1.8928571428571428,lateral,jl
2013,91,5,18.2,jl,jl
2014,44,9,4.888888888888889,cone,jl
2015,67,14,4.785714285714286,cone,jl
2016,26,17,1.5294117647058822,cone,cone
2017,94,29,3.2413793103448274,cone,jl
2018,40,25,1.6,lateral,cone
2019,37,20,1.85,cone,jl
2020,63,26,2.423076923076923,cone,cone
2021,20,18,1.1111111111111112,collision,jl
2022,11,11,1.0,lateral,lateral
2023,24,24,1.0,cone,cone
2024,7,8,0.875,jl,jl
2025,24,1,24.0,cone,jl
2026,46,13,3.5384615384615383,lateral,jl
2027,19,39,0.48717948717948717,cone,jl
2028,41,20,2.05,jl,jl
2029,55,18,3.0555555555555554,cone,jl
2030,40,6,6.666666666666667,jl,jl
2031,60,4,15.0,cone,jl
2032,26,19,1.368421052631579,cone,jl
2033,80,47,1.702127659574468,cone,jl
2034,92,1,92.0,cone,jl
2035,24,13,1.8461538461538463,lateral,jl
2036,15,14,1.0714285714285714,cone,cone
2037,89,27,3.2962962962962963,cone,cone
2038,27,13,2.076923076923077,jl,cone
2039,62,29,2.1379310344827585,cone,jl
2040,15,4,3.75,collision,collision
2041,6,4,1.5,jl,jl
2042,7,4,1.75,jl,jl
2043,24,34,0.7058823529411765,cone,jl
2044,41,27,1.5185185185185186,cone,cone
2045,25,8,3.125,jl,jl
2046,26,20,1.3,cone,cone
2047,33,19,1.736842105263158,cone,cone
2048,79,17,4.647058823529412,cone,jl
2049,75,63,1.1904761904761905,cone,cone
2050,46,13,3.5384615384615383,jl,jl
2051,20,26,0.7692307692307693,cone,cone
2052,34,14,2.4285714285714284,cone,jl
2053,23,23,1.0,lateral,lateral
2054,49,54,0.9074074074074074,cone,lateral
2055,36,14,2.5714285714285716,lateral,jl
2056,34,14,2.4285714285714284,jl,jl
2057,91,14,6.5,cone,jl
2058,40,19,2.1052631578947367,cone,cone
2059,45,45,1.0,lateral,lateral
2060,22,21,1.0476190476190477,cone,cone
2061,7,3,2.3333333333333335,jl,jl
2062,19,4,4.75,cone,jl
2063,84,20,4.2,cone,cone
2064,21,3,7.0,cone,jl
2065,100,44,2.272727272727273,cone,cone
2066,116,68,1.7058823529411764,cone,jl
2067,7,3,2.3333333333333335,jl,jl
2068,1,1,1.0,jl,jl
2069,53,12,4.416666666666667,cone,jl
2070,62,24,2.5833333333333335,cone,cone
2071,59,24,2.4583333333333335,cone,cone
2072,28,28,1.0,lateral,lateral
2073,41,26,1.5769230769230769,cone,jl
2074,44,22,2.0,cone,cone
2075,52,20,2.6,cone,cone
2076,66,38,1.736842105263158,jl,cone
2077,10,11,0.9090909090909091,jl,jl
2078,25,25,1.0,lateral,lateral
2079,62,30,2.066666666666667,cone,cone
2080,99,19,5.2105263157894735,cone,jl
2081,55,6,9.166666666666666,cone,jl
2082,46,27,1.7037037037037037,lateral,cone
2083,99,45,2.2,lateral,cone
2084,27,18,1.5,cone,cone
2085,42,5,8.4,cone,jl
2086,32,25,1.28,lateral,cone
2087,22,13,1.6923076923076923,jl,jl
2088,53,9,5.888888888888889,cone,jl
2089,13,6,2.1666666666666665,jl,jl
2090,16,14,1.1428571428571428,cone,cone
2091,40,37,1.0810810810810811,cone,cone
2092,52,45,1.1555555555555554,cone,cone
2093,1,5,0.2,collision,jl
2094,12,16,0.75,jl,jl
2095,14,14,1.0,cone,cone
2096,9,5,1.8,jl,jl
2097,53,35,1.5142857142857142,jl,jl
2098,26,23,1.1304347826086956,jl,jl
2099,26,18,1.4444444444444444,cone,cone
2100,47,12,3.9166666666666665,cone,cone
2101,17,21,0.8095238095238095,collision,jl
2102,47,10,4.7,jl,jl
2103,52,17,3.0588235294117645,cone,jl
2104,46,34,1.3529411764705883,cone,cone
2105,69,5,13.8,cone,jl
2106,106,36,2.9444444444444446,cone,cone
2107,46,16,2.875,cone,jl
2108,15,13,1.1538461538461537,collision,collision
2109,16,7,2.2857142857142856,jl,jl
2110,13,4,3.25,lateral,jl
2111,31,7,4.428571428571429,cone,jl
2112,21,6,3.5,cone,jl
2113,24,19,1.263157894736842,cone,cone
2114,71,25,2.84,cone,jl
2115,9,6,1.5,jl,jl
2116,22,3,7.333333333333333,jl,collision
2117,48,10,4.8,cone,jl
2118,21,14,1.5,jl,jl
2119,30,2,15.0,cone,jl
2120,70,18,3.888888888888889,jl,jl
2121,69,3,23.0,lateral,jl
2122,8,10,0.8,jl,jl
2123,21,3,7.0,cone,jl
2124,23,19,1.2105263157894737,cone,cone
2125,8,8,1.0,jl,jl
2126,25,24,1.0416666666666667,cone,cone
2127,6,14,0.42857142857142855,jl,jl
2128,83,40,2.075,cone,cone
2129,18,18,1.0,cone,cone
2130,26,21,1.2380952380952381,cone,cone
2131,119,25,4.76,cone,cone
2132,101,13,7.769230769230769,cone,jl
2133,82,24,3.4166666666666665,cone,cone
2134,21,18,1.1666666666666667,jl,jl
2135,104,4,26.0,jl,jl
2136,34,45,0.7555555555555555,jl,jl
2137,7,2,3.5,jl,jl
2138,41,26,1.5769230769230769,cone,cone
2139,20,19,1.0526315789473684,cone,cone
2140,61,22,2.772727272727273,cone,jl
2141,44,34,1.2941176470588236,jl,cone
2142,37,23,1.608695652173913,cone,jl
2143,92,56,1.6428571428571428,cone,cone
2144,52,40,1.3,cone,cone
2145,71,30,2.3666666666666667,cone,cone
2146,21,6,3.5,jl,jl
2147,88,11,8.0,jl,jl
2148,136,19,7.157894736842105,cone,cone
2149,44,44,1.0,lateral,lateral
2150,27,6,4.5,cone,jl
2151,61,26,2.3461538461538463,lateral,jl
2152,16,16,1.0,lateral,lateral
2153,63,13,4.846153846153846,cone,jl
2154,63,22,2.8636363636363638,lateral,jl
2155,27,2,13.5,jl,jl
2156,30,13,2.3076923076923075,jl,cone
2157,8,15,0.5333333333333333,jl,jl
2158,69,30,2.3,cone,jl
2159,42,24,1.75,cone,cone
2160,73,4,18.25,lateral,jl
2161,73,36,2.0277777777777777,cone,jl
2162,55,26,2.1153846153846154,cone,jl
2163,55,52,1.0576923076923077,lateral,cone
2164,1,6,0.16666666666666666,jl,jl
2165,33,24,1.375,jl,cone
2166,83,7,11.857142857142858,cone,jl
2167,49,19,2.5789473684210527,cone,cone
2168,20,21,0.9523809523809523,cone,cone
2169,57,10,5.7,cone,jl
2170,78,14,5.571428571428571,cone,jl
2171,16,13,1.2307692307692308,cone,jl
2172,12,13,0.9230769230769231,jl,jl
2173,21,20,1.05,jl,jl
2174,20,14,1.4285714285714286,cone,cone
2175,20,7,2.857142857142857,jl,jl
2176,83,10,8.3,cone,jl
2177,66,35,1.8857142857142857,cone,jl
2178,17,9,1.8888888888888888,jl,jl
2179,47,14,3.357142857142857,cone,jl
2180,31,8,3.875,jl,jl
2181,26,20,1.3,cone,cone
2182,51,52,0.9807692307692307,cone,cone
2183,51,34,1.5,cone,cone
2184,59,18,3.2777777777777777,cone,jl
2185,136,20,6.8,cone,cone
2186,5,2,2.5,jl,jl
2187,47,22,2.1363636363636362,cone,jl
2188,94,20,4.7,cone,jl
2189,22,13,1.6923076923076923,cone,cone
2190,43,15,2.8666666666666667,jl,jl
2191,25,8,3.125,lateral,jl
2192,80,8,10.0,jl,jl
2193,39,32,1.21875,cone,jl
2194,71,13,5.461538461538462,cone,jl
2195,25,25,1.0,cone,cone
2196,29,12,2.4166666666666665,cone,jl
2197,37,38,0.9736842105263158,jl,cone
2198,39,33,1.1818181818181819,cone,cone
2199,30,26,1.1538461538461537,cone,cone
2200,20,19,1.0526315789473684,cone,cone
2201,37,3,12.333333333333334,cone,jl
2202,19,18,1.0555555555555556,cone,cone
2203,49,13,3.769230769230769,cone,jl
2204,22,24,0.9166666666666666,jl,cone
2205,19,14,1.3571428571428572,cone,jl
2206,34,30,1.1333333333333333,cone,cone
2207,35,20,1.75,cone,jl
2208,41,29,1.4137931034482758,cone,cone
2209,58,11,5.2727272727272725,cone,jl
2210,45,10,4.5,cone,jl
2211,32,11,2.909090909090909,cone,jl
2212,61,24,2.5416666666666665,cone,jl
2213,54,29,1.8620689655172413,cone,cone
2214,90,38,2.3684210526315788,cone,jl
2215,31,28,1.1071428571428572,cone,cone
2216,24,10,2.4,cone,jl
2217,23,21,1.0952380952380953,cone,cone
2218,17,15,1.1333333333333333,cone,cone
2219,102,69,1.4782608695652173,jl,jl
2220,16,19,0.8421052631578947,jl,jl
2221,40,31,1.2903225806451613,cone,cone
2222,36,35,1.0285714285714285,cone,cone
2223,55,30,1.8333333333333333,jl,cone
2224,139,25,5.56,cone,cone
2225,24,7,3.4285714285714284,cone,jl
2226,33,4,8.25,cone,jl
2227,88,60,1.4666666666666666,lateral,jl
2228,108,15,7.2,cone,jl
2229,27,27,1.0,cone,cone
2230,32,11,2.909090909090909,jl,jl
2231,50,18,2.7777777777777777,cone,cone
2232,17,7,2.4285714285714284,jl,jl
2233,29,8,3.625,cone,jl
2234,23,13,1.7692307692307692,jl,jl
2235,111,34,3.264705882352941,cone,jl
2236,52,26,2.0,cone,cone
2237,25,14,1.7857142857142858,cone,jl
2238,42,20,2.1,cone,cone
2239,25,25,1.0,cone,cone
2240,18,17,1.0588235294117647,cone,cone
2241,21,7,3.0,cone,jl
2242,16,34,0.47058823529411764,jl,jl
2243,17,15,1.1333333333333333,cone,cone
2244,58,26,2.230769230769231,cone,cone
2245,30,48,0.625,jl,jl
2246,21,6,3.5,cone,jl
2247,11,9,1.2222222222222223,jl,jl
2248,39,23,1.6956521739130435,cone,jl
2249,2,1,2.0,jl,jl
2250,36,1,36.0,cone,jl
2251,19,12,1.5833333333333333,jl,jl
2252,33,17,1.9411764705882353,cone,jl
2253,28,7,4.0,cone,jl
2254,16,7,2.2857142857142856,collision,jl
2255,10,7,1.4285714285714286,jl,jl
2256,19,20,0.95,cone,jl
2257,24,25,0.96,cone,cone
2258,14,11,1.2727272727272727,jl,jl
2259,28,28,1.0,jl,cone
2260,18,17,1.0588235294117647,cone,cone
2261,46,21,2.1904761904761907,cone,jl
2262,8,4,2.0,jl,jl
2263,20,6,3.3333333333333335,lateral,jl
2264,15,10,1.5,jl,jl
2265,114,8,14.25,cone,collision
2266,124,18,6.888888888888889,cone,jl
2267,35,26,1.3461538461538463,cone,cone
2268,51,24,2.125,jl,jl
2269,42,30,1.4,cone,cone
2270,77,14,5.5,cone,jl
2271,44,8,5.5,jl,jl
2272,9,6,1.5,jl,jl
2273,79,8,9.875,cone,jl
2274,35,35,1.0,jl,jl
2275,71,33,2.1515151515151514,jl,cone
2276,1,1,1.0,jl,jl
2277,22,18,1.2222222222222223,cone,cone
2278,15,16,0.9375,cone,cone
2279,26,3,8.666666666666666,cone,jl
2280,76,12,6.333333333333333,cone,collision
2281,78,34,2.2941176470588234,cone,cone
2282,31,30,1.0333333333333334,cone,cone
2283,36,4,9.0,cone,jl
2284,91,42,2.1666666666666665,lateral,jl
2285,57,32,1.78125,cone,cone
2286,73,46,1.5869565217391304,cone,cone
2287,70,36,1.9444444444444444,jl,jl
2288,17,17,1.0,lateral,lateral
2289,120,48,2.5,jl,jl
2290,25,23,1.0869565217391304,cone,cone
2291,53,12,4.416666666666667,jl,jl
2292,57,44,1.2954545454545454,cone,jl
2293,14,14,1.0,cone,cone
2294,25,21,1.1904761904761905,cone,jl
2295,28,22,1.2727272727272727,cone,cone
2296,84,34,2.4705882352941178,cone,jl
2297,24,20,1.2,cone,cone
2298,15,9,1.6666666666666667,collision,collision
2299,93,21,4.428571428571429,cone,jl
2300,42,42,1.0,lateral,lateral
2301,27,22,1.2272727272727273,cone,cone
2302,49,2,24.5,jl,jl
2303,15,7,2.142857142857143,jl,jl
2304,13,19,0.6842105263157895,jl,jl
2305,44,29,1.5172413793103448,cone,cone
2306,24,19,1.263157894736842,cone,cone
2307,27,13,2.076923076923077,jl,jl
2308,8,3,2.6666666666666665,jl,jl
2309,74,41,1.8048780487804879,cone,cone
2310,28,18,1.5555555555555556,cone,cone
2311,101,76,1.3289473684210527,jl,jl
2312,11,12,0.9166666666666666,cone,cone
2313,45,15,3.0,cone,jl
2314,24,20,1.2,cone,cone
2315,34,23,1.4782608695652173,lateral,jl
2316,31,13,2.3846153846153846,cone,jl
2317,49,44,1.1136363636363635,cone,jl
2318,28,5,5.6,cone,jl
2319,5,5,1.0,jl,jl
2320,76,37,2.054054054054054,jl,cone
2321,19,6,3.1666666666666665,jl,jl
2322,25,23,1.0869565217391304,cone,jl
2323,20,18,1.1111111111111112,jl,jl
2324,76,42,1.8095238095238095,cone,cone
2325,15,14,1.0714285714285714,cone,cone
2326,18,4,4.5,cone,jl
2327,10,10,1.0,lateral,lateral
2328,29,7,4.142857142857143,jl,jl
2329,31,18,1.7222222222222223,jl,jl
2330,18,18,1.0,cone,cone
2331,74,34,2.176470588235294,cone,jl
2332,18,2,9.0,cone,jl
2333,77,7,11.0,cone,collision
2334,22,9,2.4444444444444446,jl,collision
2335,48,35,1.3714285714285714,lateral,jl
2336,71,31,2.2903225806451615,cone,jl
2337,69,22,3.1363636363636362,lateral,cone
2338,15,1,15.0,jl,jl
2339,106,18,5.888888888888889,cone,jl
2340,19,18,1.0555555555555556,cone,cone
2341,23,10,2.3,jl,jl
2342,27,43,0.627906976744186,collision,jl
2343,34,2,17.0,jl,jl
2344,28,28,1.0,cone,cone
2345,33,33,1.0,cone,cone
2346,19,13,1.4615384615384615,cone,jl
2347,26,6,4.333333333333333,lateral,jl
2348,83,57,1.456140350877193,cone,cone
2349,73,28,2.607142857142857,jl,cone
2350,60,36,1.6666666666666667,cone,cone
2351,36,6,6.0,cone,jl
2352,71,43,1.6511627906976745,jl,jl
2353,17,11,1.5454545454545454,jl,jl
2354,37,14,2.642857142857143,jl,jl
2355,31,25,1.24,lateral,cone
2356,21,16,1.3125,cone,jl
2357,8,5,1.6,jl,jl
2358,50,24,2.0833333333333335,cone,cone
2359,91,3,30.333333333333332,cone,jl
2360,54,17,3.176470588235294,lateral,jl
2361,31,2,15.5,lateral,jl
2362,40,2,20.0,jl,jl
2363,45,42,1.0714285714285714,jl,jl
2364,90,1,90.0,cone,jl
2365,56,31,1.8064516129032258,lateral,jl
2366,6,5,1.2,jl,jl
2367,18,1,18.0,cone,jl
2368,47,6,7.833333333333333,jl,jl
2369,36,16,2.25,cone,cone
2370,44,43,1.0232558139534884,jl,jl
2371,42,27,1.5555555555555556,cone,cone
2372,15,25,0.6,jl,cone
2373,48,38,1.263157894736842,cone,cone
2374,27,16,1.6875,cone,cone
2375,36,22,1.6363636363636365,lateral,cone
2376,61,24,2.5416666666666665,cone,cone
2377,37,37,1.0,lateral,lateral
2378,35,18,1.9444444444444444,cone,cone
2379,28,29,0.9655172413793104,lateral,lateral
2380,23,23,1.0,lateral,lateral
2381,17,10,1.7,jl,jl
2382,64,46,1.391304347826087,jl,jl
2383,42,3,14.0,jl,jl
2384,54,23,2.347826086956522,jl,cone
2385,53,17,3.1176470588235294,cone,jl
2386,41,24,1.7083333333333333,cone,cone
2387,10,8,1.25,jl,jl
2388,26,18,1.4444444444444444,cone,cone
2389,75,14,5.357142857142857,jl,jl
2390,60,16,3.75,cone,jl
2391,34,22,1.5454545454545454,lateral,cone
2392,55,43,1.2790697674418605,cone,cone
2393,26,19,1.368421052631579,cone,cone
2394,22,1,22.0,jl,jl
2395,91,20,4.55,cone,cone
2396,18,9,2.0,cone,jl
2397,55,23,2.391304347826087,cone,cone
2398,12,13,0.9230769230769231,jl,jl
2399,34,6,5.666666666666667,jl,jl
2400,11,12,0.9166666666666666,jl,jl
2401,19,10,1.9,jl,jl
2402,63,37,1.7027027027027026,cone,cone
2403,24,13,1.8461538461538463,collision,collision
2404,27,23,1.173913043478261,cone,cone
2405,52,37,1.4054054054054055,cone,cone
2406,109,20,5.45,cone,collision
2407,68,34,2.0,cone,jl
2408,25,25,1.0,jl,jl
2409,20,19,1.0526315789473684,cone,cone
2410,35,9,3.888888888888889,cone,jl
2411,69,28,2.4642857142857144,cone,jl
2412,7,4,1.75,jl,jl
2413,5,9,0.5555555555555556,jl,jl
2414,35,16,2.1875,jl,jl
2415,1,1,1.0,jl,jl
2416,63,39,1.6153846153846154,cone,cone
2417,15,8,1.875,jl,jl
2418,34,26,1.3076923076923077,cone,cone
2419,16,19,0.8421052631578947,cone,cone
2420,33,30,1.1,jl,jl
2421,43,27,1.5925925925925926,cone,jl
2422,16,2,8.0,cone,jl
2423,76,19,4.0,cone,cone
2424,12,7,1.7142857142857142,jl,jl
2425,61,24,2.5416666666666665,cone,cone
2426,67,19,3.526315789473684,cone,jl
2427,22,3,7.333333333333333,jl,jl
2428,19,4,4.75,jl,jl
2429,46,17,2.7058823529411766,cone,jl
2430,20,3,6.666666666666667,cone,jl
2431,51,8,6.375,cone,jl
2432,34,37,0.918918918918919,cone,cone
2433,24,7,3.4285714285714284,jl,jl
2434,52,39,1.3333333333333333,lateral,jl
2435,42,7,6.0,cone,jl
2436,37,4,9.25,collision,jl
2437,99,11,9.0,cone,jl
2438,107,33,3.242424242424242,cone,cone
2439,22,14,1.5714285714285714,jl,jl
2440,32,8,4.0,cone,jl
2441,81,17,4.764705882352941,cone,jl
2442,26,15,1.7333333333333334,cone,cone
2443,47,23,2.0434782608695654,jl,jl
2444,50,1,50.0,cone,jl
2445,33,12,2.75,jl,collision
2446,66,7,9.428571428571429,lateral,jl
2447,22,18,1.2222222222222223,cone,collision
2448,53,6,8.833333333333334,cone,jl
2449,18,5,3.6,cone,jl
2450,44,16,2.75,collision,jl
2451,18,11,1.6363636363636365,jl,jl
2452,48,3,16.0,cone,jl
2453,15,16,0.9375,jl,jl
2454,20,8,2.5,jl,jl
2455,71,21,3.380952380952381,cone,cone
2456,17,13,1.3076923076923077,jl,jl
2457,57,33,1.7272727272727273,cone,jl
2458,103,46,2.239130434782609,cone,jl
2459,38,33,1.1515151515151516,jl,cone
2460,64,27,2.3703703703703702,cone,cone
2461,116,23,5.043478260869565,cone,jl
2462,47,32,1.46875,cone,jl
2463,47,11,4.2727272727272725,cone,jl
2464,20,12,1.6666666666666667,cone,jl
2465,22,16,1.375,cone,jl
2466,17,17,1.0,cone,cone
2467,32,2,16.0,cone,jl
2468,44,27,1.6296296296296295,cone,cone
2469,20,20,1.0,cone,cone
2470,15,4,3.75,jl,jl
2471,37,19,1.9473684210526316,cone,cone
2472,39,42,0.9285714285714286,jl,jl
2473,32,19,1.6842105263157894,cone,cone
2474,49,1,49.0,cone,jl
2475,77,63,1.2222222222222223,lateral,cone
2476,19,9,2.111111111111111,jl,jl
2477,41,1,41.0,cone,jl
2478,66,16,4.125,jl,jl
2479,63,47,1.3404255319148937,lateral,jl
2480,60,62,0.967741935483871,cone,cone
2481,32,12,2.6666666666666665,cone,jl
2482,18,17,1.0588235294117647,cone,cone
2483,44,14,3.142857142857143,cone,jl
2484,20,19,1.0526315789473684,cone,cone
2485,39,1,39.0,cone,jl
2486,80,3,26.666666666666668,cone,jl
2487,38,5,7.6,cone,jl
2488,71,30,2.3666666666666667,jl,cone
2489,22,27,0.8148148148148148,cone,jl
2490,70,4,17.5,cone,jl
2491,21,20,1.05,cone,cone
2492,31,8,3.875,cone,jl
2493,59,52,1.1346153846153846,cone,cone
2494,58,11,5.2727272727272725,cone,jl
2495,80,49,1.6326530612244898,jl,cone
2496,12,14,0.8571428571428571,jl,jl
2497,66,15,4.4,jl,jl
2498,71,15,4.733333333333333,cone,jl
2499,46,45,1.0222222222222221,cone,cone
2500,15,6,2.5,cone,jl
2501,17,17,1.0,cone,cone
2502,32,13,2.4615384615384617,cone,jl
2503,63,60,1.05,lateral,cone
2504,23,28,0.8214285714285714,cone,cone
2505,95,13,7.3076923076923075,cone,jl
2506,48,9,5.333333333333333,cone,jl
2507,29,21,1.380952380952381,cone,cone
2508,51,8,6.375,cone,jl
2509,15,7,2.142857142857143,cone,jl
2510,31,3,10.333333333333334,cone,jl
2511,47,5,9.4,cone,jl
2512,40,23,1.7391304347826086,cone,jl
2513,17,27,0.6296296296296297,jl,jl
2514,77,13,5.923076923076923,lateral,jl
2515,56,47,1.1914893617021276,jl,jl
2516,9,10,0.9,lateral,lateral
2517,88,14,6.285714285714286,cone,cone
2518,39,13,3.0,cone,jl
2519,26,7,3.7142857142857144,jl,jl
2520,16,16,1.0,cone,cone
2521,5,2,2.5,jl,jl
2522,88,11,8.0,jl,jl
2523,63,15,4.2,cone,jl
2524,13,1,13.0,jl,jl
2525,34,30,1.1333333333333333,jl,cone
2526,6,8,0.75,jl,jl
2527,20,11,1.8181818181818181,jl,jl
2528,98,39,2.5128205128205128,cone,cone
2529,60,15,4.0,cone,cone
2530,100,28,3.5714285714285716,cone,cone
2531,24,9,2.6666666666666665,jl,jl
2532,15,12,1.25,collision,collision
2533,45,25,1.8,jl,cone
2534,4,7,0.5714285714285714,jl,jl
2535,40,40,1.0,lateral,lateral
2536,59,9,6.555555555555555,lateral,jl
2537,19,26,0.7307692307692307,cone,cone
2538,43,24,1.7916666666666667,cone,cone
2539,78,17,4.588235294117647,lateral,jl
2540,89,23,3.869565217391304,cone,cone
2541,26,12,2.1666666666666665,jl,jl
2542,24,10,2.4,cone,jl
2543,36,27,1.3333333333333333,cone,jl
2544,24,18,1.3333333333333333,lateral,cone
2545,58,23,2.5217391304347827,cone,jl
2546,48,11,4.363636363636363,cone,jl
2547,21,20,1.05,cone,cone
2548,32,4,8.0,cone,jl
2549,42,37,1.135135135135135,lateral,cone
2550,46,35,1.3142857142857143,cone,cone
2551,85,21,4.0476190476190474,cone,cone
2552,75,63,1.1904761904761905,cone,cone
2553,27,41,0.6585365853658537,jl,jl
2554,60,45,1.3333333333333333,cone,cone
2555,52,18,2.888888888888889,jl,jl
2556,27,28,0.9642857142857143,lateral,lateral
2557,78,39,2.0,cone,cone
2558,57,8,7.125,cone,jl
2559,43,3,14.333333333333334,cone,jl
2560,99,4,24.75,jl,jl
2561,51,34,1.5,cone,cone
2562,79,9,8.777777777777779,cone,jl
2563,65,41,1.5853658536585367,cone,cone
2564,58,18,3.2222222222222223,cone,jl
2565,41,5,8.2,cone,jl
2566,43,6,7.166666666666667,cone,jl
2567,27,20,1.35,cone,cone
2568,28,13,2.1538461538461537,collision,jl
2569,78,8,9.75,jl,jl
2570,23,9,2.5555555555555554,cone,jl
2571,26,9,2.888888888888889,lateral,jl
2572,27,16,1.6875,cone,jl
2573,50,21,2.380952380952381,cone,cone
2574,10,3,3.3333333333333335,jl,jl
2575,14,20,0.7,jl,cone
2576,19,19,1.0,lateral,lateral
2577,22,32,0.6875,cone,jl
2578,22,7,3.142857142857143,cone,jl
2579,18,18,1.0,lateral,lateral
2580,19,5,3.8,cone,jl
2581,96,51,1.8823529411764706,cone,cone
2582,55,31,1.7741935483870968,cone,cone
2583,24,24,1.0,cone,cone
2584,38,6,6.333333333333333,cone,jl
2585,4,16,0.25,jl,jl
2586,55,5,11.0,jl,jl
2587,45,39,1.1538461538461537,cone,jl
2588,45,14,3.2142857142857144,cone,jl
2589,51,1,51.0,cone,jl
2590,17,1,17.0,cone,jl
2591,23,19,1.2105263157894737,collision,jl
2592,22,23,0.9565217391304348,cone,jl
2593,59,23,2.5652173913043477,lateral,jl
2594,99,4,24.75,cone,jl
2595,53,28,1.8928571428571428,cone,cone
2596,38,21,1.8095238095238095,lateral,jl
2597,58,18,3.2222222222222223,cone,jl
2598,39,3,13.0,cone,jl
2599,10,7,1.4285714285714286,jl,jl
2600,10,10,1.0,lateral,lateral
2601,33,33,1.0,lateral,cone
2602,19,4,4.75,cone,jl
2603,38,23,1.6521739130434783,cone,cone
2604,45,25,1.8,cone,jl
2605,59,16,3.6875,jl,jl
2606,58,16,3.625,jl,cone
2607,1,1,1.0,jl,jl
2608,52,5,10.4,cone,jl
2609,20,9,2.2222222222222223,jl,jl
2610,16,15,1.0666666666666667,cone,cone
2611,54,38,1.4210526315789473,lateral,cone
2612,16,15,1.0666666666666667,jl,cone
2613,55,27,2.037037037037037,cone,cone
2614,41,41,1.0,lateral,lateral
2615,31,32,0.96875,cone,cone
2616,56,25,2.24,cone,jl
2617,14,1,14.0,jl,jl
2618,36,26,1.3846153846153846,cone,cone
2619,40,8,5.0,collision,jl
2620,57,21,2.7142857142857144,cone,cone
2621,120,15,8.0,jl,jl
2622,60,32,1.875,cone,jl
2623,22,8,2.75,cone,jl
2624,23,23,1.0,lateral,lateral
2625,18,10,1.8,cone,jl
2626,26,24,1.0833333333333333,cone,cone
2627,22,19,1.1578947368421053,cone,cone
2628,27,12,2.25,jl,jl
2629,29,20,1.45,collision,collision
2630,42,21,2.0,cone,cone
2631,98,13,7.538461538461538,cone,jl
2632,69,19,3.6315789473684212,cone,cone
2633,19,15,1.2666666666666666,cone,cone
2634,12,13,0.9230769230769231,jl,jl
2635,51,38,1.3421052631578947,lateral,cone
2636,16,17,0.9411764705882353,jl,jl
2637,21,19,1.105263157894737,cone,cone
2638,36,11,3.272727272727273,cone,jl
2639,12,12,1.0,lateral,lateral
2640,50,22,2.272727272727273,jl,jl
2641,31,17,1.8235294117647058,cone,cone
2642,36,32,1.125,collision,collision
2643,18,5,3.6,cone,jl
2644,17,4,4.25,jl,jl
2645,80,31,2.5806451612903225,cone,cone
2646,29,17,1.7058823529411764,cone,cone
2647,31,28,1.1071428571428572,cone,cone
2648,39,32,1.21875,cone,cone
2649,32,22,1.4545454545454546,cone,cone
2650,70,32,2.1875,cone,jl
2651,63,8,7.875,cone,jl
2652,40,7,5.714285714285714,cone,jl
2653,16,16,1.0,cone,cone
2654,60,5,12.0,cone,jl
2655,81,36,2.25,jl,jl
2656,95,33,2.878787878787879,cone,cone
2657,19,22,0.8636363636363636,cone,cone
2658,25,20,1.25,cone,jl
2659,17,22,0.7727272727272727,jl,cone
2660,59,19,3.1052631578947367,jl,cone
2661,52,22,2.3636363636363638,lateral,jl
2662,16,24,0.6666666666666666,jl,jl
2663,31,14,2.2142857142857144,cone,jl
2664,22,21,1.0476190476190477,cone,cone
2665,39,36,1.0833333333333333,lateral,cone
2666,44,20,2.2,jl,jl
2667,26,35,0.7428571428571429,cone,jl
2668,46,14,3.2857142857142856,cone,jl
2669,29,11,2.6363636363636362,cone,jl
2670,39,10,3.9,lateral,jl
2671,42,26,1.6153846153846154,jl,jl
2672,52,5,10.4,cone,jl
2673,15,15,1.0,lateral,lateral
2674,85,30,2.8333333333333335,cone,jl
2675,31,21,1.4761904761904763,cone,jl
2676,20,20,1.0,cone,cone
2677,14,6,2.3333333333333335,lateral,jl
2678,16,16,1.0,lateral,lateral
2679,32,29,1.103448275862069,cone,cone
2680,97,23,4.217391304347826,cone,jl
2681,37,21,1.7619047619047619,cone,cone
2682,7,3,2.3333333333333335,jl,jl
2683,44,22,2.0,jl,jl
2684,7,12,0.5833333333333334,jl,jl
2685,16,8,2.0,jl,jl
2686,8,9,0.8888888888888888,jl,jl
2687,73,56,1.3035714285714286,cone,jl
2688,56,19,2.9473684210526314,cone,cone
2689,40,20,2.0,cone,jl
2690,64,46,1.391304347826087,cone,cone
2691,86,24,3.5833333333333335,cone,cone
2692,38,38,1.0,cone,cone
2693,48,19,2.526315789473684,cone,jl
2694,36,28,1.2857142857142858,cone,cone
2695,29,9,3.2222222222222223,jl,jl
2696,43,36,1.1944444444444444,jl,jl
2697,17,20,0.85,jl,collision
2698,12,2,6.0,jl,jl
2699,110,21,5.238095238095238,cone,cone
2700,23,14,1.6428571428571428,cone,jl
2701,46,40,1.15,lateral,cone
2702,16,3,5.333333333333333,cone,jl
2703,61,12,5.083333333333333,jl,jl
2704,38,22,1.7272727272727273,cone,cone
2705,38,31,1.2258064516129032,cone,cone
2706,37,17,2.176470588235294,jl,jl
2707,96,12,8.0,cone,jl
2708,50,36,1.3888888888888888,cone,cone
2709,16,16,1.0,cone,cone
2710,57,13,4.384615384615385,jl,jl
2711,24,20,1.2,cone,jl
2712,30,31,0.967741935483871,cone,cone
2713,16,4,4.0,jl,jl
2714,28,7,4.0,cone,jl
2715,18,9,2.0,jl,jl
2716,33,1,33.0,cone,jl
2717,89,19,4.684210526315789,cone,cone
2718,54,27,2.0,cone,jl
2719,36,3,12.0,collision,jl
2720,29,29,1.0,cone,cone
2721,23,20,1.15,lateral,cone
2722,38,31,1.2258064516129032,jl,cone
2723,42,2,21.0,cone,jl
2724,19,6,3.1666666666666665,jl,jl
2725,23,18,1.2777777777777777,cone,cone
2726,17,19,0.8947368421052632,jl,jl
2727,71,64,1.109375,lateral,cone
2728,31,24,1.2916666666666667,cone,cone
2729,23,15,1.5333333333333334,cone,jl
2730,30,6,5.0,lateral,jl
2731,18,17,1.0588235294117647,jl,jl
2732,29,1,29.0,jl,jl
2733,61,19,3.210526315789474,cone,jl
2734,22,5,4.4,lateral,jl
2735,68,17,4.0,cone,jl
2736,46,37,1.2432432432432432,lateral,cone
2737,42,14,3.0,cone,jl
2738,32,23,1.391304347826087,cone,cone
2739,99,20,4.95,cone,jl
2740,32,27,1.1851851851851851,jl,cone
2741,47,14,3.357142857142857,cone,jl
2742,57,10,5.7,cone,jl
2743,119,28,4.25,cone,cone
2744,28,7,4.0,cone,jl
2745,30,10,3.0,cone,jl
2746,16,15,1.0666666666666667,cone,cone
2747,21,16,1.3125,cone,cone
2748,23,6,3.8333333333333335,cone,jl
2749,17,9,1.8888888888888888,lateral,jl
2750,18,17,1.0588235294117647,cone,cone
2751,85,39,2.1794871794871793,jl,jl
2752,38,8,4.75,jl,jl
2753,27,16,1.6875,cone,jl
2754,22,17,1.2941176470588236,cone,jl
2755,21,18,1.1666666666666667,jl,jl
2756,54,32,1.6875,jl,jl
2757,73,21,3.4761904761904763,cone,jl
2758,54,23,2.347826086956522,cone,cone
2759,50,51,0.9803921568627451,cone,cone
2760,72,31,2.3225806451612905,cone,cone
2761,61,17,3.588235294117647,cone,jl
2762,28,22,1.2727272727272727,cone,cone
2763,34,34,1.0,cone,cone
2764,26,25,1.04,cone,cone
2765,85,15,5.666666666666667,cone,jl
2766,29,26,1.1153846153846154,cone,cone
2767,57,12,4.75,jl,jl
2768,84,55,1.5272727272727273,cone,cone
2769,27,18,1.5,cone,cone
2770,65,18,3.611111111111111,cone,cone
2771,22,3,7.333333333333333,cone,jl
2772,16,3,5.333333333333333,cone,jl
2773,25,17,1.4705882352941178,cone,cone
2774,91,18,5.055555555555555,jl,jl
2775,49,3,16.333333333333332,cone,jl
2776,27,11,2.4545454545454546,cone,jl
2777,63,25,2.52,cone,cone
2778,15,36,0.4166666666666667,jl,jl
2779,47,21,2.238095238095238,jl,jl
2780,28,16,1.75,cone,jl
2781,25,8,3.125,jl,jl
2782,23,3,7.666666666666667,cone,jl
2783,25,10,2.5,jl,jl
2784,15,15,1.0,cone,cone
2785,47,6,7.833333333333333,cone,jl
2786,74,16,4.625,cone,jl
2787,35,9,3.888888888888889,cone,jl
2788,65,21,3.0952380952380953,cone,cone
2789,12,12,1.0,cone,cone
2790,58,28,2.0714285714285716,cone,jl
2791,88,26,3.3846153846153846,cone,cone
2792,59,19,3.1052631578947367,jl,cone
2793,51,8,6.375,cone,jl
2794,64,66,0.9696969696969697,cone,cone
2795,39,4,9.75,jl,jl
2796,10,11,0.9090909090909091,lateral,lateral
2797,49,4,12.25,jl,jl
2798,30,11,2.727272727272727,cone,jl
2799,39,10,3.9,lateral,jl
2800,46,11,4.181818181818182,jl,jl
2801,50,40,1.25,cone,jl
2802,80,7,11.428571428571429,jl,jl
2803,61,20,3.05,cone,cone
2804,82,17,4.823529411764706,jl,jl
2805,49,36,1.3611111111111112,cone,cone
2806,47,7,6.714285714285714,cone,jl
2807,23,8,2.875,jl,jl
2808,33,16,2.0625,cone,jl
2809,43,27,1.5925925925925926,jl,jl
2810,35,21,1.6666666666666667,jl,cone
2811,47,3,15.666666666666666,cone,jl
2812,80,67,1.1940298507462686,cone,cone
2813,68,11,6.181818181818182,cone,jl
2814,1,1,1.0,jl,jl
2815,19,17,1.1176470588235294,cone,cone
2816,23,19,1.2105263157894737,cone,cone
2817,46,13,3.5384615384615383,lateral,jl
2818,13,8,1.625,jl,jl
2819,24,1,24.0,jl,jl
2820,23,8,2.875,cone,jl
2821,92,15,6.133333333333334,cone,cone
2822,39,34,1.1470588235294117,jl,cone
2823,11,10,1.1,cone,cone
2824,21,31,0.6774193548387096,cone,cone
2825,65,33,1.9696969696969697,cone,cone
2826,45,23,1.9565217391304348,cone,cone
2827,30,1,30.0,cone,jl
2828,14,12,1.1666666666666667,jl,cone
2829,31,26,1.1923076923076923,cone,cone
2830,124,20,6.2,cone,cone
2831,11,4,2.75,collision,jl
2832,18,17,1.0588235294117647,cone,cone
2833,82,16,5.125,lateral,jl
2834,20,18,1.1111111111111112,cone,cone
2835,36,3,12.0,lateral,jl
2836,30,14,2.142857142857143,jl,jl
2837,47,15,3.1333333333333333,jl,cone
2838,60,3,20.0,jl,jl
2839,31,12,2.5833333333333335,jl,cone
2840,62,16,3.875,collision,jl
2841,83,9,9.222222222222221,cone,jl
2842,29,29,1.0,lateral,lateral
2843,92,7,13.142857142857142,cone,jl
2844,58,14,4.142857142857143,cone,jl
2845,26,25,1.04,cone,cone
2846,25,16,1.5625,cone,cone
2847,48,28,1.7142857142857142,cone,jl
2848,16,16,1.0,cone,cone
2849,24,6,4.0,lateral,jl
2850,30,10,3.0,jl,jl
2851,41,21,1.9523809523809523,jl,cone
2852,27,14,1.9285714285714286,jl,cone
2853,26,11,2.3636363636363638,cone,jl
2854,2,3,0.6666666666666666,jl,jl
2855,46,24,1.9166666666666667,cone,jl
2856,19,4,4.75,lateral,jl
2857,71,30,2.3666666666666667,cone,cone
2858,9,2,4.5,jl,jl
2859,35,29,1.206896551724138,cone,cone
2860,57,43,1.3255813953488371,lateral,cone
2861,46,31,1.4838709677419355,cone,jl
2862,49,26,1.8846153846153846,lateral,jl
2863,56,22,2.5454545454545454,cone,jl
2864,27,24,1.125,cone,cone
2865,91,18,5.055555555555555,cone,jl
2866,36,18,2.0,cone,jl
2867,47,23,2.0434782608695654,lateral,jl
2868,13,13,1.0,lateral,lateral
2869,66,4,16.5,cone,jl
2870,22,22,1.0,cone,cone
2871,63,21,3.0,lateral,jl
2872,42,17,2.4705882352941178,cone,jl
2873,119,24,4.958333333333333,cone,jl
2874,51,27,1.8888888888888888,cone,jl
2875,91,12,7.583333333333333,cone,collision
2876,25,3,8.333333333333334,jl,jl
2877,56,57,0.9824561403508771,cone,cone
2878,13,18,0.7222222222222222,cone,jl
2879,87,19,4.578947368421052,cone,jl
2880,68,18,3.7777777777777777,jl,jl
2881,28,6,4.666666666666667,jl,jl
2882,22,21,1.0476190476190477,lateral,lateral
2883,24,15,1.6,cone,cone
2884,34,16,2.125,jl,jl
2885,19,10,1.9,cone,collision
2886,37,28,1.3214285714285714,cone,cone
2887,33,33,1.0,cone,cone
2888,80,14,5.714285714285714,cone,jl
2889,18,7,2.5714285714285716,cone,jl
2890,21,5,4.2,jl,jl
2891,29,17,1.7058823529411764,cone,cone
2892,28,17,1.6470588235294117,jl,jl
2893,113,19,5.947368421052632,cone,jl
2894,33,6,5.5,cone,jl
2895,28,34,0.8235294117647058,cone,jl
2896,32,9,3.5555555555555554,jl,jl
2897,1,36,0.027777777777777776,jl,cone
2898,16,16,1.0,cone,cone
2899,14,14,1.0,lateral,lateral
2900,11,4,2.75,jl,jl
2901,18,16,1.125,jl,jl
2902,34,17,2.0,cone,jl
2903,36,35,1.0285714285714285,cone,cone
2904,27,24,1.125,cone,cone
2905,65,37,1.7567567567567568,cone,cone
2906,98,86,1.1395348837209303,jl,jl
2907,5,2,2.5,jl,jl
2908,24,23,1.0434782608695652,cone,cone
2909,19,15,1.2666666666666666,lateral,jl
2910,26,17,1.5294117647058822,cone,cone
2911,7,4,1.75,jl,jl
2912,84,15,5.6,cone,cone
2913,59,27,2.185185185185185,cone,cone
2914,57,31,1.8387096774193548,cone,jl
2915,40,35,1.1428571428571428,cone,cone
2916,43,36,1.1944444444444444,lateral,cone
2917,27,17,1.588235294117647,jl,cone
2918,44,11,4.0,cone,jl
2919,58,7,8.285714285714286,cone,jl
2920,23,30,0.7666666666666667,cone,cone
2921,51,29,1.7586206896551724,cone,cone
2922,75,76,0.9868421052631579,jl,cone
2923,41,27,1.5185185185185186,cone,jl
2924,1,33,0.030303030303030304,jl,cone
2925,71,16,4.4375,cone,jl
2926,46,39,1.1794871794871795,lateral,cone
2927,36,13,2.769230769230769,cone,jl
2928,30,20,1.5,cone,jl
2929,15,14,1.0714285714285714,cone,cone
2930,88,13,6.769230769230769,cone,jl
2931,41,26,1.5769230769230769,cone,cone
2932,15,15,1.0,jl,jl
2933,12,22,0.5454545454545454,jl,jl
2934,11,6,1.8333333333333333,jl,jl
2935,18,18,1.0,cone,cone
2936,67,26,2.576923076923077,lateral,cone
2937,70,26,2.6923076923076925,cone,jl
2938,117,17,6.882352941176471,cone,cone
2939,31,22,1.4090909090909092,jl,jl
2940,96,33,2.909090909090909,cone,cone
2941,83,32,2.59375,cone,cone
2942,4,3,1.3333333333333333,jl,jl
2943,21,18,1.1666666666666667,cone,cone
2944,22,20,1.1,cone,cone
2945,39,16,2.4375,lateral,jl
2946,27,3,9.0,jl,jl
2947,42,30,1.4,lateral,cone
2948,26,23,1.1304347826086956,cone,cone
2949,15,16,0.9375,jl,jl
2950,18,15,1.2,cone,cone
2951,54,24,2.25,lateral,jl
2952,17,16,1.0625,cone,cone
2953,17,12,1.4166666666666667,cone,jl
2954,29,23,1.2608695652173914,cone,cone
2955,28,11,2.5454545454545454,collision,jl
2956,55,18,3.0555555555555554,jl,cone
2957,17,20,0.85,jl,jl
2958,21,17,1.2352941176470589,cone,jl
2959,54,10,5.4,cone,jl
2960,81,4,20.25,cone,jl
2961,9,10,0.9,jl,jl
2962,108,25,4.32,jl,cone
2963,57,20,2.85,jl,cone
2964,56,49,1.1428571428571428,jl,cone
2965,21,5,4.2,jl,jl
2966,18,18,1.0,lateral,lateral
2967,30,21,1.4285714285714286,lateral,jl
2968,79,17,4.647058823529412,cone,jl
2969,6,2,3.0,jl,jl
2970,62,19,3.263157894736842,cone,cone
2971,136,19,7.157894736842105,cone,jl
2972,43,11,3.909090909090909,jl,jl
2973,37,27,1.3703703703703705,cone,cone
2974,89,36,2.4722222222222223,jl,cone
2975,38,17,2.235294117647059,cone,jl
2976,66,32,2.0625,jl,jl
2977,72,58,1.2413793103448276,cone,jl
2978,29,17,1.7058823529411764,cone,cone
2979,14,14,1.0,lateral,lateral
2980,49,9,5.444444444444445,cone,jl
2981,27,14,1.9285714285714286,cone,jl
2982,53,19,2.789473684210526,cone,jl
2983,50,37,1.3513513513513513,jl,cone
2984,45,20,2.25,cone,jl
2985,41,16,2.5625,cone,jl
2986,24,12,2.0,jl,jl
2987,29,1,29.0,cone,jl
2988,79,18,4.388888888888889,jl,cone
2989,51,13,3.923076923076923,cone,jl
2990,66,24,2.75,cone,cone
2991,52,43,1.2093023255813953,cone,cone
2992,95,28,3.392857142857143,cone,cone
2993,77,23,3.347826086956522,lateral,jl
2994,64,16,4.0,cone,cone
2995,28,27,1.037037037037037,cone,cone
2996,18,7,2.5714285714285716,cone,jl
2997,55,13,4.230769230769231,cone,jl
2998,45,45,1.0,lateral,lateral
2999,13,13,1.0,cone,cone
3000,17,18,0.9444444444444444,cone,cone
3001,73,23,3.1739130434782608,cone,jl
3002,46,32,1.4375,cone,cone
3003,10,3,3.3333333333333335,jl,jl
3004,26,23,1.1304347826086956,cone,cone
3005,29,20,1.45,jl,jl
3006,46,7,6.571428571428571,cone,jl
3007,116,28,4.142857142857143,cone,cone
3008,24,22,1.0909090909090908,lateral,cone
3009,42,6,7.0,cone,jl
3010,41,39,1.0512820512820513,cone,cone
3011,61,7,8.714285714285714,cone,jl
3012,20,41,0.4878048780487805,cone,cone
3013,42,26,1.6153846153846154,cone,cone
3014,48,23,2.0869565217391304,jl,jl
3015,88,21,4.190476190476191,cone,cone
3016,25,21,1.1904761904761905,cone,cone
3017,27,27,1.0,cone,cone
3018,20,36,0.5555555555555556,cone,jl
3019,22,6,3.6666666666666665,jl,jl
3020,33,12,2.75,lateral,jl
3021,29,24,1.2083333333333333,cone,cone
3022,47,9,5.222222222222222,lateral,jl
3023,43,25,1.72,jl,cone
3024,45,7,6.428571428571429,cone,jl
3025,74,28,2.642857142857143,cone,cone
3026,85,4,21.25,cone,jl
3027,26,8,3.25,cone,jl
3028,30,15,2.0,collision,collision
3029,120,16,7.5,cone,cone
3030,12,12,1.0,lateral,lateral
3031,38,16,2.375,cone,cone
3032,57,21,2.7142857142857144,cone,jl
3033,24,24,1.0,lateral,lateral
3034,69,8,8.625,cone,jl
3035,23,11,2.090909090909091,cone,jl
3036,18,17,1.0588235294117647,cone,cone
3037,9,7,1.2857142857142858,jl,jl
3038,93,25,3.72,jl,cone
3039,39,9,4.333333333333333,jl,jl
3040,26,7,3.7142857142857144,cone,jl
3041,77,47,1.6382978723404256,cone,jl
3042,37,24,1.5416666666666667,cone,cone
3043,85,23,3.6956521739130435,lateral,cone
3044,18,15,1.2,lateral,jl
3045,16,1,16.0,jl,jl
3046,15,8,1.875,jl,jl
3047,95,22,4.318181818181818,cone,cone
3048,48,19,2.526315789473684,cone,jl
3049,23,32,0.71875,jl,jl
3050,17,2,8.5,cone,jl
3051,21,6,3.5,jl,jl
3052,44,15,2.933333333333333,jl,jl
3053,1,1,1.0,jl,jl
3054,24,1,24.0,cone,jl
3055,9,4,2.25,jl,jl
3056,24,18,1.3333333333333333,jl,jl
3057,14,4,3.5,jl,jl
3058,60,27,2.2222222222222223,cone,cone
3059,39,15,2.6,cone,jl
3060,22,22,1.0,lateral,lateral
3061,29,21,1.380952380952381,cone,cone
3062,24,10,2.4,cone,jl
3063,56,20,2.8,jl,jl
3064,70,14,5.0,cone,jl
3065,5,4,1.25,jl,jl
3066,81,2,40.5,cone,jl
3067,56,33,1.696969696969697,cone,cone
3068,38,22,1.7272727272727273,cone,cone
3069,30,24,1.25,cone,cone
3070,38,16,2.375,cone,jl
3071,48,48,1.0,jl,jl
3072,49,25,1.96,cone,jl
3073,42,7,6.0,cone,jl
3074,40,33,1.2121212121212122,cone,cone
3075,75,26,2.8846153846153846,cone,cone
3076,48,14,3.4285714285714284,cone,jl
3077,71,8,8.875,jl,jl
3078,61,9,6.777777777777778,cone,jl
3079,13,10,1.3,cone,jl
3080,39,13,3.0,cone,jl
3081,78,15,5.2,cone,cone
3082,15,14,1.0714285714285714,lateral,lateral
3083,31,16,1.9375,jl,jl
3084,34,21,1.619047619047619,cone,jl
3085,15,15,1.0,cone,cone
3086,54,28,1.9285714285714286,cone,collision
3087,26,19,1.368421052631579,cone,cone
3088,52,27,1.9259259259259258,cone,cone
3089,15,22,0.6818181818181818,jl,cone
3090,32,26,1.2307692307692308,cone,cone
3091,24,9,2.6666666666666665,cone,collision
3092,27,12,2.25,cone,jl
3093,15,16,0.9375,lateral,lateral
3094,27,6,4.5,jl,jl
3095,83,19,4.368421052631579,cone,cone
3096,30,30,1.0,jl,jl
3097,25,24,1.0416666666666667,cone,cone
3098,24,7,3.4285714285714284,cone,jl
3099,57,46,1.2391304347826086,lateral,cone
3100,11,7,1.5714285714285714,jl,jl
3101,36,35,1.0285714285714285,lateral,lateral
3102,13,12,1.0833333333333333,lateral,lateral
3103,29,29,1.0,lateral,lateral
3104,63,15,4.2,cone,jl
3105,21,14,1.5,cone,cone
3106,97,19,5.105263157894737,lateral,cone
3107,33,16,2.0625,cone,jl
3108,94,24,3.9166666666666665,cone,jl
3109,67,8,8.375,cone,jl
3110,25,7,3.5714285714285716,cone,jl
3111,47,10,4.7,jl,jl
3112,26,11,2.3636363636363638,jl,jl
3113,39,29,1.3448275862068966,lateral,jl
3114,123,27,4.555555555555555,cone,cone
3115,33,25,1.32,jl,cone
3116,39,36,1.0833333333333333,lateral,cone
3117,76,14,5.428571428571429,cone,jl
3118,59,13,4.538461538461538,lateral,jl
3119,63,6,10.5,cone,jl
3120,46,6,7.666666666666667,jl,jl
3121,35,24,1.4583333333333333,cone,cone
3122,11,11,1.0,cone,cone
3123,42,3,14.0,jl,jl
3124,1,1,1.0,jl,jl
3125,33,26,1.2692307692307692,jl,cone
3126,28,36,0.7777777777777778,jl,cone
3127,60,21,2.857142857142857,cone,jl
3128,17,4,4.25,jl,jl
3129,24,10,2.4,jl,jl
3130,55,56,0.9821428571428571,lateral,lateral
3131,86,2,43.0,lateral,jl
3132,27,27,1.0,lateral,lateral
3133,19,17,1.1176470588235294,cone,jl
3134,44,28,1.5714285714285714,cone,cone
3135,13,1,13.0,lateral,jl
3136,65,35,1.8571428571428572,cone,cone
3137,51,51,1.0,lateral,lateral
3138,20,6,3.3333333333333335,cone,jl
3139,31,3,10.333333333333334,cone,jl
3140,32,13,2.4615384615384617,cone,jl
3141,98,25,3.92,cone,cone
3142,45,10,4.5,jl,jl
3143,20,14,1.4285714285714286,jl,jl
3144,43,28,1.5357142857142858,cone,jl
3145,41,39,1.0512820512820513,jl,collision
3146,20,18,1.1111111111111112,cone,cone
3147,2,2,1.0,jl,jl
3148,37,16,2.3125,cone,cone
3149,82,24,3.4166666666666665,cone,cone
3150,48,16,3.0,cone,jl
3151,54,14,3.857142857142857,jl,cone
3152,102,20,5.1,jl,cone
3153,53,5,10.6,lateral,jl
3154,81,51,1.588235294117647,cone,cone
3155,8,9,0.8888888888888888,jl,jl
3156,9,4,2.25,jl,jl
3157,64,35,1.8285714285714285,cone,jl
3158,55,3,18.333333333333332,cone,jl
3159,86,31,2.774193548387097,lateral,jl
3160,65,15,4.333333333333333,lateral,jl
3161,65,23,2.8260869565217392,jl,jl
3162,34,15,2.2666666666666666,jl,jl
3163,63,1,63.0,cone,collision
3164,17,9,1.8888888888888888,jl,jl
3165,66,50,1.32,cone,jl
3166,22,26,0.8461538461538461,jl,jl
3167,111,45,2.466666666666667,cone,jl
3168,46,47,0.9787234042553191,cone,jl
3169,60,18,3.3333333333333335,cone,cone
3170,12,9,1.3333333333333333,jl,jl
3171,13,12,1.0833333333333333,cone,cone
3172,14,14,1.0,jl,jl
3173,31,27,1.1481481481481481,jl,cone
3174,37,16,2.3125,jl,jl
3175,45,34,1.3235294117647058,cone,jl
3176,58,4,14.5,cone,jl
3177,12,5,2.4,collision,jl
3178,73,6,12.166666666666666,cone,collision
3179,28,18,1.5555555555555556,cone,cone
3180,21,19,1.105263157894737,cone,cone
3181,10,7,1.4285714285714286,jl,jl
3182,58,29,2.0,cone,cone
3183,79,4,19.75,jl,jl
3184,19,19,1.0,lateral,lateral
3185,15,10,1.5,jl,jl
3186,65,23,2.8260869565217392,cone,cone
3187,18,18,1.0,lateral,lateral
3188,43,4,10.75,cone,jl
3189,39,24,1.625,cone,cone
3190,46,21,2.1904761904761907,cone,cone
3191,48,12,4.0,cone,jl
3192,67,15,4.466666666666667,cone,cone
3193,61,28,2.1785714285714284,cone,jl
3194,10,10,1.0,cone,cone
3195,43,37,1.162162162162162,cone,cone
3196,38,25,1.52,cone,jl
3197,41,47,0.8723404255319149,cone,cone
3198,18,25,0.72,jl,jl
3199,34,27,1.2592592592592593,cone,cone
3200,37,30,1.2333333333333334,cone,cone
3201,22,17,1.2941176470588236,cone,cone
3202,24,12,2.0,jl,jl
3203,72,36,2.0,jl,jl
3204,29,8,3.625,jl,jl
3205,9,22,0.4090909090909091,jl,jl
3206,18,18,1.0,cone,cone
3207,73,30,2.433333333333333,jl,jl
3208,62,17,3.6470588235294117,lateral,jl
3209,29,11,2.6363636363636362,jl,jl
3210,22,12,1.8333333333333333,jl,cone
3211,121,23,5.260869565217392,cone,cone
3212,10,11,0.9090909090909091,lateral,lateral
3213,103,2,51.5,cone,jl
3214,21,1,21.0,cone,jl
3215,45,44,1.0227272727272727,lateral,lateral
3216,19,17,1.1176470588235294,cone,jl
3217,44,5,8.8,cone,jl
3218,47,8,5.875,cone,jl
3219,24,24,1.0,cone,cone
3220,16,10,1.6,jl,jl
3221,23,21,1.0952380952380953,jl,cone
3222,26,27,0.9629629629629629,jl,jl
3223,50,2,25.0,cone,jl
3224,17,4,4.25,cone,collision
3225,102,23,4.434782608695652,cone,cone
3226,33,28,1.1785714285714286,collision,jl
3227,46,47,0.9787234042553191,cone,cone
3228,16,17,0.9411764705882353,lateral,lateral
3229,14,2,7.0,cone,jl
3230,54,9,6.0,cone,jl
3231,56,12,4.666666666666667,jl,jl
3232,30,4,7.5,cone,jl
3233,32,14,2.2857142857142856,jl,jl
3234,60,9,6.666666666666667,cone,jl
3235,18,11,1.6363636363636365,cone,jl
3236,58,21,2.761904761904762,jl,jl
3237,62,25,2.48,cone,cone
3238,59,8,7.375,jl,jl
3239,54,4,13.5,cone,jl
3240,67,3,22.333333333333332,cone,jl
3241,69,23,3.0,jl,jl
3242,67,27,2.4814814814814814,lateral,jl
3243,30,8,3.75,lateral,jl
3244,10,14,0.7142857142857143,jl,jl
3245,50,2,25.0,jl,jl
3246,15,10,1.5,cone,jl
3247,74,7,10.571428571428571,cone,jl
3248,35,23,1.5217391304347827,cone,jl
3249,25,20,1.25,lateral,cone
3250,27,45,0.6,jl,jl
3251,59,30,1.9666666666666666,cone,cone
3252,19,17,1.1176470588235294,cone,cone
3253,34,10,3.4,cone,jl
3254,50,36,1.3888888888888888,cone,cone
3255,9,5,1.8,jl,jl
3256,38,10,3.8,lateral,jl
3257,52,2,26.0,cone,jl
3258,54,25,2.16,cone,cone
3259,4,5,0.8,jl,jl
3260,10,11,0.9090909090909091,jl,jl
3261,58,16,3.625,cone,jl
3262,32,26,1.2307692307692308,cone,cone
3263,27,24,1.125,jl,jl
3264,24,13,1.8461538461538463,cone,jl
3265,21,17,1.2352941176470589,cone,jl
3266,40,30,1.3333333333333333,cone,jl
3267,18,17,1.0588235294117647,jl,cone
3268,11,12,0.9166666666666666,lateral,lateral
3269,29,19,1.5263157894736843,jl,cone
3270,19,18,1.0555555555555556,cone,cone
3271,10,31,0.3225806451612903,jl,jl
3272,102,14,7.285714285714286,cone,jl
3273,20,17,1.1764705882352942,cone,cone
3274,127,24,5.291666666666667,cone,cone
3275,113,65,1.7384615384615385,jl,jl
3276,7,4,1.75,collision,collision
3277,14,6,2.3333333333333335,cone,jl
3278,15,4,3.75,jl,jl
3279,52,29,1.793103448275862,cone,jl
3280,71,36,1.9722222222222223,cone,jl
3281,14,14,1.0,cone,cone
3282,23,12,1.9166666666666667,jl,jl
3283,30,9,3.3333333333333335,jl,jl
3284,27,27,1.0,jl,cone
3285,24,24,1.0,lateral,lateral
3286,55,44,1.25,cone,cone
3287,75,12,6.25,jl,jl
3288,116,65,1.7846153846153847,jl,jl
3289,37,31,1.1935483870967742,cone,cone
3290,20,28,0.7142857142857143,jl,cone
3291,60,40,1.5,cone,jl
3292,74,36,2.0555555555555554,jl,cone
3293,35,18,1.9444444444444444,cone,cone
3294,34,18,1.8888888888888888,cone,jl
3295,56,26,2.1538461538461537,cone,cone
3296,22,18,1.2222222222222223,cone,cone
3297,57,33,1.7272727272727273,cone,jl
3298,94,21,4.476190476190476,cone,jl
3299,31,25,1.24,cone,cone
3300,84,6,14.0,jl,jl
3301,27,28,0.9642857142857143,lateral,lateral
3302,84,19,4.421052631578948,cone,cone
3303,28,32,0.875,cone,cone
3304,44,14,3.142857142857143,cone,jl
3305,57,3,19.0,cone,jl
3306,43,29,1.4827586206896552,cone,cone
3307,18,15,1.2,cone,cone
3308,27,7,3.857142857142857,cone,jl
3309,101,37,2.72972972972973,jl,jl
3310,60,26,2.3076923076923075,cone,jl
3311,72,38,1.894736842105263,cone,cone
3312,24,4,6.0,cone,jl
3313,30,23,1.3043478260869565,cone,cone
3314,18,9,2.0,jl,jl
3315,40,29,1.3793103448275863,cone,cone
3316,22,16,1.375,cone,jl
3317,14,19,0.7368421052631579,cone,cone
3318,52,22,2.3636363636363638,cone,jl
3319,12,12,1.0,lateral,lateral
3320,1,1,1.0,jl,jl
3321,43,25,1.72,jl,jl
3322,4,5,0.8,collision,collision
3323,33,13,2.5384615384615383,cone,jl
3324,63,48,1.3125,jl,jl
3325,21,19,1.105263157894737,cone,cone
3326,31,22,1.4090909090909092,cone,jl
3327,46,45,1.0222222222222221,cone,cone
3328,21,16,1.3125,collision,collision
3329,41,11,3.727272727272727,cone,jl
3330,40,9,4.444444444444445,jl,jl
3331,45,19,2.3684210526315788,cone,jl
3332,18,18,1.0,lateral,lateral
3333,28,28,1.0,lateral,lateral
3334,22,16,1.375,cone,jl
3335,31,16,1.9375,cone,cone
3336,23,22,1.0454545454545454,cone,cone
3337,5,7,0.7142857142857143,jl,jl
3338,20,16,1.25,cone,jl
3339,12,9,1.3333333333333333,jl,jl
3340,27,4,6.75,cone,jl
3341,3,2,1.5,jl,jl
3342,23,34,0.6764705882352942,jl,jl
3343,86,22,3.909090909090909,jl,jl
3344,18,9,2.0,cone,jl
3345,32,7,4.571428571428571,cone,jl
3346,42,39,1.0769230769230769,cone,cone
3347,40,40,1.0,cone,cone
3348,57,13,4.384615384615385,cone,jl
3349,7,9,0.7777777777777778,jl,jl
3350,8,5,1.6,jl,jl
3351,23,20,1.15,cone,cone
3352,24,17,1.411764705882353,cone,jl
3353,43,18,2.388888888888889,cone,jl
3354,52,37,1.4054054054054055,cone,cone
3355,40,35,1.1428571428571428,cone,cone
3356,14,14,1.0,lateral,lateral
3357,11,2,5.5,cone,jl
3358,25,15,1.6666666666666667,jl,jl
3359,31,24,1.2916666666666667,cone,cone
3360,21,3,7.0,cone,jl
3361,13,13,1.0,cone,lateral
3362,31,27,1.1481481481481481,lateral,cone
3363,53,52,1.0192307692307692,lateral,lateral
3364,37,6,6.166666666666667,cone,jl
3365,19,23,0.8260869565217391,cone,cone
3366,27,17,1.588235294117647,cone,cone
3367,15,12,1.25,jl,jl
3368,34,8,4.25,cone,jl
3369,36,30,1.2,cone,cone
3370,54,14,3.857142857142857,cone,cone
3371,45,18,2.5,cone,jl
3372,51,20,2.55,cone,jl
3373,121,43,2.813953488372093,cone,jl
3374,54,34,1.588235294117647,cone,cone
3375,39,38,1.0263157894736843,cone,cone
3376,9,27,0.3333333333333333,jl,cone
3377,61,12,5.083333333333333,cone,jl
3378,77,4,19.25,cone,jl
3379,47,16,2.9375,cone,cone
3380,22,3,7.333333333333333,cone,jl
3381,80,3,26.666666666666668,cone,jl
3382,65,6,10.833333333333334,jl,jl
3383,16,15,1.0666666666666667,lateral,jl
3384,75,1,75.0,cone,jl
3385,70,4,17.5,cone,jl
3386,45,20,2.25,cone,cone
3387,46,26,1.7692307692307692,cone,cone
3388,53,42,1.2619047619047619,cone,cone
3389,37,17,2.176470588235294,jl,jl
3390,19,5,3.8,jl,jl
3391,20,3,6.666666666666667,cone,jl
3392,71,5,14.2,cone,jl
3393,19,17,1.1176470588235294,jl,jl
3394,67,29,2.310344827586207,cone,cone
3395,1,2,0.5,jl,jl
3396,18,14,1.2857142857142858,cone,jl
3397,40,23,1.7391304347826086,jl,jl
3398,29,27,1.0740740740740742,cone,cone
3399,49,42,1.1666666666666667,jl,cone
3400,46,7,6.571428571428571,cone,jl
3401,1,1,1.0,jl,jl
3402,31,10,3.1,cone,jl
3403,23,11,2.090909090909091,cone,jl
3404,26,20,1.3,cone,jl
3405,10,8,1.25,jl,jl
3406,67,3,22.333333333333332,cone,jl
3407,63,36,1.75,cone,cone
3408,95,23,4.130434782608695,jl,jl
3409,33,43,0.7674418604651163,cone,cone
3410,42,25,1.68,cone,cone
3411,51,20,2.55,cone,cone
3412,34,19,1.7894736842105263,cone,cone
3413,33,25,1.32,cone,jl
3414,45,1,45.0,cone,jl
3415,1,2,0.5,jl,jl
3416,38,28,1.3571428571428572,lateral,cone
3417,68,54,1.2592592592592593,jl,jl
3418,29,10,2.9,lateral,jl
3419,25,10,2.5,cone,jl
3420,72,35,2.057142857142857,cone,cone
3421,44,22,2.0,cone,cone
3422,24,101,0.2376237623762376,cone,cone
3423,36,29,1.2413793103448276,cone,cone
3424,21,22,0.9545454545454546,jl,collision
3425,50,7,7.142857142857143,jl,jl
3426,57,52,1.0961538461538463,cone,cone
3427,19,23,0.8260869565217391,cone,cone
3428,45,15,3.0,cone,jl
3429,32,18,1.7777777777777777,cone,cone
3430,20,5,4.0,cone,jl
3431,16,11,1.4545454545454546,jl,jl
3432,22,20,1.1,cone,cone
3433,42,21,2.0,cone,jl
3434,9,9,1.0,jl,jl
3435,26,22,1.1818181818181819,cone,cone
3436,46,10,4.6,jl,jl
3437,65,21,3.0952380952380953,cone,jl
3438,21,25,0.84,cone,cone
3439,9,9,1.0,lateral,lateral
3440,41,26,1.5769230769230769,cone,cone
3441,34,14,2.4285714285714284,lateral,jl
3442,26,18,1.4444444444444444,cone,jl
3443,36,15,2.4,cone,jl
3444,25,17,1.4705882352941178,jl,jl
3445,25,8,3.125,cone,jl
3446,85,31,2.7419354838709675,jl,cone
3447,20,11,1.8181818181818181,jl,jl
3448,37,36,1.0277777777777777,cone,cone
3449,24,18,1.3333333333333333,cone,cone
3450,50,32,1.5625,cone,cone
3451,22,13,1.6923076923076923,cone,cone
3452,58,32,1.8125,cone,jl
3453,66,8,8.25,jl,jl
3454,84,30,2.8,jl,cone
3455,68,32,2.125,cone,cone
3456,27,19,1.4210526315789473,cone,cone
3457,23,24,0.9583333333333334,cone,cone
3458,8,30,0.26666666666666666,jl,cone
3459,61,43,1.4186046511627908,cone,cone
3460,26,1,26.0,cone,jl
3461,33,26,1.2692307692307692,cone,cone
3462,34,27,1.2592592592592593,cone,cone
3463,33,32,1.03125,cone,jl
3464,49,24,2.0416666666666665,jl,jl
3465,19,37,0.5135135135135135,cone,cone
3466,28,27,1.037037037037037,cone,cone
3467,30,18,1.6666666666666667,jl,jl
3468,61,13,4.6923076923076925,jl,jl
3469,49,5,9.8,jl,jl
3470,42,33,1.2727272727272727,cone,cone
3471,21,22,0.9545454545454546,lateral,lateral
3472,58,42,1.380952380952381,cone,jl
3473,48,28,1.7142857142857142,cone,cone
3474,20,19,1.0526315789473684,cone,cone
3475,10,10,1.0,lateral,lateral
3476,61,21,2.9047619047619047,cone,jl
3477,12,11,1.0909090909090908,jl,jl
3478,69,15,4.6,cone,jl
3479,33,30,1.1,collision,cone
3480,60,31,1.935483870967742,cone,cone
3481,17,37,0.4594594594594595,cone,cone
3482,30,22,1.3636363636363635,lateral,jl
3483,43,37,1.162162162162162,lateral,cone
3484,27,7,3.857142857142857,cone,jl
3485,25,25,1.0,cone,cone
3486,29,4,7.25,jl,jl
3487,18,15,1.2,cone,cone
3488,65,31,2.096774193548387,cone,jl
3489,12,12,1.0,lateral,lateral
3490,13,8,1.625,collision,collision
3491,31,24,1.2916666666666667,jl,jl
3492,126,60,2.1,cone,cone
3493,46,29,1.5862068965517242,cone,cone
3494,114,32,3.5625,cone,jl
3495,46,17,2.7058823529411766,cone,jl
3496,59,21,2.8095238095238093,cone,cone
3497,18,29,0.6206896551724138,cone,cone
3498,25,24,1.0416666666666667,jl,jl
3499,100,21,4.761904761904762,cone,cone
3500,30,6,5.0,cone,jl
3501,20,32,0.625,cone,collision
3502,25,15,1.6666666666666667,jl,jl
3503,49,27,1.8148148148148149,lateral,cone
3504,26,24,1.0833333333333333,cone,cone
3505,5,2,2.5,jl,jl
3506,22,24,0.9166666666666666,cone,cone
3507,35,6,5.833333333333333,cone,jl
3508,60,32,1.875,cone,cone
3509,70,4,17.5,cone,jl
3510,18,15,1.2,cone,cone
3511,35,27,1.2962962962962963,cone,cone
3512,30,5,6.0,cone,jl
3513,65,26,2.5,cone,cone
3514,13,14,0.9285714285714286,lateral,lateral
3515,47,6,7.833333333333333,jl,jl
3516,96,13,7.384615384615385,cone,jl
3517,61,42,1.4523809523809523,cone,cone
3518,34,26,1.3076923076923077,cone,cone
3519,27,23,1.173913043478261,cone,cone
3520,34,9,3.7777777777777777,jl,jl
3521,62,6,10.333333333333334,cone,jl
3522,58,37,1.5675675675675675,cone,cone
3523,56,9,6.222222222222222,jl,jl
3524,73,46,1.5869565217391304,cone,cone
3525,26,24,1.0833333333333333,jl,jl
3526,67,13,5.153846153846154,cone,jl
3527,31,17,1.8235294117647058,cone,jl
3528,66,29,2.2758620689655173,lateral,cone
3529,68,20,3.4,cone,cone
3530,52,6,8.666666666666666,lateral,jl
3531,15,15,1.0,lateral,lateral
3532,72,28,2.5714285714285716,jl,jl
3533,91,36,2.5277777777777777,cone,jl
3534,13,6,2.1666666666666665,jl,jl
3535,33,17,1.9411764705882353,jl,jl
3536,23,10,2.3,cone,jl
3537,41,28,1.4642857142857142,cone,jl
3538,54,32,1.6875,lateral,jl
3539,17,14,1.2142857142857142,cone,jl
3540,13,5,2.6,jl,jl
3541,84,5,16.8,cone,jl
3542,51,26,1.9615384615384615,cone,cone
3543,15,13,1.1538461538461537,cone,jl
3544,24,4,6.0,cone,jl
3545,57,57,1.0,lateral,lateral
3546,32,11,2.909090909090909,cone,jl
3547,55,19,2.8947368421052633,jl,jl
3548,13,3,4.333333333333333,jl,jl
3549,25,14,1.7857142857142858,cone,cone
3550,27,25,1.08,cone,cone
3551,28,21,1.3333333333333333,jl,jl
3552,38,4,9.5,cone,jl
3553,27,9,3.0,cone,jl
3554,33,4,8.25,cone,jl
3555,17,19,0.8947368421052632,cone,cone
3556,24,7,3.4285714285714284,cone,jl
3557,18,18,1.0,cone,cone
3558,78,40,1.95,cone,cone
3559,22,15,1.4666666666666666,cone,jl
3560,55,24,2.2916666666666665,cone,cone
3561,35,31,1.1290322580645162,cone,cone
3562,70,16,4.375,cone,cone
3563,41,27,1.5185185185185186,cone,jl
3564,19,12,1.5833333333333333,cone,jl
3565,81,19,4.2631578947368425,cone,cone
3566,37,12,3.0833333333333335,jl,jl
3567,24,9,2.6666666666666665,cone,jl
3568,77,8,9.625,jl,jl
3569,81,24,3.375,cone,jl
3570,32,32,1.0,cone,cone
3571,38,38,1.0,jl,jl
3572,77,46,1.673913043478261,cone,jl
3573,63,41,1.5365853658536586,cone,cone
3574,26,23,1.1304347826086956,cone,cone
3575,112,37,3.027027027027027,jl,cone
3576,25,23,1.0869565217391304,cone,cone
3577,36,10,3.6,jl,jl
3578,81,7,11.571428571428571,cone,jl
3579,50,32,1.5625,lateral,jl
3580,37,31,1.1935483870967742,cone,cone
3581,52,14,3.7142857142857144,cone,cone
3582,55,44,1.25,lateral,cone
3583,20,8,2.5,jl,jl
3584,77,26,2.9615384615384617,cone,cone
3585,43,16,2.6875,jl,jl
3586,16,11,1.4545454545454546,cone,jl
3587,22,17,1.2941176470588236,cone,jl
3588,78,16,4.875,cone,jl
3589,19,19,1.0,cone,cone
3590,32,32,1.0,lateral,lateral
3591,24,24,1.0,lateral,lateral
3592,50,10,5.0,jl,jl
3593,19,14,1.3571428571428572,cone,cone
3594,34,7,4.857142857142857,cone,jl
3595,11,9,1.2222222222222223,jl,jl
3596,34,23,1.4782608695652173,cone,cone
3597,40,45,0.8888888888888888,jl,cone
3598,82,35,2.342857142857143,cone,cone
3599,33,31,1.064516129032258,collision,jl
3600,13,9,1.4444444444444444,lateral,jl
3601,81,27,3.0,cone,cone
3602,28,24,1.1666666666666667,cone,jl
3603,70,32,2.1875,cone,cone
3604,50,5,10.0,cone,jl
3605,44,29,1.5172413793103448,cone,cone
3606,31,26,1.1923076923076923,lateral,cone
3607,56,33,1.696969696969697,cone,cone
3608,39,35,1.1142857142857143,jl,jl
3609,25,17,1.4705882352941178,cone,cone
3610,47,18,2.611111111111111,jl,jl
3611,21,6,3.5,cone,jl
3612,18,20,0.9,cone,cone
3613,53,11,4.818181818181818,jl,jl
3614,57,47,1.2127659574468086,cone,cone
3615,53,31,1.7096774193548387,cone,cone
3616,20,18,1.1111111111111112,cone,jl
3617,34,14,2.4285714285714284,cone,cone
3618,24,44,0.5454545454545454,cone,cone
3619,86,1,86.0,cone,jl
3620,53,6,8.833333333333334,jl,jl
3621,33,1,33.0,cone,jl
3622,48,21,2.2857142857142856,jl,cone
3623,27,27,1.0,cone,cone
3624,28,5,5.6,jl,jl
3625,23,15,1.5333333333333334,jl,jl
3626,84,45,1.8666666666666667,cone,cone
3627,9,2,4.5,jl,jl
3628,48,43,1.1162790697674418,jl,cone
3629,51,9,5.666666666666667,cone,collision
3630,85,25,3.4,jl,jl
3631,35,17,2.0588235294117645,cone,cone
3632,28,10,2.8,jl,jl
3633,27,25,1.08,cone,jl
3634,77,21,3.6666666666666665,cone,cone
3635,39,24,1.625,cone,cone
3636,6,12,0.5,jl,jl
3637,56,23,2.4347826086956523,cone,cone
3638,32,15,2.1333333333333333,jl,jl
3639,62,18,3.4444444444444446,jl,jl
3640,82,14,5.857142857142857,cone,cone
3641,48,14,3.4285714285714284,cone,jl
3642,91,28,3.25,cone,jl
3643,53,20,2.65,jl,cone
3644,51,14,3.642857142857143,jl,jl
3645,35,25,1.4,jl,cone
3646,14,12,1.1666666666666667,jl,jl
3647,19,17,1.1176470588235294,cone,cone
3648,22,20,1.1,cone,cone
3649,25,8,3.125,cone,jl
3650,21,28,0.75,cone,cone
3651,47,18,2.611111111111111,cone,jl
3652,7,3,2.3333333333333335,jl,jl
3653,114,19,6.0,lateral,cone
3654,39,33,1.1818181818181819,jl,cone
3655,77,69,1.1159420289855073,cone,jl
3656,101,20,5.05,cone,jl
3657,23,21,1.0952380952380953,cone,cone
3658,24,14,1.7142857142857142,cone,cone
3659,32,33,0.9696969696969697,jl,jl
3660,50,32,1.5625,cone,cone
3661,39,42,0.9285714285714286,cone,cone
3662,61,12,5.083333333333333,cone,jl
3663,120,16,7.5,cone,jl
3664,72,71,1.0140845070422535,lateral,lateral
3665,80,21,3.8095238095238093,cone,cone
3666,91,78,1.1666666666666667,cone,cone
3667,34,28,1.2142857142857142,cone,cone
3668,37,19,1.9473684210526316,cone,cone
3669,97,15,6.466666666666667,cone,jl
3670,48,20,2.4,cone,cone
3671,102,20,5.1,cone,cone
3672,95,23,4.130434782608695,cone,cone
3673,25,32,0.78125,cone,cone
3674,18,10,1.8,cone,jl
3675,59,25,2.36,cone,cone
3676,53,12,4.416666666666667,cone,cone
3677,68,20,3.4,cone,cone
3678,15,7,2.142857142857143,jl,jl
3679,69,23,3.0,cone,cone
3680,52,35,1.4857142857142858,jl,jl
3681,40,1,40.0,cone,jl
3682,80,14,5.714285714285714,cone,jl
3683,29,24,1.2083333333333333,collision,jl
3684,21,22,0.9545454545454546,lateral,lateral
3685,63,10,6.3,cone,jl
3686,48,25,1.92,cone,cone
3687,25,17,1.4705882352941178,cone,cone
3688,42,25,1.68,cone,cone
3689,49,40,1.225,cone,cone
3690,72,39,1.8461538461538463,jl,jl
3691,30,9,3.3333333333333335,cone,jl
3692,38,19,2.0,cone,cone
3693,19,18,1.0555555555555556,lateral,lateral
3694,66,14,4.714285714285714,cone,jl
3695,50,36,1.3888888888888888,jl,jl
3696,55,33,1.6666666666666667,lateral,jl
3697,13,13,1.0,lateral,lateral
3698,75,28,2.6785714285714284,cone,cone
3699,12,7,1.7142857142857142,lateral,jl
3700,13,9,1.4444444444444444,jl,jl
3701,96,15,6.4,cone,jl
3702,8,6,1.3333333333333333,jl,jl
3703,29,32,0.90625,cone,cone
3704,104,34,3.0588235294117645,cone,cone
3705,17,15,1.1333333333333333,cone,cone
3706,18,15,1.2,cone,jl
3707,39,18,2.1666666666666665,cone,cone
3708,26,10,2.6,cone,jl
3709,22,33,0.6666666666666666,jl,cone
3710,26,26,1.0,jl,jl
3711,12,9,1.3333333333333333,jl,jl
3712,107,32,3.34375,cone,cone
3713,25,4,6.25,cone,jl
3714,62,7,8.857142857142858,jl,jl
3715,53,42,1.2619047619047619,cone,cone
3716,27,18,1.5,cone,cone
3717,58,4,14.5,cone,jl
3718,83,15,5.533333333333333,cone,jl
3719,26,8,3.25,cone,jl
3720,24,20,1.2,cone,cone
3721,46,36,1.2777777777777777,cone,cone
3722,50,46,1.0869565217391304,cone,cone
3723,19,17,1.1176470588235294,cone,cone
3724,16,16,1.0,cone,cone
3725,25,10,2.5,cone,jl
3726,11,4,2.75,jl,jl
3727,65,21,3.0952380952380953,cone,jl
3728,23,21,1.0952380952380953,jl,jl
3729,46,22,2.090909090909091,cone,cone
3730,27,25,1.08,lateral,cone
3731,58,17,3.411764705882353,cone,cone
3732,21,17,1.2352941176470589,cone,cone
3733,57,13,4.384615384615385,cone,jl
3734,44,2,22.0,cone,jl
3735,54,55,0.9818181818181818,jl,cone
3736,9,40,0.225,jl,jl
3737,37,17,2.176470588235294,cone,cone
3738,16,15,1.0666666666666667,cone,cone
3739,23,18,1.2777777777777777,cone,jl
3740,77,21,3.6666666666666665,cone,cone
3741,49,30,1.6333333333333333,cone,jl
3742,40,24,1.6666666666666667,cone,cone
3743,22,7,3.142857142857143,cone,jl
3744,19,13,1.4615384615384615,cone,jl
3745,21,17,1.2352941176470589,cone,cone
3746,3,1,3.0,jl,jl
3747,8,11,0.7272727272727273,jl,jl
3748,22,15,1.4666666666666666,cone,jl
3749,45,34,1.3235294117647058,cone,cone
3750,26,17,1.5294117647058822,cone,jl
3751,61,18,3.388888888888889,lateral,jl
3752,16,7,2.2857142857142856,cone,jl
3753,3,9,0.3333333333333333,jl,jl
3754,46,21,2.1904761904761907,cone,jl
3755,56,15,3.7333333333333334,jl,jl
3756,12,2,6.0,collision,jl
3757,49,29,1.6896551724137931,cone,cone
3758,39,22,1.7727272727272727,jl,cone
3759,19,12,1.5833333333333333,jl,jl
3760,41,24,1.7083333333333333,jl,cone
3761,37,37,1.0,lateral,lateral
3762,36,32,1.125,lateral,cone
3763,75,15,5.0,cone,jl
3764,68,16,4.25,cone,jl
3765,100,22,4.545454545454546,cone,cone
3766,94,6,15.666666666666666,cone,jl
3767,24,17,1.411764705882353,cone,cone
3768,94,3,31.333333333333332,jl,jl
3769,105,21,5.0,jl,jl
3770,48,10,4.8,lateral,jl
3771,17,16,1.0625,cone,jl
3772,51,27,1.8888888888888888,cone,jl
3773,39,25,1.56,jl,cone
3774,45,22,2.0454545454545454,cone,cone
3775,43,37,1.162162162162162,lateral,cone
3776,24,7,3.4285714285714284,cone,jl
3777,33,18,1.8333333333333333,cone,jl
3778,27,14,1.9285714285714286,collision,cone
3779,46,25,1.84,cone,cone
3780,66,16,4.125,cone,jl
3781,23,18,1.2777777777777777,cone,cone
3782,106,19,5.578947368421052,cone,cone
3783,16,14,1.1428571428571428,lateral,jl
3784,27,28,0.9642857142857143,jl,jl
3785,27,29,0.9310344827586207,cone,cone
3786,25,28,0.8928571428571429,jl,cone
3787,50,33,1.5151515151515151,cone,cone
3788,58,29,2.0,cone,cone
3789,48,27,1.7777777777777777,cone,jl
3790,60,21,2.857142857142857,cone,cone
3791,56,22,2.5454545454545454,jl,cone
3792,21,9,2.3333333333333335,cone,jl
3793,20,6,3.3333333333333335,jl,jl
3794,50,50,1.0,lateral,lateral
3795,24,24,1.0,jl,jl
3796,31,35,0.8857142857142857,cone,cone
3797,51,9,5.666666666666667,cone,jl
3798,1,1,1.0,jl,jl
3799,28,25,1.12,cone,jl
3800,35,19,1.8421052631578947,cone,jl
3801,23,18,1.2777777777777777,cone,cone
3802,48,44,1.0909090909090908,lateral,cone
3803,71,30,2.3666666666666667,cone,cone
3804,98,2,49.0,cone,jl
3805,26,20,1.3,lateral,cone
3806,29,23,1.2608695652173914,lateral,cone
3807,25,3,8.333333333333334,jl,jl
3808,54,32,1.6875,lateral,jl
3809,93,30,3.1,cone,jl
3810,46,25,1.84,cone,jl
3811,21,17,1.2352941176470589,cone,cone
3812,39,16,2.4375,cone,jl
3813,19,18,1.0555555555555556,cone,cone
3814,66,39,1.6923076923076923,cone,cone
3815,31,25,1.24,cone,cone
3816,31,35,0.8857142857142857,collision,cone
3817,44,27,1.6296296296296295,cone,cone
3818,33,18,1.8333333333333333,jl,jl
3819,95,23,4.130434782608695,cone,jl
3820,43,13,3.3076923076923075,jl,jl
3821,15,6,2.5,jl,jl
3822,60,3,20.0,lateral,jl
3823,49,30,1.6333333333333333,cone,cone
3824,100,45,2.2222222222222223,cone,jl
3825,81,63,1.2857142857142858,cone,jl
3826,27,27,1.0,lateral,lateral
3827,56,50,1.12,cone,cone
3828,84,20,4.2,lateral,jl
3829,100,21,4.761904761904762,cone,jl
3830,19,13,1.4615384615384615,jl,jl
3831,38,38,1.0,lateral,lateral
3832,29,4,7.25,cone,jl
3833,47,4,11.75,jl,jl
3834,113,65,1.7384615384615385,jl,jl
3835,26,4,6.5,cone,jl
3836,20,43,0.46511627906976744,cone,cone
3837,39,19,2.0526315789473686,cone,cone
3838,54,15,3.6,cone,jl
3839,23,8,2.875,jl,jl
3840,30,20,1.5,cone,cone
3841,30,40,0.75,cone,cone
3842,51,34,1.5,cone,cone
3843,34,6,5.666666666666667,cone,jl
3844,31,13,2.3846153846153846,cone,cone
3845,63,16,3.9375,jl,jl
3846,31,22,1.4090909090909092,cone,jl
3847,28,37,0.7567567567567568,cone,jl
3848,1,2,0.5,jl,jl
3849,102,6,17.0,cone,collision
3850,25,30,0.8333333333333334,jl,jl
3851,69,33,2.090909090909091,cone,cone
3852,83,69,1.2028985507246377,jl,jl
3853,30,25,1.2,cone,cone
3854,34,14,2.4285714285714284,lateral,jl
3855,14,2,7.0,jl,jl
3856,49,2,24.5,lateral,jl
3857,76,46,1.6521739130434783,cone,jl
3858,27,7,3.857142857142857,cone,jl
3859,67,56,1.1964285714285714,cone,jl
3860,79,8,9.875,cone,jl
3861,85,2,42.5,cone,jl
3862,45,46,0.9782608695652174,cone,lateral
3863,56,55,1.018181818181818,lateral,lateral
3864,16,21,0.7619047619047619,cone,collision
3865,52,8,6.5,cone,jl
3866,116,19,6.105263157894737,jl,cone
3867,86,38,2.263157894736842,cone,jl
3868,16,6,2.6666666666666665,jl,jl
3869,66,11,6.0,jl,jl
3870,34,29,1.1724137931034482,cone,cone
3871,77,32,2.40625,cone,cone
3872,23,14,1.6428571428571428,cone,jl
3873,27,17,1.588235294117647,jl,cone
3874,54,13,4.153846153846154,cone,jl
3875,46,20,2.3,cone,cone
3876,62,30,2.066666666666667,cone,cone
3877,20,9,2.2222222222222223,jl,jl
3878,25,37,0.6756756756756757,cone,cone
3879,32,8,4.0,jl,jl
3880,70,19,3.6842105263157894,cone,cone
3881,28,26,1.0769230769230769,cone,cone
3882,60,35,1.7142857142857142,cone,cone
3883,21,11,1.9090909090909092,jl,jl
3884,20,7,2.857142857142857,cone,jl
3885,49,46,1.065217391304348,cone,cone
3886,18,11,1.6363636363636365,cone,jl
3887,58,14,4.142857142857143,cone,cone
3888,41,32,1.28125,cone,jl
3889,80,27,2.962962962962963,cone,cone
3890,18,15,1.2,cone,cone
3891,18,7,2.5714285714285716,jl,jl
3892,58,33,1.7575757575757576,cone,cone
3893,18,17,1.0588235294117647,jl,jl
3894,9,3,3.0,jl,jl
3895,19,19,1.0,cone,cone
3896,37,47,0.7872340425531915,cone,cone
3897,20,2,10.0,cone,jl
3898,77,39,1.9743589743589745,lateral,jl
3899,15,15,1.0,lateral,lateral
3900,29,29,1.0,lateral,lateral
3901,76,14,5.428571428571429,jl,jl
3902,14,6,2.3333333333333335,jl,jl
3903,22,18,1.2222222222222223,cone,cone
3904,110,19,5.7894736842105265,jl,cone
3905,17,16,1.0625,cone,cone
3906,12,2,6.0,cone,jl
3907,3,1,3.0,jl,jl
3908,30,20,1.5,jl,cone
3909,63,4,15.75,jl,jl
3910,16,1,16.0,jl,jl
3911,13,7,1.8571428571428572,collision,collision
3912,17,12,1.4166666666666667,cone,jl
3913,61,11,5.545454545454546,cone,jl
3914,17,4,4.25,jl,jl
3915,38,32,1.1875,jl,cone
3916,20,14,1.4285714285714286,cone,jl
3917,18,12,1.5,cone,cone
3918,5,17,0.29411764705882354,jl,cone
3919,25,23,1.0869565217391304,cone,cone
3920,20,27,0.7407407407407407,cone,jl
3921,21,14,1.5,cone,cone
3922,33,19,1.736842105263158,cone,cone
3923,60,4,15.0,jl,jl
3924,75,17,4.411764705882353,lateral,cone
3925,20,17,1.1764705882352942,cone,cone
3926,34,32,1.0625,cone,cone
3927,9,8,1.125,jl,jl
3928,21,11,1.9090909090909092,cone,jl
3929,98,3,32.666666666666664,cone,jl
3930,58,25,2.32,cone,cone
3931,43,9,4.777777777777778,jl,jl
3932,64,28,2.2857142857142856,cone,cone
3933,13,13,1.0,lateral,lateral
3934,19,18,1.0555555555555556,cone,cone
3935,46,24,1.9166666666666667,cone,jl
3936,35,19,1.8421052631578947,cone,jl
3937,9,20,0.45,jl,cone
3938,101,37,2.72972972972973,jl,jl
3939,22,23,0.9565217391304348,cone,cone
3940,101,18,5.611111111111111,cone,jl
3941,19,1,19.0,lateral,jl
3942,20,9,2.2222222222222223,jl,jl
3943,29,28,1.0357142857142858,cone,cone
3944,58,20,2.9,jl,jl
3945,46,7,6.571428571428571,cone,jl
3946,35,13,2.6923076923076925,jl,jl
3947,59,23,2.5652173913043477,cone,cone
3948,42,42,1.0,lateral,lateral
3949,26,19,1.368421052631579,cone,cone
3950,50,26,1.9230769230769231,jl,jl
3951,5,3,1.6666666666666667,jl,jl
3952,32,31,1.032258064516129,cone,cone
3953,70,36,1.9444444444444444,cone,cone
3954,18,17,1.0588235294117647,cone,cone
3955,38,7,5.428571428571429,cone,jl
3956,51,21,2.4285714285714284,cone,cone
3957,17,8,2.125,cone,jl
3958,19,14,1.3571428571428572,cone,cone
3959,41,6,6.833333333333333,lateral,jl
3960,38,34,1.1176470588235294,cone,cone
3961,17,16,1.0625,cone,cone
3962,18,14,1.2857142857142858,cone,cone
3963,42,6,7.0,cone,jl
3964,32,30,1.0666666666666667,cone,cone
3965,14,14,1.0,cone,cone
3966,48,4,12.0,jl,jl
3967,40,12,3.3333333333333335,jl,jl
3968,36,21,1.7142857142857142,cone,jl
3969,13,12,1.0833333333333333,cone,cone
3970,11,11,1.0,cone,cone
3971,68,16,4.25,cone,cone
3972,63,54,1.1666666666666667,cone,jl
3973,35,24,1.4583333333333333,jl,cone
3974,5,6,0.8333333333333334,jl,jl
3975,58,13,4.461538461538462,jl,cone
3976,16,16,1.0,lateral,lateral
3977,33,17,1.9411764705882353,cone,cone
3978,29,11,2.6363636363636362,cone,jl
3979,39,36,1.0833333333333333,cone,cone
3980,25,21,1.1904761904761905,cone,jl
3981,64,8,8.0,jl,jl
3982,29,27,1.0740740740740742,jl,jl
3983,44,36,1.2222222222222223,cone,cone
3984,26,6,4.333333333333333,jl,jl
3985,40,18,2.2222222222222223,cone,cone
3986,52,5,10.4,jl,jl
3987,2,1,2.0,jl,jl
3988,50,24,2.0833333333333335,cone,cone
3989,19,11,1.7272727272727273,cone,jl
3990,92,27,3.4074074074074074,cone,cone
3991,23,7,3.2857142857142856,cone,jl
3992,60,13,4.615384615384615,cone,cone
3993,62,31,2.0,cone,cone
3994,59,24,2.4583333333333335,lateral,jl
3995,46,4,11.5,cone,jl
3996,93,64,1.453125,cone,cone
3997,13,8,1.625,collision,collision
3998,62,80,0.775,jl,lateral
3999,25,23,1.0869565217391304,cone,cone
4000,31,31,1.0,lateral,lateral
4001,71,18,3.9444444444444446,lateral,jl
4002,18,12,1.5,cone,jl
4003,15,12,1.25,collision,collision
4004,21,17,1.2352941176470589,cone,cone
4005,27,18,1.5,cone,cone
4006,86,24,3.5833333333333335,cone,cone
4007,19,18,1.0555555555555556,cone,cone
4008,82,19,4.315789473684211,cone,cone
4009,31,24,1.2916666666666667,cone,jl
4010,1,1,1.0,jl,jl
4011,18,26,0.6923076923076923,jl,cone
4012,36,23,1.565217391304348,cone,cone
4013,84,25,3.36,cone,cone
4014,76,16,4.75,cone,jl
4015,45,27,1.6666666666666667,cone,cone
4016,100,22,4.545454545454546,cone,cone
4017,6,15,0.4,jl,jl
4018,17,11,1.5454545454545454,jl,jl
4019,35,20,1.75,cone,jl
4020,58,51,1.1372549019607843,cone,cone
4021,48,8,6.0,cone,jl
4022,50,12,4.166666666666667,lateral,jl
4023,33,21,1.5714285714285714,jl,jl
4024,13,12,1.0833333333333333,lateral,cone
4025,88,4,22.0,cone,jl
4026,98,39,2.5128205128205128,cone,cone
4027,36,9,4.0,cone,jl
4028,23,21,1.0952380952380953,cone,cone
4029,73,24,3.0416666666666665,cone,jl
4030,28,5,5.6,jl,jl
4031,60,12,5.0,jl,jl
4032,10,14,0.7142857142857143,jl,jl
4033,19,20,0.95,lateral,lateral
4034,9,2,4.5,jl,jl
4035,39,36,1.0833333333333333,cone,cone
4036,46,14,3.2857142857142856,cone,jl
4037,29,24,1.2083333333333333,cone,cone
4038,59,20,2.95,lateral,jl
4039,63,28,2.25,cone,jl
4040,40,48,0.8333333333333334,cone,jl
4041,64,11,5.818181818181818,cone,jl
4042,35,3,11.666666666666666,cone,jl
4043,44,7,6.285714285714286,jl,jl
4044,22,20,1.1,cone,cone
4045,62,15,4.133333333333334,cone,jl
4046,27,17,1.588235294117647,jl,jl
4047,48,28,1.7142857142857142,cone,cone
4048,22,8,2.75,cone,jl
4049,31,20,1.55,cone,jl
4050,17,17,1.0,cone,cone
4051,83,13,6.384615384615385,lateral,jl
4052,38,17,2.235294117647059,jl,jl
4053,29,16,1.8125,cone,jl
4054,69,20,3.45,cone,cone
4055,33,16,2.0625,cone,jl
4056,16,15,1.0666666666666667,cone,cone
4057,80,31,2.5806451612903225,cone,cone
4058,43,21,2.0476190476190474,lateral,cone
4059,30,13,2.3076923076923075,cone,jl
4060,27,10,2.7,jl,jl
4061,102,34,3.0,cone,cone
4062,50,22,2.272727272727273,cone,jl
4063,62,20,3.1,cone,cone
4064,29,19,1.5263157894736843,jl,jl
4065,32,22,1.4545454545454546,cone,cone
4066,9,6,1.5,jl,jl
4067,20,4,5.0,cone,jl
4068,40,31,1.2903225806451613,cone,cone
4069,19,19,1.0,lateral,lateral
4070,66,37,1.7837837837837838,jl,cone
4071,46,44,1.0454545454545454,jl,cone
4072,1,2,0.5,jl,jl
4073,49,25,1.96,cone,jl
4074,41,24,1.7083333333333333,cone,cone
4075,1,16,0.0625,jl,collision
4076,10,3,3.3333333333333335,jl,jl
4077,19,8,2.375,cone,jl
4078,1,2,0.5,jl,jl
4079,21,15,1.4,jl,cone
4080,30,11,2.727272727272727,cone,jl
4081,33,21,1.5714285714285714,cone,jl
4082,78,30,2.6,cone,cone
4083,34,25,1.36,jl,jl
4084,70,31,2.2580645161290325,cone,cone
4085,37,3,12.333333333333334,cone,jl
4086,51,19,2.6842105263157894,cone,cone
4087,13,13,1.0,lateral,lateral
4088,24,17,1.411764705882353,jl,jl
4089,54,19,2.8421052631578947,cone,jl
4090,13,16,0.8125,jl,jl
4091,22,21,1.0476190476190477,cone,cone
4092,59,40,1.475,cone,jl
4093,38,31,1.2258064516129032,cone,cone
4094,42,3,14.0,jl,jl
4095,50,12,4.166666666666667,cone,jl
4096,36,36,1.0,cone,cone
4097,12,11,1.0909090909090908,cone,jl
4098,27,16,1.6875,cone,jl
4099,5,1,5.0,jl,jl
4100,40,37,1.0810810810810811,cone,cone
4101,92,37,2.4864864864864864,cone,cone
4102,80,23,3.4782608695652173,cone,jl
4103,12,8,1.5,jl,jl
4104,29,24,1.2083333333333333,cone,cone
4105,55,10,5.5,jl,jl
4106,70,15,4.666666666666667,cone,jl
4107,71,35,2.0285714285714285,jl,cone
4108,36,4,9.0,cone,jl
4109,47,23,2.0434782608695654,cone,cone
4110,19,3,6.333333333333333,cone,jl
4111,65,35,1.8571428571428572,cone,jl
4112,58,46,1.2608695652173914,cone,cone
4113,46,9,5.111111111111111,collision,jl
4114,47,27,1.7407407407407407,cone,cone
4115,64,36,1.7777777777777777,cone,cone
4116,9,3,3.0,collision,jl
4117,93,22,4.2272727272727275,cone,cone
4118,31,24,1.2916666666666667,cone,cone
4119,16,14,1.1428571428571428,cone,cone
4120,98,37,2.6486486486486487,cone,cone
4121,37,24,1.5416666666666667,cone,jl
4122,14,3,4.666666666666667,jl,jl
4123,22,5,4.4,cone,jl
4124,21,28,0.75,cone,jl
4125,42,18,2.3333333333333335,cone,cone
4126,61,19,3.210526315789474,cone,cone
4127,63,5,12.6,cone,jl
4128,22,20,1.1,cone,jl
4129,22,23,0.9565217391304348,lateral,lateral
4130,35,3,11.666666666666666,cone,jl
4131,24,9,2.6666666666666665,jl,jl
4132,6,4,1.5,jl,jl
4133,26,22,1.1818181818181819,cone,cone
4134,70,27,2.5925925925925926,cone,cone
4135,21,21,1.0,lateral,lateral
4136,42,2,21.0,cone,jl
4137,56,15,3.7333333333333334,cone,jl
4138,34,21,1.619047619047619,cone,cone
4139,14,9,1.5555555555555556,jl,jl
4140,10,22,0.45454545454545453,jl,cone
4141,53,2,26.5,jl,jl
4142,80,30,2.6666666666666665,lateral,cone
4143,42,24,1.75,cone,jl
4144,1,2,0.5,jl,jl
4145,16,8,2.0,jl,jl
4146,53,53,1.0,lateral,lateral
4147,24,14,1.7142857142857142,collision,cone
4148,33,27,1.2222222222222223,cone,cone
4149,22,18,1.2222222222222223,cone,cone
4150,37,15,2.466666666666667,cone,jl
4151,58,14,4.142857142857143,cone,jl
4152,26,21,1.2380952380952381,cone,cone
4153,49,49,1.0,lateral,lateral
4154,45,15,3.0,cone,jl
4155,34,7,4.857142857142857,cone,jl
4156,15,7,2.142857142857143,cone,jl
4157,29,25,1.16,lateral,cone
4158,57,24,2.375,cone,jl
4159,50,29,1.7241379310344827,cone,cone
4160,28,17,1.6470588235294117,cone,cone
4161,37,26,1.4230769230769231,cone,cone
4162,59,23,2.5652173913043477,cone,jl
4163,65,10,6.5,cone,cone
4164,24,7,3.4285714285714284,jl,jl
4165,20,21,0.9523809523809523,cone,cone
4166,81,36,2.25,cone,cone
4167,73,46,1.5869565217391304,cone,cone
4168,21,9,2.3333333333333335,cone,jl
4169,38,22,1.7272727272727273,cone,jl
4170,20,13,1.5384615384615385,lateral,jl
4171,11,4,2.75,jl,jl
4172,29,18,1.6111111111111112,lateral,cone
4173,20,6,3.3333333333333335,cone,jl
4174,64,33,1.9393939393939394,cone,cone
4175,40,32,1.25,cone,cone
4176,35,17,2.0588235294117645,cone,cone
4177,20,16,1.25,cone,jl
4178,37,16,2.3125,jl,cone
4179,62,24,2.5833333333333335,cone,cone
4180,14,16,0.875,jl,jl
4181,4,2,2.0,jl,jl
4182,39,43,0.9069767441860465,cone,cone
4183,23,11,2.090909090909091,cone,jl
4184,15,4,3.75,jl,jl
4185,39,39,1.0,lateral,lateral
4186,55,13,4.230769230769231,cone,jl
4187,49,15,3.2666666666666666,cone,jl
4188,98,47,2.0851063829787235,cone,jl
4189,47,42,1.119047619047619,cone,cone
4190,11,15,0.7333333333333333,jl,jl
4191,31,6,5.166666666666667,cone,jl
4192,15,4,3.75,cone,jl
4193,6,11,0.5454545454545454,jl,jl
4194,31,41,0.7560975609756098,cone,cone
4195,8,6,1.3333333333333333,jl,jl
4196,75,13,5.769230769230769,jl,jl
4197,57,13,4.384615384615385,jl,jl
4198,52,2,26.0,lateral,jl
4199,26,21,1.2380952380952381,jl,jl
4200,22,22,1.0,cone,cone
4201,68,6,11.333333333333334,cone,jl
4202,65,25,2.6,cone,jl
4203,19,11,1.7272727272727273,cone,jl
4204,24,10,2.4,lateral,jl
4205,49,5,9.8,cone,jl
4206,27,2,13.5,collision,jl
4207,58,19,3.0526315789473686,cone,cone
4208,50,19,2.6315789473684212,cone,jl
4209,65,62,1.0483870967741935,cone,cone
4210,72,37,1.945945945945946,cone,cone
4211,70,35,2.0,cone,cone
4212,30,30,1.0,cone,cone
4213,40,12,3.3333333333333335,jl,jl
4214,24,34,0.7058823529411765,jl,jl
4215,64,28,2.2857142857142856,lateral,cone
4216,55,16,3.4375,cone,jl
4217,59,19,3.1052631578947367,cone,cone
4218,22,15,1.4666666666666666,jl,jl
4219,66,5,13.2,lateral,jl
4220,85,4,21.25,cone,jl
4221,2,1,2.0,jl,jl
4222,100,45,2.2222222222222223,cone,cone
4223,46,41,1.1219512195121952,cone,cone
4224,25,20,1.25,jl,cone
4225,18,9,2.0,jl,jl
4226,38,11,3.4545454545454546,cone,jl
4227,41,38,1.0789473684210527,lateral,jl
4228,25,13,1.9230769230769231,cone,jl
4229,6,4,1.5,jl,jl
4230,2,1,2.0,jl,jl
4231,19,12,1.5833333333333333,cone,jl
4232,38,12,3.1666666666666665,cone,jl
4233,86,16,5.375,cone,jl
4234,22,6,3.6666666666666665,jl,jl
4235,35,16,2.1875,jl,jl
4236,37,26,1.4230769230769231,lateral,jl
4237,40,23,1.7391304347826086,jl,jl
4238,60,28,2.142857142857143,lateral,jl
4239,91,21,4.333333333333333,cone,cone
4240,16,16,1.0,cone,cone
4241,81,27,3.0,cone,cone
4242,104,4,26.0,cone,jl
4243,33,28,1.1785714285714286,cone,jl
4244,41,36,1.1388888888888888,lateral,cone
4245,23,23,1.0,cone,cone
4246,69,39,1.7692307692307692,jl,cone
4247,26,10,2.6,cone,jl
4248,62,12,5.166666666666667,cone,jl
4249,27,6,4.5,cone,jl
4250,22,8,2.75,jl,jl
4251,52,16,3.25,cone,cone
4252,36,19,1.894736842105263,cone,cone
4253,29,12,2.4166666666666665,cone,jl
4254,27,22,1.2272727272727273,cone,cone
4255,18,17,1.0588235294117647,collision,collision
4256,118,16,7.375,cone,jl
4257,9,5,1.8,jl,jl
4258,6,1,6.0,jl,jl
4259,22,13,1.6923076923076923,cone,jl
4260,64,17,3.764705882352941,cone,cone
4261,39,4,9.75,jl,jl
4262,20,3,6.666666666666667,cone,collision
4263,67,2,33.5,cone,jl
4264,14,17,0.8235294117647058,jl,jl
4265,74,24,3.0833333333333335,cone,jl
4266,74,12,6.166666666666667,cone,jl
4267,24,16,1.5,cone,jl
4268,52,47,1.1063829787234043,cone,cone
4269,17,12,1.4166666666666667,cone,jl
4270,46,27,1.7037037037037037,cone,jl
4271,140,23,6.086956521739131,jl,cone
4272,20,18,1.1111111111111112,cone,cone
4273,7,2,3.5,jl,jl
4274,40,41,0.975609756097561,lateral,lateral
4275,29,16,1.8125,cone,jl
4276,30,6,5.0,cone,jl
4277,50,6,8.333333333333334,cone,jl
4278,21,8,2.625,cone,jl
4279,25,8,3.125,jl,jl
4280,36,29,1.2413793103448276,cone,cone
4281,20,18,1.1111111111111112,cone,jl
4282,34,29,1.1724137931034482,cone,cone
4283,25,16,1.5625,cone,jl
4284,42,16,2.625,lateral,jl
4285,13,13,1.0,jl,jl
4286,49,34,1.4411764705882353,cone,cone
4287,87,16,5.4375,cone,cone
4288,19,16,1.1875,cone,jl
4289,3,1,3.0,jl,jl
4290,65,35,1.8571428571428572,cone,jl
4291,72,32,2.25,jl,jl
4292,30,25,1.2,cone,cone
4293,21,17,1.2352941176470589,cone,jl
4294,31,11,2.8181818181818183,jl,jl
4295,31,11,2.8181818181818183,jl,jl
4296,8,3,2.6666666666666665,jl,jl
4297,36,34,1.0588235294117647,cone,cone
4298,15,10,1.5,cone,jl
4299,73,59,1.2372881355932204,cone,cone
4300,33,24,1.375,jl,cone
4301,51,27,1.8888888888888888,cone,cone
4302,123,24,5.125,cone,cone
4303,19,7,2.7142857142857144,cone,jl
4304,42,13,3.230769230769231,cone,jl
4305,31,30,1.0333333333333334,lateral,lateral
4306,10,31,0.3225806451612903,collision,cone
4307,45,26,1.7307692307692308,jl,cone
4308,33,29,1.1379310344827587,lateral,jl
4309,51,2,25.5,jl,jl
4310,12,12,1.0,cone,cone
4311,52,20,2.6,cone,cone
4312,32,16,2.0,cone,cone
4313,65,3,21.666666666666668,jl,jl
4314,74,24,3.0833333333333335,cone,jl
4315,59,18,3.2777777777777777,cone,cone
4316,21,7,3.0,collision,jl
4317,35,22,1.5909090909090908,cone,cone
4318,50,34,1.4705882352941178,cone,cone
4319,14,7,2.0,cone,jl
4320,47,18,2.611111111111111,jl,jl
4321,45,30,1.5,jl,jl
4322,12,12,1.0,lateral,lateral
4323,18,17,1.0588235294117647,jl,cone
4324,99,3,33.0,cone,jl
4325,41,20,2.05,cone,cone
4326,19,11,1.7272727272727273,cone,jl
4327,77,25,3.08,cone,cone
4328,41,15,2.7333333333333334,cone,jl
4329,73,47,1.553191489361702,lateral,cone
4330,13,12,1.0833333333333333,collision,collision
4331,46,30,1.5333333333333334,cone,cone
4332,34,22,1.5454545454545454,lateral,jl
4333,31,24,1.2916666666666667,cone,cone
4334,43,24,1.7916666666666667,jl,jl
4335,17,6,2.8333333333333335,jl,jl
4336,37,26,1.4230769230769231,cone,cone
4337,37,35,1.0571428571428572,cone,cone
4338,24,21,1.1428571428571428,cone,jl
4339,105,5,21.0,cone,jl
4340,24,18,1.3333333333333333,cone,cone
4341,46,26,1.7692307692307692,jl,cone
4342,28,16,1.75,cone,cone
4343,33,27,1.2222222222222223,cone,cone
4344,60,32,1.875,cone,cone
4345,35,20,1.75,cone,cone
4346,76,27,2.814814814814815,cone,cone
4347,44,16,2.75,lateral,jl
4348,55,14,3.9285714285714284,jl,jl
4349,47,47,1.0,lateral,lateral
4350,72,16,4.5,cone,jl
4351,29,27,1.0740740740740742,cone,cone
4352,17,8,2.125,cone,jl
4353,48,10,4.8,lateral,jl
4354,41,38,1.0789473684210527,cone,cone
4355,46,32,1.4375,cone,jl
4356,47,39,1.205128205128205,cone,cone
4357,67,32,2.09375,cone,cone
4358,57,28,2.0357142857142856,jl,jl
4359,49,32,1.53125,cone,cone
4360,21,22,0.9545454545454546,cone,cone
4361,70,15,4.666666666666667,cone,cone
4362,34,22,1.5454545454545454,jl,cone
4363,66,49,1.346938775510204,cone,jl
4364,67,17,3.9411764705882355,cone,jl
4365,25,12,2.0833333333333335,cone,jl
4366,18,12,1.5,cone,jl
4367,38,16,2.375,cone,cone
4368,67,16,4.1875,cone,jl
4369,36,4,9.0,cone,jl
4370,23,6,3.8333333333333335,collision,collision
4371,27,22,1.2272727272727273,cone,cone
4372,81,43,1.8837209302325582,cone,cone
4373,36,7,5.142857142857143,jl,jl
4374,42,28,1.5,lateral,jl
4375,53,6,8.833333333333334,cone,jl
4376,42,2,21.0,jl,jl
4377,57,48,1.1875,cone,jl
4378,76,28,2.7142857142857144,cone,cone
4379,37,32,1.15625,lateral,cone
4380,15,15,1.0,cone,cone
4381,97,59,1.6440677966101696,cone,cone
4382,80,6,13.333333333333334,cone,jl
4383,118,14,8.428571428571429,cone,cone
4384,26,4,6.5,cone,collision
4385,69,38,1.8157894736842106,cone,cone
4386,20,32,0.625,cone,jl
4387,22,22,1.0,cone,cone
4388,57,22,2.590909090909091,cone,cone
4389,32,47,0.6808510638297872,cone,collision
4390,20,19,1.0526315789473684,cone,cone
4391,44,20,2.2,cone,cone
4392,41,26,1.5769230769230769,cone,cone
4393,20,2,10.0,cone,jl
4394,43,5,8.6,cone,jl
4395,84,30,2.8,jl,cone
4396,43,19,2.263157894736842,jl,jl
4397,46,38,1.2105263157894737,cone,cone
4398,63,3,21.0,cone,jl
4399,21,7,3.0,jl,jl
4400,32,31,1.032258064516129,lateral,lateral
4401,1,1,1.0,jl,jl
4402,22,1,22.0,jl,jl
4403,39,16,2.4375,cone,jl
4404,23,18,1.2777777777777777,collision,collision
4405,46,27,1.7037037037037037,jl,jl
4406,18,9,2.0,cone,jl
4407,42,17,2.4705882352941178,lateral,jl
4408,29,10,2.9,cone,jl
4409,44,11,4.0,cone,jl
4410,71,50,1.42,cone,jl
4411,23,9,2.5555555555555554,collision,jl
4412,16,3,5.333333333333333,cone,jl
4413,45,21,2.142857142857143,lateral,jl
4414,18,28,0.6428571428571429,cone,cone
4415,22,20,1.1,cone,cone
4416,25,22,1.1363636363636365,lateral,cone
4417,63,31,2.032258064516129,cone,cone
4418,32,27,1.1851851851851851,lateral,cone
4419,26,23,1.1304347826086956,cone,cone
4420,59,31,1.903225806451613,jl,cone
4421,53,37,1.4324324324324325,cone,cone
4422,98,29,3.3793103448275863,cone,cone
4423,70,48,1.4583333333333333,cone,cone
4424,23,12,1.9166666666666667,jl,jl
4425,19,12,1.5833333333333333,cone,jl
4426,67,26,2.576923076923077,cone,jl
4427,82,29,2.8275862068965516,jl,cone
4428,15,18,0.8333333333333334,jl,cone
4429,5,3,1.6666666666666667,jl,jl
4430,63,21,3.0,cone,jl
4431,43,12,3.5833333333333335,lateral,jl
4432,26,16,1.625,cone,collision
4433,22,19,1.1578947368421053,cone,cone
4434,39,18,2.1666666666666665,cone,cone
4435,30,25,1.2,cone,cone
4436,28,10,2.8,jl,jl
4437,27,9,3.0,jl,jl
4438,30,19,1.5789473684210527,cone,cone
4439,18,18,1.0,cone,cone
4440,79,23,3.4347826086956523,jl,jl
4441,65,9,7.222222222222222,cone,jl
4442,26,39,0.6666666666666666,jl,jl
4443,15,6,2.5,jl,jl
4444,84,51,1.6470588235294117,cone,jl
4445,75,17,4.411764705882353,cone,jl
4446,49,29,1.6896551724137931,cone,jl
4447,45,7,6.428571428571429,cone,jl
4448,54,48,1.125,cone,cone
4449,61,23,2.652173913043478,jl,jl
4450,21,17,1.2352941176470589,cone,cone
4451,23,22,1.0454545454545454,cone,cone
4452,37,6,6.166666666666667,jl,jl
4453,79,8,9.875,cone,jl
4454,60,36,1.6666666666666667,cone,cone
4455,45,2,22.5,cone,jl
4456,10,3,3.3333333333333335,collision,jl
4457,28,29,0.9655172413793104,lateral,lateral
4458,81,32,2.53125,lateral,cone
4459,17,11,1.5454545454545454,lateral,jl
4460,53,19,2.789473684210526,cone,cone
4461,26,7,3.7142857142857144,collision,jl
4462,39,20,1.95,cone,cone
4463,27,10,2.7,jl,jl
4464,53,42,1.2619047619047619,cone,cone
4465,44,13,3.3846153846153846,cone,jl
4466,1,1,1.0,jl,jl
4467,56,32,1.75,cone,cone
4468,15,14,1.0714285714285714,lateral,lateral
4469,23,14,1.6428571428571428,cone,jl
4470,33,22,1.5,lateral,cone
4471,31,24,1.2916666666666667,cone,jl
4472,12,14,0.8571428571428571,jl,jl
4473,15,12,1.25,cone,jl
4474,10,10,1.0,lateral,lateral
4475,12,12,1.0,jl,jl
4476,42,24,1.75,cone,cone
4477,72,50,1.44,cone,cone
4478,26,22,1.1818181818181819,cone,jl
4479,42,18,2.3333333333333335,jl,jl
4480,8,7,1.1428571428571428,collision,collision
4481,23,73,0.3150684931506849,cone,collision
4482,24,10,2.4,jl,jl
4483,18,10,1.8,cone,jl
4484,33,17,1.9411764705882353,jl,cone
4485,35,28,1.25,cone,cone
4486,47,20,2.35,jl,jl
4487,23,21,1.0952380952380953,cone,cone
4488,25,20,1.25,cone,cone
4489,106,28,3.7857142857142856,cone,cone
4490,27,24,1.125,cone,cone
4491,56,25,2.24,cone,jl
4492,17,10,1.7,cone,jl
4493,7,29,0.2413793103448276,jl,cone
4494,20,28,0.7142857142857143,jl,cone
4495,23,23,1.0,cone,cone
4496,23,10,2.3,cone,jl
4497,29,22,1.3181818181818181,jl,jl
4498,10,13,0.7692307692307693,jl,cone
4499,11,11,1.0,collision,collision
4500,23,9,2.5555555555555554,cone,jl
4501,104,13,8.0,cone,cone
4502,1,1,1.0,jl,jl
4503,101,22,4.590909090909091,cone,cone
4504,25,21,1.1904761904761905,cone,cone
4505,42,28,1.5,jl,cone
4506,35,8,4.375,cone,jl
4507,25,12,2.0833333333333335,jl,jl
4508,83,62,1.3387096774193548,jl,cone
4509,22,25,0.88,cone,jl
4510,16,16,1.0,lateral,lateral
4511,75,22,3.409090909090909,cone,jl
4512,40,25,1.6,cone,cone
4513,34,24,1.4166666666666667,cone,jl
4514,55,54,1.0185185185185186,lateral,lateral
4515,26,19,1.368421052631579,lateral,jl
4516,82,3,27.333333333333332,cone,jl
4517,7,8,0.875,jl,jl
4518,12,9,1.3333333333333333,jl,jl
4519,52,11,4.7272727272727275,cone,jl
4520,24,16,1.5,cone,cone
4521,20,16,1.25,cone,cone
4522,57,22,2.590909090909091,jl,jl
4523,32,23,1.391304347826087,cone,cone
4524,15,13,1.1538461538461537,cone,jl
4525,77,3,25.666666666666668,cone,jl
4526,61,16,3.8125,cone,jl
4527,79,49,1.6122448979591837,cone,cone
4528,57,22,2.590909090909091,cone,cone
4529,35,22,1.5909090909090908,cone,jl
4530,49,38,1.2894736842105263,cone,cone
4531,86,34,2.5294117647058822,cone,cone
4532,106,28,3.7857142857142856,cone,cone
4533,7,6,1.1666666666666667,jl,jl
4534,40,31,1.2903225806451613,lateral,cone
4535,55,19,2.8947368421052633,cone,jl
4536,84,14,6.0,cone,jl
4537,17,16,1.0625,lateral,lateral
4538,19,19,1.0,lateral,lateral
4539,22,22,1.0,lateral,lateral
4540,12,12,1.0,lateral,lateral
4541,26,19,1.368421052631579,cone,cone
4542,44,27,1.6296296296296295,cone,cone
4543,21,21,1.0,cone,cone
4544,60,30,2.0,cone,jl
4545,71,19,3.736842105263158,cone,cone
4546,35,10,3.5,lateral,jl
4547,86,24,3.5833333333333335,cone,cone
4548,21,18,1.1666666666666667,cone,cone
4549,20,13,1.5384615384615385,cone,jl
4550,21,6,3.5,jl,jl
4551,48,27,1.7777777777777777,cone,cone
4552,21,6,3.5,cone,jl
4553,13,10,1.3,jl,jl
4554,3,3,1.0,jl,jl
4555,55,20,2.75,cone,jl
4556,64,33,1.9393939393939394,jl,jl
4557,48,15,3.2,cone,cone
4558,65,57,1.1403508771929824,cone,cone
4559,49,36,1.3611111111111112,cone,jl
4560,87,16,5.4375,cone,cone
4561,49,10,4.9,cone,jl
4562,14,5,2.8,jl,jl
4563,41,33,1.2424242424242424,cone,jl
4564,18,12,1.5,lateral,jl
4565,42,32,1.3125,jl,cone
4566,31,29,1.0689655172413792,lateral,cone
4567,36,23,1.565217391304348,cone,cone
4568,73,17,4.294117647058823,collision,cone
4569,48,36,1.3333333333333333,cone,cone
4570,36,40,0.9,cone,jl
4571,30,5,6.0,cone,jl
4572,80,47,1.702127659574468,cone,jl
4573,40,22,1.8181818181818181,cone,jl
4574,55,45,1.2222222222222223,jl,jl
4575,22,22,1.0,lateral,lateral
4576,22,23,0.9565217391304348,lateral,cone
4577,27,27,1.0,lateral,lateral
4578,49,22,2.227272727272727,cone,cone
4579,48,46,1.0434782608695652,cone,cone
4580,61,19,3.210526315789474,jl,cone
4581,14,3,4.666666666666667,jl,jl
4582,26,20,1.3,cone,cone
4583,32,6,5.333333333333333,jl,jl
4584,78,13,6.0,cone,jl
4585,17,12,1.4166666666666667,lateral,jl
4586,21,20,1.05,cone,cone
4587,107,11,9.727272727272727,cone,jl
4588,50,20,2.5,cone,cone
4589,30,19,1.5789473684210527,cone,cone
4590,36,4,9.0,cone,jl
4591,37,27,1.3703703703703705,jl,jl
4592,43,24,1.7916666666666667,cone,cone
4593,36,24,1.5,jl,jl
4594,78,8,9.75,cone,jl
4595,13,13,1.0,lateral,lateral
4596,69,30,2.3,cone,cone
4597,26,11,2.3636363636363638,cone,jl
4598,43,29,1.4827586206896552,cone,cone
4599,24,7,3.4285714285714284,cone,collision
4600,53,25,2.12,cone,jl
4601,26,18,1.4444444444444444,cone,cone
4602,35,9,3.888888888888889,cone,jl
4603,40,12,3.3333333333333335,cone,jl
4604,73,55,1.3272727272727274,jl,collision
4605,40,26,1.5384615384615385,cone,cone
4606,19,18,1.0555555555555556,cone,cone
4607,22,52,0.4230769230769231,jl,jl
4608,63,35,1.8,cone,jl
4609,26,22,1.1818181818181819,lateral,cone
4610,95,28,3.392857142857143,jl,cone
4611,29,22,1.3181818181818181,cone,cone
4612,13,13,1.0,jl,jl
4613,27,27,1.0,lateral,lateral
4614,79,4,19.75,cone,jl
4615,57,22,2.590909090909091,cone,cone
4616,14,14,1.0,lateral,lateral
4617,88,19,4.631578947368421,cone,jl
4618,27,10,2.7,cone,jl
4619,24,10,2.4,jl,jl
4620,22,24,0.9166666666666666,cone,cone
4621,11,10,1.1,jl,jl
4622,39,16,2.4375,lateral,jl
4623,25,30,0.8333333333333334,cone,cone
4624,27,25,1.08,jl,jl
4625,6,2,3.0,jl,jl
4626,49,2,24.5,cone,jl
4627,10,10,1.0,jl,jl
4628,70,47,1.4893617021276595,lateral,jl
4629,21,21,1.0,lateral,lateral
4630,61,29,2.103448275862069,cone,cone
4631,75,18,4.166666666666667,cone,jl
4632,117,18,6.5,jl,cone
4633,25,14,1.7857142857142858,lateral,jl
4634,77,10,7.7,cone,jl
4635,47,5,9.4,cone,jl
4636,17,17,1.0,cone,cone
4637,38,19,2.0,jl,cone
4638,24,17,1.411764705882353,cone,jl
4639,19,19,1.0,lateral,lateral
4640,54,10,5.4,cone,jl
4641,24,13,1.8461538461538463,cone,cone
4642,6,3,2.0,jl,jl
4643,18,17,1.0588235294117647,cone,cone
4644,67,36,1.8611111111111112,lateral,jl
4645,55,30,1.8333333333333333,cone,cone
4646,14,14,1.0,cone,cone
4647,91,37,2.4594594594594597,cone,cone
4648,42,13,3.230769230769231,jl,jl
4649,35,18,1.9444444444444444,jl,jl
4650,49,36,1.3611111111111112,cone,cone
4651,18,19,0.9473684210526315,cone,cone
4652,25,18,1.3888888888888888,jl,cone
4653,38,20,1.9,jl,cone
4654,74,36,2.0555555555555554,cone,cone
4655,1,6,0.16666666666666666,jl,jl
4656,32,10,3.2,jl,jl
4657,29,49,0.5918367346938775,jl,jl
4658,65,29,2.2413793103448274,cone,jl
4659,68,26,2.6153846153846154,jl,cone
4660,11,5,2.2,jl,jl
4661,26,8,3.25,lateral,jl
4662,25,25,1.0,lateral,lateral
4663,21,22,0.9545454545454546,cone,cone
4664,101,26,3.8846153846153846,cone,cone
4665,28,18,1.5555555555555556,cone,cone
4666,29,23,1.2608695652173914,jl,cone
4667,48,24,2.0,lateral,cone
4668,63,83,0.7590361445783133,cone,cone
4669,52,51,1.0196078431372548,cone,cone
4670,43,24,1.7916666666666667,jl,cone
4671,12,11,1.0909090909090908,cone,cone
4672,72,8,9.0,jl,jl
4673,42,7,6.0,cone,jl
4674,23,23,1.0,cone,cone
4675,19,7,2.7142857142857144,jl,jl
4676,1,1,1.0,jl,jl
4677,18,18,1.0,lateral,lateral
4678,36,17,2.1176470588235294,jl,jl
4679,24,23,1.0434782608695652,cone,cone
4680,14,14,1.0,cone,cone
4681,58,20,2.9,lateral,cone
4682,27,27,1.0,lateral,lateral
4683,67,14,4.785714285714286,collision,cone
4684,48,25,1.92,cone,cone
4685,33,21,1.5714285714285714,jl,jl
4686,109,27,4.037037037037037,lateral,cone
4687,16,7,2.2857142857142856,jl,jl
4688,91,33,2.757575757575758,cone,cone
4689,36,16,2.25,jl,jl
4690,8,6,1.3333333333333333,jl,jl
4691,49,19,2.5789473684210527,cone,jl
4692,67,13,5.153846153846154,jl,jl
4693,18,17,1.0588235294117647,cone,cone
4694,31,11,2.8181818181818183,jl,jl
4695,20,12,1.6666666666666667,jl,jl
4696,51,8,6.375,lateral,jl
4697,13,10,1.3,collision,collision
4698,49,27,1.8148148148148149,cone,cone
4699,63,7,9.0,cone,jl
4700,51,12,4.25,cone,jl
4701,13,14,0.9285714285714286,lateral,lateral
4702,15,1,15.0,cone,jl
4703,34,18,1.8888888888888888,cone,cone
4704,45,36,1.25,cone,cone
4705,63,26,2.423076923076923,cone,cone
4706,43,24,1.7916666666666667,lateral,jl
4707,16,16,1.0,lateral,lateral
4708,90,34,2.6470588235294117,cone,cone
4709,49,11,4.454545454545454,cone,collision
4710,24,5,4.8,cone,jl
4711,55,10,5.5,cone,jl
4712,48,24,2.0,cone,jl
4713,14,14,1.0,lateral,lateral
4714,26,17,1.5294117647058822,cone,cone
4715,70,25,2.8,cone,cone
4716,14,13,1.0769230769230769,jl,jl
4717,26,1,26.0,lateral,jl
4718,69,17,4.0588235294117645,cone,jl
4719,35,22,1.5909090909090908,cone,jl
4720,18,19,0.9473684210526315,cone,cone
4721,19,6,3.1666666666666665,collision,collision
4722,17,17,1.0,cone,cone
4723,70,21,3.3333333333333335,cone,jl
4724,34,45,0.7555555555555555,jl,jl
4725,24,19,1.263157894736842,cone,jl
4726,87,4,21.75,cone,jl
4727,55,8,6.875,lateral,jl
4728,11,12,0.9166666666666666,cone,cone
4729,83,29,2.8620689655172415,cone,cone
4730,49,18,2.7222222222222223,cone,jl
4731,68,1,68.0,cone,jl
4732,27,25,1.08,cone,cone
4733,110,16,6.875,cone,cone
4734,26,22,1.1818181818181819,cone,cone
4735,5,21,0.23809523809523808,jl,cone
4736,11,12,0.9166666666666666,jl,jl
4737,36,36,1.0,lateral,lateral
4738,29,28,1.0357142857142858,cone,cone
4739,113,21,5.380952380952381,cone,cone
4740,76,42,1.8095238095238095,cone,cone
4741,28,7,4.0,jl,jl
4742,17,7,2.4285714285714284,jl,jl
4743,37,30,1.2333333333333334,lateral,cone
4744,99,26,3.8076923076923075,jl,jl
4745,14,14,1.0,jl,jl
4746,35,17,2.0588235294117645,cone,jl
4747,21,20,1.05,cone,cone
4748,34,16,2.125,jl,jl
4749,51,17,3.0,cone,collision
4750,33,22,1.5,cone,cone
4751,47,22,2.1363636363636362,cone,cone
4752,43,38,1.131578947368421,lateral,cone
4753,45,32,1.40625,jl,jl
4754,25,23,1.0869565217391304,cone,cone
4755,26,19,1.368421052631579,cone,cone
4756,80,8,10.0,lateral,jl
4757,47,19,2.473684210526316,jl,jl
4758,15,12,1.25,jl,jl
4759,18,19,0.9473684210526315,lateral,lateral
4760,17,3,5.666666666666667,cone,jl
4761,31,32,0.96875,cone,cone
4762,40,38,1.0526315789473684,cone,cone
4763,25,17,1.4705882352941178,jl,jl
4764,45,19,2.3684210526315788,cone,jl
4765,50,25,2.0,cone,cone
4766,62,39,1.5897435897435896,lateral,jl
4767,21,19,1.105263157894737,cone,cone
4768,46,22,2.090909090909091,cone,cone
4769,46,20,2.3,cone,jl
4770,32,20,1.6,cone,cone
4771,52,40,1.3,cone,cone
4772,52,27,1.9259259259259258,cone,cone
4773,14,15,0.9333333333333333,lateral,lateral
4774,34,17,2.0,jl,jl
4775,37,7,5.285714285714286,cone,jl
4776,14,15,0.9333333333333333,lateral,lateral
4777,58,19,3.0526315789473686,cone,jl
4778,25,23,1.0869565217391304,cone,cone
4779,37,13,2.8461538461538463,cone,jl
4780,51,23,2.217391304347826,cone,jl
4781,52,8,6.5,cone,jl
4782,77,43,1.7906976744186047,cone,cone
4783,25,15,1.6666666666666667,cone,jl
4784,44,4,11.0,cone,jl
4785,57,46,1.2391304347826086,cone,cone
4786,47,6,7.833333333333333,jl,jl
4787,115,14,8.214285714285714,jl,jl
4788,27,12,2.25,cone,jl
4789,47,43,1.0930232558139534,lateral,cone
4790,20,1,20.0,cone,jl
4791,74,26,2.8461538461538463,cone,jl
4792,24,23,1.0434782608695652,lateral,lateral
4793,97,43,2.255813953488372,cone,cone
4794,65,16,4.0625,cone,cone
4795,65,10,6.5,cone,jl
4796,39,13,3.0,cone,jl
4797,35,2,17.5,cone,jl
4798,21,27,0.7777777777777778,cone,cone
4799,26,3,8.666666666666666,cone,jl
4800,39,28,1.3928571428571428,cone,jl
4801,59,16,3.6875,cone,cone
4802,19,17,1.1176470588235294,cone,cone
4803,85,13,6.538461538461538,lateral,jl
4804,12,9,1.3333333333333333,jl,jl
4805,38,31,1.2258064516129032,lateral,jl
4806,48,17,2.823529411764706,cone,jl
4807,13,9,1.4444444444444444,jl,jl
4808,61,26,2.3461538461538463,cone,jl
4809,48,38,1.263157894736842,jl,cone
4810,30,23,1.3043478260869565,cone,cone
4811,40,24,1.6666666666666667,cone,cone
4812,41,22,1.8636363636363635,cone,cone
4813,91,28,3.25,cone,jl
4814,108,22,4.909090909090909,jl,jl
4815,75,9,8.333333333333334,jl,jl
4816,40,21,1.9047619047619047,jl,jl
4817,60,25,2.4,jl,jl
4818,51,8,6.375,cone,jl
4819,56,62,0.9032258064516129,cone,lateral
4820,44,25,1.76,jl,jl
4821,91,64,1.421875,cone,jl
4822,69,7,9.857142857142858,cone,jl
4823,53,46,1.1521739130434783,jl,jl
4824,51,31,1.6451612903225807,cone,cone
4825,17,3,5.666666666666667,jl,jl
4826,25,27,0.9259259259259259,jl,jl
4827,30,30,1.0,cone,cone
4828,85,13,6.538461538461538,cone,jl
4829,18,18,1.0,jl,collision
4830,14,33,0.42424242424242425,jl,jl
4831,26,18,1.4444444444444444,cone,cone
4832,25,20,1.25,cone,cone
4833,25,27,0.9259259259259259,cone,cone
4834,9,13,0.6923076923076923,jl,jl
4835,27,17,1.588235294117647,cone,jl
4836,22,12,1.8333333333333333,jl,jl
4837,108,8,13.5,cone,jl
4838,45,11,4.090909090909091,cone,jl
4839,19,19,1.0,cone,cone
4840,36,8,4.5,cone,cone
4841,27,34,0.7941176470588235,jl,jl
4842,61,27,2.259259259259259,cone,cone
4843,29,27,1.0740740740740742,cone,cone
4844,21,19,1.105263157894737,cone,cone
4845,63,57,1.105263157894737,cone,cone
4846,42,33,1.2727272727272727,cone,jl
4847,29,7,4.142857142857143,jl,jl
4848,55,32,1.71875,lateral,cone
4849,40,19,2.1052631578947367,cone,cone
4850,12,5,2.4,jl,jl
4851,14,14,1.0,cone,cone
4852,12,4,3.0,cone,jl
4853,58,1,58.0,cone,jl
4854,84,31,2.7096774193548385,cone,cone
4855,14,5,2.8,jl,collision
4856,22,18,1.2222222222222223,cone,cone
4857,15,14,1.0714285714285714,jl,jl
4858,53,29,1.8275862068965518,cone,jl
4859,28,1,28.0,jl,jl
4860,66,41,1.6097560975609757,cone,cone
4861,42,14,3.0,cone,jl
4862,35,2,17.5,cone,jl
4863,37,34,1.088235294117647,cone,cone
4864,29,24,1.2083333333333333,cone,cone
4865,51,43,1.186046511627907,cone,cone
4866,64,14,4.571428571428571,cone,jl
4867,67,30,2.2333333333333334,cone,cone
4868,33,4,8.25,cone,jl
4869,18,6,3.0,cone,jl
4870,58,20,2.9,cone,jl
4871,76,15,5.066666666666666,cone,jl
4872,27,24,1.125,cone,cone
4873,17,15,1.1333333333333333,jl,jl
4874,55,6,9.166666666666666,jl,jl
4875,49,12,4.083333333333333,cone,jl
4876,12,11,1.0909090909090908,cone,cone
4877,20,16,1.25,jl,jl
4878,27,30,0.9,jl,jl
4879,10,6,1.6666666666666667,jl,jl
4880,19,3,6.333333333333333,jl,jl
4881,86,22,3.909090909090909,lateral,cone
4882,50,6,8.333333333333334,jl,jl
4883,24,9,2.6666666666666665,jl,jl
4884,103,6,17.166666666666668,cone,jl
4885,15,14,1.0714285714285714,cone,cone
4886,19,4,4.75,cone,collision
4887,93,18,5.166666666666667,cone,cone
4888,60,8,7.5,cone,jl
4889,99,3,33.0,cone,jl
4890,87,16,5.4375,cone,cone
4891,37,19,1.9473684210526316,cone,cone
4892,20,1,20.0,cone,jl
4893,9,11,0.8181818181818182,jl,jl
4894,43,38,1.131578947368421,cone,cone
4895,28,9,3.111111111111111,cone,jl
4896,13,13,1.0,cone,cone
4897,73,3,24.333333333333332,cone,jl
4898,58,19,3.0526315789473686,cone,cone
4899,34,3,11.333333333333334,jl,jl
4900,84,5,16.8,cone,jl
4901,19,11,1.7272727272727273,jl,jl
4902,14,14,1.0,cone,cone
4903,52,11,4.7272727272727275,jl,jl
4904,9,10,0.9,jl,jl
4905,48,27,1.7777777777777777,cone,cone
4906,77,39,1.9743589743589745,cone,jl
4907,46,17,2.7058823529411766,cone,jl
4908,74,21,3.5238095238095237,cone,jl
4909,8,21,0.38095238095238093,jl,jl
4910,13,13,1.0,jl,jl
4911,22,22,1.0,cone,cone
4912,26,10,2.6,cone,jl
4913,20,17,1.1764705882352942,jl,jl
4914,28,16,1.75,cone,cone
4915,25,20,1.25,cone,cone
4916,84,77,1.0909090909090908,cone,jl
4917,51,7,7.285714285714286,cone,jl
4918,24,23,1.0434782608695652,cone,cone
4919,17,1,17.0,cone,jl
4920,54,6,9.0,jl,jl
4921,22,20,1.1,cone,cone
4922,103,90,1.1444444444444444,cone,cone
4923,96,35,2.742857142857143,jl,cone
4924,31,24,1.2916666666666667,cone,jl
4925,21,19,1.105263157894737,cone,cone
4926,35,34,1.0294117647058822,cone,cone
4927,24,16,1.5,cone,jl
4928,26,22,1.1818181818181819,cone,cone
4929,22,22,1.0,cone,cone
4930,13,12,1.0833333333333333,cone,cone
4931,57,30,1.9,cone,cone
4932,4,3,1.3333333333333333,jl,jl
4933,34,15,2.2666666666666666,cone,jl
4934,75,28,2.6785714285714284,jl,jl
4935,29,16,1.8125,jl,jl
4936,122,34,3.588235294117647,cone,cone
4937,60,9,6.666666666666667,jl,jl
4938,67,25,2.68,cone,cone
4939,93,25,3.72,cone,jl
4940,39,11,3.5454545454545454,cone,jl
4941,32,19,1.6842105263157894,jl,jl
4942,75,13,5.769230769230769,cone,cone
4943,69,7,9.857142857142858,cone,jl
4944,11,9,1.2222222222222223,jl,jl
4945,20,8,2.5,cone,jl
4946,43,24,1.7916666666666667,cone,cone
4947,45,38,1.1842105263157894,jl,cone
4948,41,4,10.25,jl,jl
4949,12,5,2.4,jl,jl
4950,60,56,1.0714285714285714,cone,jl
4951,78,26,3.0,cone,cone
4952,53,40,1.325,cone,jl
4953,23,14,1.6428571428571428,jl,cone
4954,19,10,1.9,lateral,jl
4955,48,23,2.0869565217391304,cone,cone
4956,27,23,1.173913043478261,jl,cone
4957,45,8,5.625,jl,jl
4958,20,18,1.1111111111111112,cone,cone
4959,47,42,1.119047619047619,cone,cone
4960,17,7,2.4285714285714284,collision,collision
4961,92,29,3.1724137931034484,jl,cone
4962,89,10,8.9,cone,jl
4963,39,4,9.75,cone,jl
4964,27,16,1.6875,cone,cone
4965,82,13,6.3076923076923075,cone,jl
4966,14,9,1.5555555555555556,jl,jl
4967,65,28,2.3214285714285716,cone,jl
4968,79,35,2.257142857142857,cone,jl
4969,16,8,2.0,jl,jl
4970,13,18,0.7222222222222222,jl,jl
4971,22,21,1.0476190476190477,cone,cone
4972,36,20,1.8,lateral,jl
4973,65,6,10.833333333333334,cone,jl
4974,24,24,1.0,cone,cone
4975,125,18,6.944444444444445,cone,cone
4976,18,7,2.5714285714285716,jl,jl
4977,17,11,1.5454545454545454,cone,jl
4978,33,53,0.6226415094339622,jl,lateral
4979,12,2,6.0,jl,jl
4980,67,19,3.526315789473684,cone,jl
4981,118,40,2.95,cone,cone
4982,53,8,6.625,jl,jl
4983,23,23,1.0,cone,cone
4984,57,36,1.5833333333333333,lateral,cone
4985,54,4,13.5,lateral,jl
4986,50,30,1.6666666666666667,cone,cone
4987,20,72,0.2777777777777778,cone,jl
4988,25,23,1.0869565217391304,cone,cone
4989,59,25,2.36,lateral,cone
4990,44,37,1.1891891891891893,cone,jl
4991,64,63,1.0158730158730158,lateral,lateral
4992,14,10,1.4,collision,collision
4993,4,2,2.0,jl,jl
4994,65,16,4.0625,cone,cone
4995,12,12,1.0,lateral,lateral
4996,119,35,3.4,cone,cone
4997,19,3,6.333333333333333,cone,jl
4998,86,8,10.75,cone,jl
4999,61,14,4.357142857142857,cone,jl
